sha256,dex_date,apk_size,pkg_name,vercode,vt_detection,dex_size,added,markets
0000FEFA0D476ADE01D3A98EAC23DC1EC1A621BC437B46AEAB7C65DF23D0A12B,1981-01-01 01:01:02,17055982,com.bae.mirax,3,3,247668,2025-08-29 07:08:54.376392,play.google.com
0082CB0ADD9F8ECB24504511F4B548E37DE881CA4A30E71E2D0FB21487665247,1980-01-01 00:00:00,28432686,com.fibrum.skyrunnersvr,11,9,932992,2025-09-07 13:37:05.287799,play.google.com
00C86817C1CFF31CF001A71B312D98C66D5E2FE9459129D374BAC46E67DF41D0,1981-01-01 01:01:02,5641788,com.my.moqtasar.ahkamm213.alsalla313,200,3,247668,2025-10-18 23:34:12.280400,play.google.com
0130513780F90AF8AF096F4C5E07618F8912BE060C409D34AEB5821F11348BCE,1981-01-01 01:01:02,18688125,com.idnrs.shop,4,3,9335480,2025-10-14 12:01:25.547952,play.google.com
013B01F4AB9661BC53F76498B27F3AC44DF9AB3EC0EA34C5BBB28BA9E5C56308,1981-01-01 01:01:02,32982366,com.chipster.crunch,70202,7,8203856,2025-09-26 03:02:38.200588,play.google.com
0141A8556B500B8C9A709F062675DCFCC0BD51B89147C62C963F902B2B2610F0,1981-01-01 01:01:02,21465714,com.trackerapps.whatsaptracker,37,20,8563416,2025-08-09 11:16:14.122249,play.google.com
0141AE2CC301A1F902A577D8A4A8B0ABFC4E5962068BA1D4CD4B68FDB3F103E4,1981-01-01 01:01:02,143251348,air.com.playtika.slotomania,771063220,3,9366544,2025-08-05 17:05:36.301895,play.google.com
0142E8BCDF354D88308DE7742C7191C8A8531CE38647C4A1EADAED4D27E87D49,1981-01-01 01:01:02,89618112,com.slbazer.craftsman5,972000070,6,4873332,2025-08-08 00:29:38.816448,play.google.com
014EC18790D6CAC0C662A4BB8490A2ECAC222314831BBAF423FF3690BD8F23BC,1981-01-01 01:01:02,27451947,in.hanafintech,69,4,50383064,2025-06-04 10:26:52.653422,play.google.com
015CC5798DB78E6695A7D991D62A60FDA645915DA6AEA546AB7ABA0980FAF692,1981-01-01 01:01:02,8189501,com.my.nadhraat313.islamia313.hoqook313,200,4,247668,2025-06-02 16:36:41.652654,play.google.com
016364BED3DD86E06D2E0EDA67F73D8DD9EB407CA1BD81C35707E0AF06CB6A4B,1981-01-01 01:01:02,2320942,com.hoptodesk.app,109,3,3925664,2026-01-05 07:32:14.456444,play.google.com
0177C5F92BE1F90AB7258B06C892B6F9D62BCD2BA23B025B8AE0B2195B37D253,2024-10-21 10:48:26,24820167,com.medtrum.easyfollowforandroidmmol,112,3,10020564,2025-10-03 20:18:54.543130,play.google.com
01882CA25AF5FD7150AF5C565B485C0B358FE9741538EA49513583B24CDAB87C,1981-01-01 01:01:02,9617274,com.fsscard.fsscard,209,3,8773320,2025-09-15 16:35:41.728498,play.google.com
01A41109A2DC1CABDF3C7772338CB7E1DDFBEE57E9083B740FF42E61128210C5,2021-11-11 05:30:32,52058870,com.apiture.xpressmobile.rsbrks.sub,1636607854,3,6702068,2025-09-15 16:15:54.503903,play.google.com
01B2F3F7AB109971CF7F8B9A8F5F9BB234C9F2CD42B3D876B0E1F788B404A7F8,1981-01-01 01:01:02,10466771,com.metax.browser,110502378,4,7174424,2026-03-07 13:49:14.015049,play.google.com
01D8D6BF2FAAD23B77C3069BFDDD6F4A9BD78456598433E3D902744320140EF1,1981-01-01 01:01:02,1690361,ru.webcamonline.iptv,100000012,3,1277768,2026-05-09 07:00:41.782335,play.google.com
01DAD35B598D2689B5E44E2277033124E59A6DB58A72E253BBE048F81EF40DAF,1981-01-01 01:01:02,13563878,com.androidbull.incognitobrowser.lite,513,4,7635928,2025-09-09 23:27:06.385670,play.google.com
01EDA4B29378FC452941FF3334E37BF66C827281058D8BD6246D0E096EB106B9,1981-01-01 01:01:02,19810930,net.atntechnology.eSIMnow,2,9,6024371,2025-10-28 04:34:13.761616,play.google.com
01F26E44DE8C4E2B3C11056996CD26CBFF9F883368E6454593714BC573CC30D9,1981-01-01 01:01:02,38367345,com.pth.themes.phone,1420,4,8221248,2025-03-18 10:58:06.069131,play.google.com
023B405BCBD775714E8C1095BBC22A82EED129D37A8D931D13B2AF8B72D540CA,1981-01-01 01:01:02,145315459,air.com.playtika.slotomania,771120020,3,9366644,2025-08-05 17:11:24.259044,play.google.com
025B994072673D7EAF248E68D6F096AD8433EA2BA214E779DC850821EFB6F81D,1981-01-01 01:01:02,76190413,com.craftsman.dragons,1000000001,4,8443520,2025-08-15 07:55:40.981894,play.google.com
027CE724572A9A093C34DBF33D78B9C28D653B24F99CFB886EDC65CBD30A688E,1981-01-01 01:01:02,72987143,ng.com.fairmoney.fairmoney,493,3,9622000,2025-02-03 13:19:52.499112,play.google.com
027D8A39F6343E939694BE0EA831FB01CCB2C12FEB2530909910AA3A1B2652EE,1981-01-01 01:01:02,29137149,ggcraft.nether_pets_mod_mcpe,1002,4,7952188,2025-09-18 05:00:06.058244,play.google.com
028DF316A6B2BBAAA643F5C31C34E7F0572FF0E3E011228140F10B9AC5224AA7,1981-01-01 01:01:02,11797315,craftingtv.working_phone_mod_mcpe,801,4,8580284,2025-07-08 06:43:39.396012,play.google.com
02B01DBB0BD3352D13AE8502F3F8DD4297DC9726B171318CBB9D6D49F25944C1,1981-01-01 01:01:02,52133730,com.ikangtai.shecare,1296,4,8680904,2025-08-29 08:39:49.319899,play.google.com
02DAE5AC67E72622F4805A3334C876D357903F2C371E6708012D3E74760EC990,1981-01-01 01:01:02,15671766,com.spacexgamey.craftmanx.mansionbuilder,21,4,8583440,2025-12-25 09:43:51.848223,play.google.com
02F575D657BD510B632D77170668A89432CC17F16EB3923B54007991A54891BA,1981-01-01 01:01:02,2320942,com.hoptodesk.app,105,3,3925664,2025-09-11 17:38:16.512508,play.google.com
0329CFA2C417E4C785499B8003DACBB886543BBF96770EB47D26C78184618BCF,1981-01-01 01:01:02,37241371,net.atntechnology.Nure,8,8,6017364,2025-09-02 10:21:28.573481,play.google.com
034F43015F26E102584F0AC3725E5769AA5E67478C737BA451A4DEDC03FF04E3,1981-01-01 01:01:02,112375767,com.andromo.dev391844.app844474,1023,12,8451528,2026-04-29 12:43:25.842819,play.google.com
03509B9D8B8C7B0F968D504EBCE1948D9A632D381547CA1C33F1FDF4AEF70FFC,1981-01-01 01:01:02,91576190,com.slbazer.craftsman5,972000074,8,4250748,2025-08-08 00:28:59.212138,play.google.com
03942404E7858A993B8D09E6EA402CA5FB203838A9CF95A5B8B036A3EC8C2C5C,1981-01-01 01:01:02,50868114,sunways.portal.app,313,4,9306412,2025-08-16 11:41:49.504045,play.google.com
039F6E806754C275A62566931C662B933143B3C599FFC10279BD233C7401B434,2021-11-18 13:39:08,52603638,com.apiture.xpressmobile.cbwwal.sub,1637241874,3,7146528,2025-09-26 22:56:26.112323,play.google.com
03D7118E1003FDE4FB642A26D497E5B4DE55DF1D6D4B7AD78695BF9E91352BA3,1981-01-01 01:01:02,14747122,com.vortextop.player,40,3,8233348,2025-07-09 10:43:36.463597,play.google.com
03E50C78799DB4625DC7613E0E2646F93AE4DBE15B2C37AF29BE4326DE3292E3,1981-01-01 01:01:02,19191933,za.tophatgroup.vukaai,1,3,9351140,2025-09-09 22:48:02.072886,play.google.com
04123F3CE60888F15B4C172DECAE83E5A44B944613EDCB5B5D0D0BBF9AE83CD3,1980-01-01 00:00:00,11878156,com.pinbus.app,10204,4,7833284,2025-09-16 18:04:02.007058,play.google.com
0412BBD0CBBD196377A782E117C77826D928E50893F1811AB7012B1CC99D3EF8,1981-01-01 01:01:02,17372915,com.phy1sec,64,3,942304,2025-09-16 15:50:33.236893,play.google.com
0413A0D50B22BCA0F0A9E01257DE6689CED7C4135BFD853D7F3051CBD86597B5,1981-01-01 01:01:02,12729504,com.touch.gestures,23,3,8983080,2025-09-12 18:40:42.050745,play.google.com
041B75558EBBC2DA7CC2628D710A9917463B50A8E6F08C32D1860F6BBC3C809F,1981-01-01 01:01:02,10159111,com.dts.earnway.app,8,8,247668,2025-03-04 08:30:27.753795,play.google.com
0480651FEEB8731DC8A426C418B0EE91C3397B6F2FAABF64AC7214D3E1E6405B,1981-01-01 01:01:02,67556680,com.ultradeepmultimedia.nated,72,6,11840748,2025-09-17 00:19:32.474931,play.google.com
04B8563CABC8DED0E1834928D98085AF561B97696CF1FEC2AB9B63EF8E71FF4A,1981-01-01 01:01:02,11404555,com.proftime,3,6,7241788,2025-06-02 11:36:11.079711,play.google.com
04D43273DF117B5D9540837FF308FE6DB66F63EAEF2145C94C9C2CC67C6305BB,1981-01-01 01:01:02,91506550,tw.com.taishinbank.ccapp,90326,6,9071304,2026-02-17 20:25:37.142999,play.google.com
0572EADA516B35BFF75BFCCF8A75589632DC8029F545C67538D6A63755EF7460,1981-01-01 01:01:02,20009411,com.gamut.farvisionsalesforcer2,210,3,8552920,2025-12-21 03:30:31.297978,play.google.com
05A86B266D8B9DE1978CFC52FAEA6249A62B107509B51B3479DCEFDEBA7C9AEC,1981-01-01 01:01:02,198839752,com.c2t.fscardriving,68,4,9174720,2025-06-21 09:46:30.183361,play.google.com
05E88AB5A127FDC31F3B92B5EB408EE37027B771D8BE1FFE97B77FE768047C82,1981-01-01 01:01:02,122860593,com.andromo.dev391844.app391602,1017,15,8451528,2026-05-13 18:43:02.022558,play.google.com
06366808C31D9855B5605F350382AF56688045D3E16B58E3CA79BD9D91232080,1981-01-01 01:01:02,132900795,com.andromo.dev531271.app513193,1021,6,8513704,2025-10-17 01:28:39.726923,play.google.com
067C6BB15E2653791431DAD1F19796D9F12D382ECF567BDC03A90309E68EDEE2,1981-01-01 01:01:02,35293856,com.VortexAppx.LogoMaker2023,20,4,4751596,2025-07-09 11:20:14.447678,play.google.com
06D5B8F58FA88619E6C92E0635677348091818975780FD6E8014C5B94B808889,1981-01-01 01:01:02,12755531,com.mg.skin.tool.m8gan,30,4,643180,2025-08-12 17:19:03.193425,play.google.com
06DE048CC3A31AB853B74A1947DBD881818D0FB3C983F44D4B7819B83EB7753F,1981-01-01 01:01:02,139784036,com.andromo.dev391844.app756822,1013,3,7517768,2025-09-20 22:01:31.776662,play.google.com
06E2D42B160E9716883828A216A179196C587F42742F7CC92DE412B85EE80E11,1981-01-01 01:01:02,72134679,com.craftsman.pet,950001239,4,8721312,2025-08-06 16:00:28.762013,play.google.com
0701F16C752E1625FF25B97204CE1CE4105D1212A3C6D1DD7430D8674EAB2840,2024-03-05 23:21:34,13700282,wishop.ht,41,6,247668,2025-08-10 12:30:06.914622,play.google.com
07061F243264B506C11CFF1A80335F842BED6B0F690498D5846C27640F29E4C2,1981-01-01 01:01:02,69931033,com.craftsman.football,90012299,3,8721312,2025-08-06 14:18:01.787419,play.google.com
0719547D1E5FCB38083AA3863281B48D560582268274EF8B9D52BBC033C58786,1981-01-01 01:01:02,128833077,com.andromo.dev531271.app513193,1018,5,8576068,2025-09-28 19:31:29.719420,play.google.com
071F285F16BD341EABBB9944378A5657883D79AD22171C0655252EDC999FCB2C,2025-10-31 23:56:38,97667233,air.hk.openknowledge.rainbowone,2008391,8,3855524,2025-12-26 12:48:54.711948,play.google.com
0724132F63081A54D572B57A6066B68C944BEF84E45EC14F8AAD710B991D74E7,2023-12-25 14:33:20,25574371,com.lomol.workout.home,231222,5,8003084,2025-08-06 21:00:33.528543,play.google.com
0735C6255A21440623CE59E0CF636714981C29186480750BFD5A44E880348AA8,1981-01-01 01:01:02,4901767,com.skytel.bolorhuu.skydealler,150122,3,9402924,2025-02-22 19:24:57.629705,play.google.com
07635018FF753B34B9D3AEAAC9B7561039DFB0294EB83D665AC8CD4B14742BB4,1981-01-01 01:01:02,7339246,kr.co.etbs.benecafe,99,3,8599100,2025-08-13 04:03:33.161384,play.google.com
0796C9FB9EFA14B927FDA42480D7E37B70A67FFFA862317A4DFFBE4F1442D317,1981-01-01 01:01:02,2227050,com.buzzato.firozabad,32,3,1595288,2025-10-01 14:21:24.185630,play.google.com
083982AC52DF4CD6D5F762BD9FABC9FF787C1BD202F8225C59295EF4717EE098,1981-01-01 01:01:02,36717834,com.ahaworld.ahaworld,10215,4,9239483,2025-12-16 01:32:54.954975,play.google.com
08505D8FEAF48610B3ADF85525E25284B6F05592BD3BE6CA67BE47F732928F26,1981-01-01 01:01:02,9098092,org.traccar.client,90,9,8646960,2025-05-07 09:11:20.566491,play.google.com
085D5E8CBE0EC1994129586C7A84C7BC4A2672464DF7C2025287A91F038466BC,1981-01-01 01:01:02,6105131,com.avishtechnologiestextbomber.app.textbomber,30,6,5483244,2025-06-20 21:33:30.746382,play.google.com
08CA919F19D53CD32991776BBC4339CD914AA053A2D65C88B82731917974D704,1981-01-01 01:01:02,39189880,com.boatip.browser,34,3,9343016,2025-04-17 09:21:49.644437,play.google.com
091318A7AFC0F9B393424C4DA895A1037CC29679597D7DB4B902DBE0F444CB86,1981-01-01 01:01:02,7413029,ru.ttgg.pushkintales,1400,29,5961008,2025-09-10 22:00:57.685569,play.google.com
0948524AD1C9571C668D82C15B8680087CD3CC9910E9375967EC612B96BB62D1,2025-08-12 22:52:36,100697996,com.impelsys.aha.android.ebookstore,109,4,16496843,2025-08-15 08:19:05.592849,play.google.com
0989041590287E612C5B8604B2D0033393B644C2C64A0266699DC30CBD5A0792,1981-01-01 01:01:02,16085142,com.yt.watch.time.maker,16,4,8627452,2025-09-28 02:03:56.672022,play.google.com
0997D5A4513DEF1995D46FF6A24174C2AD19D2D01E81E94DD2959625BCFACEAA,1981-01-01 01:01:02,164800613,com.jekmant.matrplauncher,847,3,13172576,2025-08-17 02:30:09.064054,play.google.com
09A1A0BCCA8E8E00C1031DCB78112C3611F4DC14C879AF3664E409F44224C740,1981-01-01 01:01:02,36408654,com.app.uengage.lordpetrick,57,5,9389140,2025-08-17 23:52:04.965360,play.google.com
09C00B4650E3683482FC7405B98C5B0BBAFD2B5E67B83E567944EA1F5F96A116,1981-01-01 01:01:02,11240785,uni.UNI6FF5801,147,3,8919556,2026-03-30 04:20:31.481881,play.google.com
09CEC6A3DACD97FEA49F8693BA209AE61AF13B566A910EF00E0F156E20DE8B4E,1981-01-01 01:01:02,6889549,com.forebets.today,21,3,7490340,2025-07-11 02:43:29.884655,play.google.com
09DDD2CDE461CD5B904DEB52333B9CC7AE163D3B7A1066862D51FDC28B558E18,1981-01-01 01:01:02,35803214,com.ikeyboard.theme.pinkcutehippo,432,5,9026784,2025-03-17 10:37:18.773469,play.google.com
09E46C97D260998A121F43DA8185D4A61DA75F197FA439785C5A47EB8A3CF745,1981-01-01 01:01:02,140790404,com.andromo.dev391844.app581040,1017,3,7517768,2025-09-19 17:52:13.260671,play.google.com
0A0665813D667CBA4F212A70D9F1E196A71E2FB6FD5008D272B3AC782D5C20C5,2022-01-24 22:32:42,83411342,com.noblr.app,4196767,3,9076124,2025-09-18 01:27:50.041971,play.google.com
0A273CDCD4CEA4887B8B4AB4F746D31DA5F922D3B9252906B4B6278BFFE093E8,1981-01-01 01:01:02,35476403,com.sleeplab.snore.sleep.sounds.tracker.alarm.calm.health,30400,3,14480664,2025-11-21 10:53:44.338586,play.google.com
0A2EFF9F3F2808899A016A3A50A26E83B1EA7C19CA09226B0961C3F6D4E3B7B9,1981-01-01 01:01:02,14532453,com.redtracker.altimetercompass,1000031,6,6976096,2026-06-01 05:33:03.946715,play.google.com
0A4DF30ECC16D0E8DD9B605221BC660A8244E15F568071D67A3C043C4BA2F54B,1981-01-01 01:01:02,13268133,it.mef.noipa,2024061902,7,8224160,2025-02-12 23:35:18.640163,play.google.com
0A8AB9C4A549323EDE71B1508789A7B0FEE6DDA8600A50209C59117D3BCC192E,1981-01-01 01:01:02,11723587,craftingtv.actual_gun_mod_mcpe,801,4,8580284,2025-07-08 02:24:05.124720,play.google.com
0AC52C93B3E26FC712D208B8318B2AA3774B398A5241E73E03C498C9C506F00B,1981-01-01 01:01:02,42687488,com.chb.mobile.pmb,2026031214,4,9275428,2026-05-02 02:34:09.904351,play.google.com
0AC724FC45070921F8D9244D5BF8962A7ADE47A282B706792A81F76C67DBCEEA,1981-01-01 01:01:02,10602272,com.atarashiikibou.akatora,1,3,6051650,2025-06-25 08:31:00.219616,play.google.com
0AD19646B4242156E733A3153AD72466E6C24BA4B6D63F6632CDACB7AACB11D6,1981-01-01 01:01:02,6193071,downloadtwittervideo.twitterdownloader.twittervideodownloader.twittersaver,212203128,3,9109568,2025-12-26 21:06:24.517519,play.google.com
0B0C862E18AA28588CFBFDFA8387C4BC57BBEAFB34B1B70393FF0228CEDACBCE,1981-01-01 01:01:02,7294305,com.botaotrick.nickshock,27,3,5466484,2026-04-02 11:33:36.474805,play.google.com
0B1511EB461852BA99D7A0A24E8F4BBF60CAA4F486F6B7BB9109C7ED2FF97D41,1981-01-01 01:01:02,22247267,com.andromo.dev391844.app743801,1020,9,7966636,2025-10-19 15:06:28.245664,play.google.com
0B57870B13133E3B8CF56D2AEDC6E50D18E02A540003779225257ADB3D592C04,1981-01-01 01:01:02,12700050,com.diacoipj.inrel,19,8,8292548,2025-09-24 14:16:27.834997,play.google.com
0B6C5FDD2CC7D6FCF7831AD63CF29C7A8A3B0CA92D496B9F9D1A33DB68E787E2,1981-01-01 01:01:02,4362968,com.ajthebillionaire.build_a_beat,10,6,7235276,2025-03-25 11:47:54.346229,play.google.com
0B75C5E495A2667BC962680C43879413D4455126B5C971AB59768AC721D2BF43,1981-01-01 01:01:02,6512846,com.pairvpn,1826,3,5458992,2025-09-25 22:34:26.299202,play.google.com
0B82CB53558C45AC384993BACF5F8CE9AC02EE3933D1CD269C34F06605552EC3,1981-01-01 01:01:02,18248807,com.DailyPay.PNC,323,3,8659628,2025-09-20 09:05:39.316894,play.google.com
0B8DB318F734C6B817FDB700EB2E2B68EA951591FA68AEB90F497D8CF74CAB02,1981-01-01 01:01:02,9051753,com.routethis.sierratel,126001010,4,7221804,2025-06-04 08:47:20.224452,play.google.com
0BD131EE9CFDD7B6D2FD7E7312605027861B5E1152C1DFFAAD6B302889E3FFA9,1981-01-01 01:01:02,42589922,tr.com.topkapidanismanlik.pazarama.app,102,3,10389740,2025-08-06 19:08:04.562003,play.google.com
0BDE4B9E7264D0654B666757328B7FF0714DE58CF1D98A4FF086F6520257BFCE,1981-01-01 01:01:02,29425831,com.andromo.dev391844.app447753,1016,18,7966636,2026-06-01 05:09:17.787103,play.google.com
0C18D18145D381CE56EF9B0435055527A25A95B4EA8B7DEF9C6CA4FDB0ABE763,1981-01-01 01:01:02,5171637,com.showami.showamiapp,90,3,8678688,2025-09-20 00:23:11.013525,play.google.com
0C1CE25DB8B193765C87B6FE70DEC1CEACCAD76612AAB01F44ABEB66B2725BCD,1980-01-01 00:00:00,50559531,com.yabb,5000980,13,8497988,2025-08-05 17:03:07.841005,play.google.com
0C4CF734AFD6883FE724AB9CB5FDCFC23AA73F786A6DA767D305DFE68B698D06,1981-01-01 01:01:02,34109608,com.idbpro.eliant,10303,7,7738168,2025-09-24 14:04:59.965375,play.google.com
0C5E03B6D0B103708F7005FCBEF28B19DF15338155BCB57E45F556B5D9823173,1981-01-01 01:01:02,5768882,com.gearandroid.phoneleashfree,259,8,8917412,2025-08-10 18:30:55.338282,play.google.com
0C5E36D8AE625AC0EF3002CA76E2BCA05D095E50AADB02AD0DB35FBABD336A76,1981-01-01 01:01:02,18471037,com.bmm.hiuolshop,4,3,9316172,2025-09-22 10:57:39.020802,play.google.com
0C60E60DEC282D177B048487778575964E71B67FDCD53E2583081245C356B73D,1981-01-01 01:01:02,195840214,com.jideos.jnotes.overseas.google,489,4,109672,2025-07-12 10:02:24.128303,play.google.com
0C7DCFDAEE1C96D0FBEF86C0FA5A5998A6DF4ACD6E070818624A090422B7D46D,1981-01-01 01:01:02,12680369,com.diamond.loveland,15,10,8310744,2025-09-18 02:25:49.189581,play.google.com
0CD087E4F001D53268644F6737A926923DC4B191EA3DCA64248CA09E5FB76541,2021-08-05 11:52:56,58305168,com.pandacomm.baneks,1014269,3,54260,2025-09-12 18:22:05.615091,play.google.com
0CDDA47F1BC45E7A5FB92EA92C354082AD9EC5690B45EE8C5D420507FD467573,1981-01-01 01:01:02,12542116,com.pinbus.app,10305,3,7833508,2025-09-16 18:04:56.439483,play.google.com
0D2FAF9071623803FC9B90F76DF185AA387C71B6CBBC1E571F48C5B452A9C69D,1981-01-01 01:01:02,16319108,com.makhamlab.numerate,7,3,13025144,2025-05-31 18:34:31.467247,play.google.com
0D666932B3AB1191A581C0834CFC8FA57834FC666EA49589CDD2B4B42E148D8B,2021-11-18 12:56:52,52071158,com.apiture.xpressmobile.cbdlde.sub,1637239491,3,6655936,2025-10-06 03:53:37.665621,play.google.com
0D806659AF53AF03B7361B0A6C5336B046AC455793CE70CC1380D35390AFA0EE,1981-01-01 01:01:02,12234213,com.androidbull.incognitobrowser.lite,624,3,7212272,2025-02-24 18:10:52.959933,play.google.com
0D86D3221F23E4E76B5B377FAE5B830107D951E8FD96431E7CC9A97C39FB0C1C,1981-01-01 01:01:02,11290232,com.onlineoption.bharati,6,3,9542716,2025-03-25 03:23:12.024343,play.google.com
0DB4364D55EDAF43F48A5F0B61F539BC1A65C1B22A4A6B0A5144715C4B31C235,1981-01-01 01:01:02,70119448,com.craftsman.cars,950301129,4,8721312,2025-07-14 16:41:03.048054,play.google.com
0DB58BB7263D67883AEF79D54BCEF75569787718AA1576D453FE6C0C9C683FA5,2025-03-10 13:43:00,43613172,com.jk.horizoncam,77,3,12046088,2025-07-07 13:59:38.266858,play.google.com
0DEDBC0856B752FA5E9A5E14009D0F61C186CB592D53B81BD70B92175228CFC3,2021-11-02 21:13:02,51915510,com.apiture.xpressmobile.pfpntn.sub,1635886759,3,6990488,2025-10-08 03:21:53.577416,play.google.com
0E5F8D6A17721609228842E48A93B89E59A77E0A6A51B8C43E8ACDC1EF8E14E1,1981-01-01 01:01:02,37686862,sads.swaop.pppl,1,3,8395984,2025-08-14 09:24:49.972822,play.google.com
0E6B18A402C9B7D29078C42E4A63A0EA4D6599F02D0AC1802310849D143EF368,1981-01-01 01:01:02,7024859,com.gearandroid.phoneleashfree,281,13,8120508,2026-05-28 00:11:56.392632,play.google.com
0E744337A14F2E73122FC4A5F1AC50ED0EA80C0303153478A5D13C0901AC0579,1981-01-01 01:01:02,88688502,com.herogame.gplay.kowtw,50072,3,9520520,2025-07-12 10:42:28.143817,play.google.com
0E807234E15EAC60F78EFFA9B039026C03630CCE9981EC77A810DC2E1F9C464F,1981-01-01 01:01:02,7964212,com.my.alseed.sadraldeen313,200,3,247668,2025-10-19 10:36:51.817987,play.google.com
0E813F072C6D82EF6F1B9067AD4A0D718895EFB21EE44C568B5E74461DA7D6B7,1980-01-01 00:00:00,4238219,ng.com.fairmoney.fairmoney,216,3,6565824,2025-08-10 01:18:25.044858,play.google.com
0E941D88E33DFDB13A2460E75F303032042B3DAC5258B3FB05FE6F798E7D4FCB,1981-01-01 01:01:02,12016131,com.thecybernanny.adroapp,713,11,10467276,2026-05-20 13:37:12.151302,play.google.com
0EEEE1270991019CE855D6918A71D33403CE63725E9787A03F947BD0D088DBD9,1981-01-01 01:01:02,13097046,com.painelextreme,11,5,5466484,2026-02-23 12:11:33.076640,play.google.com
0EF5D2DEC8DE961DE6B7A203D5064930A36726E7CEE1B7486ED4F5720C84AFA1,1981-01-01 01:01:02,32653015,com.vnrfhfyt.hcndscleanseeker,9,8,9533062,2025-06-18 10:14:43.670261,play.google.com
0F17B655B1A2B1312E7824C32AC1887BF4594D38B0C7B5AFFA82CE3C52434D8E,1981-01-01 01:01:02,5936689,com.bitgougou_g,27,3,4363192,2026-05-07 07:11:43.418481,play.google.com
0F2507BA1D09622F02485CBBAE5F43281E04E6EBC6884BD8DA2DCF29E5381729,1981-01-01 01:01:02,39608697,com.szfcar.ancel.mobile,29,3,7277092,2026-03-08 23:14:05.607790,play.google.com
0F7D47AA9E8A374506A913B5065555D2329DECBED142D34B84F8E6C11A158CBE,2019-12-18 17:36:40,13861469,com.ozone.smartlock,12,6,6102172,2025-09-19 13:00:13.727734,play.google.com
0F9965124F447A5A7D0E751D95A3EFD30E796B92569FEFAF39D4E89C94853197,1981-01-01 01:01:02,91246610,tw.com.taishinbank.ccapp,90334,6,9063140,2026-04-01 08:06:02.150537,play.google.com
0F9B2940C9AD8A2775DB0035DC57315442B9129AF659F3709F6DA7CB7010DA89,1981-01-01 01:01:02,57820931,com.perception.soc.en,17172,6,3843532,2026-05-25 21:49:16.960251,play.google.com
0FA1515C8D8CC3E622245832FEDAD735CC0428A3F6865ADCA16D0FF84686680A,1981-01-01 01:01:02,2183944,tw.com.allec.xuanentc,2,3,1403236,2025-08-29 20:13:52.640124,play.google.com
0FA9849D8810594F8181569834F9C35940DE18476FC323CF08B1BE298E18522B,1981-01-01 01:01:02,51483431,com.samikshaapps.powerbi,12,3,7903692,2025-09-18 23:16:54.222358,play.google.com
0FAAA816CA938B3D5804603828F3C91F75E6211E00C690DEBC315F3B64F4CC41,1981-01-01 01:01:02,50420612,boxnmove.mover.driver,147,5,8879412,2025-08-15 00:45:50.204647,play.google.com
0FB5112C3BA1E0961CCC542AAD444C864F4ED22FCEA6383DB32B98BD2537E635,1981-01-01 01:01:02,35542941,com.ahaworld.ahaworld,10211,4,9300496,2025-11-16 22:45:10.760085,play.google.com
0FB70FCB28402ECDD1CC7D2D450DC43E295883AD6CF5A65ACF8BFEC1BE8D4F08,2025-08-20 18:05:40,10344380,com.isprint.uastaptokenent,25,4,2443932,2025-09-07 09:53:58.740574,play.google.com
0FFD662F99CB3C6B29DDE8BFA7E6393E13D0D23B69725AE02EF04B457D90549A,2026-01-23 15:37:36,6569877,com.hkgeopark.enjoyhiking,121,3,1522737,2026-04-08 15:13:21.540860,play.google.com
10518BD0690442BAB17CA1F908184C5B938E331127D6E599276556693AE6079B,1981-01-01 01:01:02,49127220,com.appzonegroup.fcmb,358,3,16747032,2025-02-25 01:11:37.774417,play.google.com
107F07DC3EB026D24E038BFCE65593F4AC33BC6516D1CD3B16CF4FA15CC3E695,1981-01-01 01:01:02,3549274,com.employ.app,100051,3,5465612,2026-01-26 23:31:45.942681,play.google.com
1083961D71E356D521D70CEEC50EB59CE6C9F07CC75A3B832E613CF9732B0610,1981-01-01 01:01:02,72460519,io.cheelee.app,138,6,10628222,2025-08-09 10:41:45.073844,play.google.com
10A0810954E87785F69E8E1DC32A62B79F848309E7DA655A4D763814AD1A7558,1981-01-01 01:01:02,28125264,com.andromo.dev391844.app379175,1016,6,7966636,2025-10-19 14:42:27.691249,play.google.com
10C62DBE33254B4B277874A3FAF558A9C42E7B6136347F27087BEC8BF6586E2D,1981-01-01 01:01:02,6176548,com.shadow.users,13,3,5504040,2025-08-15 13:16:31.985259,play.google.com
10D2BF99E23D4EB9462C2120B070B4F26BA4B2A1A3A7E505542E1F751C4BF822,1981-01-01 01:01:02,35468981,com.theme.lambda.launcher,91,3,8526056,2025-03-18 09:52:12.905337,play.google.com
10D6DF86097226F7DAC49D56B97C5B17E8936FFE374DD4E6BF7D97BBC834C167,1981-01-01 01:01:02,12784124,com.pinbus.app,10402,4,7833508,2025-09-16 18:06:08.002901,play.google.com
113D1827789A4E156E66F08149AECA159404427650BA880F1F63E63CA6E57680,1981-01-01 01:01:02,70140721,com.wgame.codeg,3317573,3,13001528,2026-05-08 16:38:04.051108,play.google.com
116F50FBF8AB6344C8F3E71A020BCA784F21B81B458F0B72127679F61C7A6155,1981-01-01 01:01:02,12772282,com.xta.infinityplay,38,3,8711620,2025-08-08 22:21:26.320458,play.google.com
11CBC46DF70E64FA91414BAC5D0C1CEE21294E94DCFB61A7114E7982D44C4CF4,1981-01-01 01:01:02,12862659,com.my.chesterwf,8,3,7566428,2025-08-29 13:16:59.901295,play.google.com
11CEC35BFC937C0201EC5A84D9622D2D2B3CCA2ED1ECE73CF1FCCDFA301AB090,1981-01-01 01:01:02,4395515,google.android.a51,7,3,6512660,2025-08-13 20:58:52.148145,play.google.com
11D4A9B286C2ACCA749446223B80D942BC74A57D80ED34467ACD287F368DD325,2025-01-01 18:56:34,43858062,com.lomolsoft.language.learnfinnish,241023,3,8499448,2025-08-16 07:18:31.209315,play.google.com
1259689CD1E66AB9232395C37E12DD994D68100EC20DCB068B96E8DE23434373,1981-01-01 01:01:02,18661934,com.metax.browser,110502260,4,9126608,2025-10-17 06:29:32.805631,play.google.com
1270C3AA5553C4F7C806447E8C601340FA648F5B9A8E14CBF7D35588E4A9BD33,1981-01-01 01:01:02,94406658,com.andromo.dev391844.app854920,1023,13,8513704,2026-04-11 04:02:06.513424,play.google.com
12C2153CC219363CFBDC69C3991B11009F9F6121A98D7D3F063D0B71375610A5,1981-01-01 01:01:02,45143204,com.cybozu.garoon.mobile,581,3,12765396,2025-01-18 10:40:37.986997,play.google.com
12DD5369F269B5134FA84C4BBC893B10193CD4DD717524B4900017CEE34EBD19,1981-01-01 01:01:02,11362203,com.stories4all.offline6,4,4,5466484,2025-11-27 07:21:16.219606,play.google.com
12EAFAA8C58113506A210027188AB21A0CF36E1E1F556ADDE8F1E526C65BF53D,1981-01-01 01:01:02,9931293,com.keeson.beautyrestblack,18,3,8722912,2026-03-31 23:27:30.659923,play.google.com
13008E682FC8BEDF0331786D21654C80A987AABA2FB14AA8C2BDF1CCD1B1EFC8,1981-01-01 01:01:02,62539636,com.midhat.islamiclibrary,5,4,10876532,2025-09-10 16:26:32.343003,play.google.com
1332A75B73FC74869B3644A9567C0A8F52615F220AEF077D4887B0EC78FEEB6A,1981-01-01 01:01:02,32272102,com.elsayad.footballfixturespro,169,7,8515016,2026-02-21 21:50:56.451521,play.google.com
1371E58F78285939ED884403ABC4358300DB91E021190CDED20C8829C5F83B5F,1981-01-01 01:01:02,27949667,com.SingKing,132,3,9283228,2025-08-06 18:20:03.012494,play.google.com
137FE5A11C0B574212A9A1A027B89B94EE824DFBA7B97C939AB6FD650BB44A51,1981-01-01 01:01:02,26321414,com.GoldenFish.rewaytibsa7ebelsherka,8,4,6904924,2025-08-13 01:53:39.454045,play.google.com
14028C0B693E72A4C189926AB1F7D1B6A776105BBDDF533D7A54ACD7DA577CFF,1981-01-01 01:01:02,5999390,com.adendev.rwaya26,3,6,5466484,2025-08-16 15:13:10.140518,play.google.com
140D441A15C6510E071987E4B39C9DEE8D172426D2DB59CD2F08076060DD9955,1981-01-01 01:01:02,19508940,com.livmet.videocall.chatting,203051385,9,818216,2025-08-06 23:49:15.023655,play.google.com
14703B2B2A9D5AC443A504C7E8DB88677E9AE7445B9D4C0EA501227ADAA0E890,1981-01-01 01:01:02,120057551,com.dxomnitrixsimulator.moyasama,16,3,7544068,2025-01-10 18:38:59.991149,play.google.com
147C2DE25D36511B48D2FE3EC9C5B8403EA2FFC466EB810B2833CE5BC9F0E33D,1981-01-01 01:01:02,89872869,com.andromo.dev391844.app756852,1005,4,6912948,2026-03-23 19:35:55.034666,play.google.com
14825C1C9F09211E0A711B66C2C9EE2DC840397D17AABD913E6448AA8FC2069A,1981-01-01 01:01:02,38196323,com.edupam.user.ictech02,88,5,7355792,2025-10-18 13:22:35.584321,play.google.com
1488847C13E1A996AD7A78C72029D17E59DDCF86D9A9A7AA2065D88C44DCE4BB,1981-01-01 01:01:02,20009373,com.gamut.farvisionsalesforcer2,211,3,8552956,2026-01-02 19:45:17.897370,play.google.com
148BE8AA6198DF299BF34008353E9062120F57E8741E97A52A12CB2F5D6BDE3F,1981-01-01 01:01:02,2320942,com.hoptodesk.app,118,3,3926836,2026-03-03 04:02:12.998245,play.google.com
1498649EB90BE19837701C0383AB14D01288690C8DB345D35159D7AE3D287B83,1981-01-01 01:01:02,12747566,com.pinbus.app,10502,4,7833508,2025-09-16 18:03:10.175822,play.google.com
149BF82BD51CBC382B3547E01F9DD904C8C2DA5621B5942BC3F337048256839D,1981-01-01 01:01:02,25776893,com.velit.www,142,3,9016664,2025-05-14 00:50:14.716784,play.google.com
14B28E568652E9B6218C7CAFCFB6F9C958FA3FCFAFC82651757D293F14953239,1981-01-01 01:01:02,5332905,com.lsdroid.cerberus.kids,331290,9,5642252,2025-09-18 17:34:27.337245,play.google.com
14C068FDCAE705459782BC3E3D85FEECEF299B9BF8D2BAC85674B4BC8D222096,1981-01-01 01:01:02,152191281,com.andromo.dev531271.app526435,1026,5,8649932,2025-10-17 04:37:59.894903,play.google.com
14D5DA4476F5E82B9388441F202DC39388ECB2DB3708FA797A0C3457D4F4C02E,1981-01-01 01:01:02,57779384,com.miniit.save.the.guy.game,676,3,11429384,2025-03-07 12:28:01.172292,play.google.com
14F4963C6F8112335AB5C777FB19D0D9677F714EECF9384CE5F948FE2D503C82,1981-01-01 01:01:02,7028335,com.gearandroid.phoneleashfree,278,15,8128616,2026-05-18 09:00:10.958931,play.google.com
14FDFDD59BE704FAF640C770CD9114746AF422956DCC7F45BA80AF11E1EA5AA1,1981-01-01 01:01:02,5167450,com.showami.showamiapp,81,3,8693392,2025-09-20 00:22:38.485974,play.google.com
153B64ABDAFBF9769FDEA2E728907DED985550ED54863784E1D7504330A09020,1981-01-01 01:01:02,55259538,io.cheelee.app,162,3,10671950,2025-12-21 07:00:42.395420,play.google.com
1545545174DBD1C010315A89AEFC9F77883B0098B00D825E7AE005C6124D96A7,1981-01-01 01:01:02,108245949,com.yuedong.app.codgp1,48,7,9190140,2025-08-05 17:11:02.031640,play.google.com
15604A0D579956E58B0194D2CF1858820D816370E681A878DB50F4205C1C96BD,1981-01-01 01:01:02,77679097,com.tbow.oa1,382,3,9132116,2025-08-31 15:17:13.014471,play.google.com
1571DEF36C36C582E7FC4EBBF135364CD3C0A63B1A85BD5DB10D5109F5D52938,1981-01-01 01:01:02,63174192,com.nukethemoon.libgdxjam.android,9,3,7088980,2026-02-14 13:20:49.541568,play.google.com
15791CEEE354C0463CE3C88F56105EC4FAD8B98BAAC170DD697B615A91D2D262,1981-01-01 01:01:02,27422298,com.meetx.chat.maker.app,10000,3,8809180,2025-07-20 01:42:49.524954,play.google.com
157DDDBA174EDE1B9ADD8A16A043BFACCAA8715C6F4034C537304306303B4A88,1981-01-01 01:01:02,97143862,com.fzls.app.lustandlies,2025040901,7,8824504,2025-08-11 23:27:32.340551,play.google.com
15996C895FF59695D1B199D8E27C72B402DC72827E608BCA30C007AF1E309575,1981-01-01 01:01:02,19142384,com.ch3sec,65,4,1004920,2025-08-07 12:56:44.924992,play.google.com
159B12F65768BB200277C2DA943EE63E72AB867FCAA34778F0BAD7DE28096B5C,1981-01-01 01:01:02,7497941,com.alexosuya.bankal,13,4,5882924,2025-08-12 16:17:49.424211,play.google.com
15E7F305581C68316545392E435432AC21F2AD7B79163582021AA1CFA793C413,1981-01-01 01:01:02,24187512,boxnmove.mover.driver,155,4,8879956,2025-10-22 03:28:23.877087,play.google.com
15EB6441D10654DE26DED724235C7F0A912D82F00E21D0EEB30C3005DE2891F5,1981-01-01 01:01:02,9255045,uk.blueapps.audio.bible.devotional,1254,3,8635420,2026-01-05 05:31:45.905906,play.google.com
1604A54D715E443194F87C608F0E3CE158C094DCB306982EEFA422AB4E388905,1981-01-01 01:01:02,7774140,com.video.zeroshort,15009,3,55516,2025-07-18 16:38:59.710381,play.google.com
1608A07DDF2D2DD0D26B776A7F2A4339D441C22849BF82310D3683BD56FA6DA6,1981-01-01 01:01:02,160489911,com.andromo.dev391844.app442137,1005,9,6912948,2026-04-08 16:23:47.844861,play.google.com
161EE2BA2D572DA3F43B82A80E20353718703BFF8AE32BAF869060AB650611BD,1981-01-01 01:01:02,61156460,com.starvpn,49,5,9545996,2025-01-27 12:28:05.612029,play.google.com
161FB08235E8472C40CBB4327006EC6495E1414424E574B7DA8F7C0840D3C5E6,1981-01-01 01:01:02,32379044,com.shadeed.clickbox,46,3,1892,2025-05-06 04:47:41.730786,play.google.com
16220FFD41B2222447A0F676EE260BFCA0D4203F605463532FFD60089A13990F,1981-01-01 01:01:02,7080160,com.my.uikit,3,3,5427028,2025-09-09 20:22:30.814516,play.google.com
162C8EABB76507F47BDC49B0FEC72477B81AB059120EA9B6D44063AF06625BE7,1981-01-01 01:01:02,125320208,com.love.vone,469,3,14190048,2025-08-05 22:03:43.732119,play.google.com
16364CFADF8F534C928016F8AD6EBB798A5BCC643358C3F13319757A0A5880AB,1981-01-01 01:01:02,11678481,com.equipovision.evision2,4628,9,4588036,2025-09-19 21:01:01.093619,play.google.com
163BDA3E8DF2E4ABDEFA2373AC9E61361D7DFB505271A0134CF3829A39119E17,1981-01-01 01:01:02,29734691,com.ce.android.brand.itsbobatime,100,3,11281988,2025-09-22 01:17:22.182600,play.google.com
1647B242AA4DA170271E2421670D90BCFD1CDA600F4B789B85B91104180EB07A,1981-01-01 01:01:02,8264227,uk.blueapps.don.moen.songs.videos,1334,3,8551528,2025-12-30 02:05:08.782226,play.google.com
16593D5F8C80B0F8DFD3475EBBF2F8D5247AC1EAE9DD4EB4A0DA8A2C90552EFB,1981-01-01 01:01:02,16692352,it.luclabgames.ball.blast.shooter,15,3,6697184,2025-12-17 11:20:44.232445,play.google.com
16705DB45B034416E932D34369752667175BF0BFCE24B00F55DF619366645F88,1981-01-01 01:01:02,62863220,com.monkbite.ebookapp,1,4,10876504,2025-10-11 11:37:32.674335,play.google.com
16B75A83847ED2B26C8C25CF65A265686A6335687CD44845F2733D79DA5FFF0C,1981-01-01 01:01:02,2222954,com.buzzato.dindigul,32,3,1595288,2025-10-02 15:55:00.403530,play.google.com
16CFA38D08DDDFED295BCB32D03A820D1F7E8939234D93434CF3B111BFA516FF,1981-01-01 01:01:02,31742304,com.simejikeyboard,993,3,9711832,2025-07-26 00:21:24.548790,play.google.com
16D9AF4D980A62A4E2D40F35571A996E02FF8C53465164EA975BDC54A281CB02,1981-01-01 01:01:02,30496073,photorecovery.videorecovery.filerecovery.recoverdeletedphotosvideos.novarecoverypro,41,9,8107576,2025-09-07 22:08:05.448294,play.google.com
16E8ED957E225B568FAD1F4514C77702B1940CC3E15B011FD894A44A94631835,1981-01-01 01:01:02,25816259,com.cakewallet.cake_wallet,220,3,8041172,2025-08-29 12:55:31.744206,play.google.com
172C3D2C4C9BDB2DC6AB3DE63762AB729310706C2FD775AE78A0E2084871746A,1981-01-01 01:01:02,9969236,com.rs.project.store,53,3,7355792,2025-07-21 10:01:49.044712,play.google.com
175554633617E000F43A7A5AA9F763938A828961290ECA5E07F7916B406E4A66,1981-01-01 01:01:02,15808122,com.ag.tool.pro.ankur,30,4,7448864,2025-09-20 18:48:02.185598,play.google.com
176ADA6BED83CF65F2C061F67905F4E53FAF849AB1D9E441BB2676BD3EC5F9A1,1981-01-01 01:01:02,34090002,com.Signs.ofthehour.tareq.alwaleede.aap,2,4,5963252,2025-09-08 19:57:59.192887,play.google.com
176BC8E2899B6ECB0977A1ECF09184875DAB65ED159604865EC0E7A780CC6519,1981-01-01 01:01:02,64654307,com.game.mobi.recover.photo.files,138,3,9155260,2025-09-17 00:11:49.585698,play.google.com
17E740909D191BFA2424017CDDE9BDF4BD32E11AD53F9527EBB275CA67A603B7,2021-11-18 16:46:50,51923702,com.apiture.xpressmobile.pfpntn.sub,1637253067,3,7080688,2025-10-08 03:22:08.249591,play.google.com
17EF45380F19A672F6026375791169553D3FE4C474F30C4622693FE980185A61,1981-01-01 01:01:02,8291577,com.trsj.sk.files,2,4,7250492,2025-07-20 16:01:46.608070,play.google.com
180D7A62022F73F3F610766A05460FC0FB4FD12D96A648B932CA9678C4AB760B,1981-01-01 01:01:02,14859829,com.jpthedev.eightguide,9,4,5465612,2025-08-15 12:50:48.849432,play.google.com
182225008FCB416DB81E8B59B8A761DA01A43F45AF0CAE05FCCB56BF2B42B1E6,1981-01-01 01:01:02,69173740,com.italianbrainrotmcpe.italianbrainrotmodforminecraft,2,7,6518804,2025-08-28 01:28:24.478774,play.google.com
18468BF30EED07B684B3EB8E8F5BA88695B259516C3315D2B22FA1D7396E5022,1981-01-01 01:01:02,12548704,com.conjugaison.verb04,5,3,247668,2025-04-11 04:58:49.469972,play.google.com
185A09BE3DDC61F7A3FA149D882C6AB87732172694EF1A52411F3D61CB64124A,1980-01-01 00:00:00,1304694,xyz.appmaker.xpiafo,1,3,796700,2025-12-21 08:26:00.513385,play.google.com
187226A0386E430E39D315F80609AFADC05D1CDA7195ABF84ADE40724AA182C4,1981-01-01 01:01:02,146194852,air.com.playtika.slotomania,771010020,3,9222252,2025-08-05 17:01:38.490977,play.google.com
188B4C678E741A57991A36D7CB7F8C782EE3EB07860663C33A08AAFF0E717215,1981-01-01 01:01:02,3161381,com.igpsd.govnews_2_1,85,3,1797589,2026-05-02 01:31:40.597148,play.google.com
189EBCF943D82105DD8E66E6B4C0D5B52532EA994B4A3637D6E117A79AA78600,1980-01-01 00:00:00,20749874,com.sfd.Omazz,14,3,6174668,2025-08-08 00:01:46.688494,play.google.com
18A066B2B75E1CA3CA432AFB9878119ED68FE9960600333F36E1B3B204DC2C6E,1981-01-01 01:01:02,15515712,com.ldcc.lemp.dlims,31,3,7107628,2026-05-09 17:31:32.327145,play.google.com
18B16143DA8F4C26FB65C2E83AF7C9927D6F2708FB3EC1F4FA9EBF85F58E11C1,1981-01-01 01:01:02,19577494,com.codezen.radharaj,105,4,7712980,2025-09-19 21:06:30.195014,play.google.com
18CA2F42CBA2FEF156793620203C506A2D88C10B82F138CB425C39C4CC5316EC,1981-01-01 01:01:02,16967235,com.my.mohb.asoos.astkraa,200,3,247668,2025-08-04 21:57:06.084848,play.google.com
18D7CD3A2C31CE406A8AADBC0CC3B9E6A44D8E52FC73F4AED555F110076B5C4E,1981-01-01 01:01:02,8028600,com.hgbtok.zhou.gp,309,4,6094660,2025-07-29 22:11:33.755546,play.google.com
191226516145F186BB10F0ABE49D8303B2AF07A0F2B96BD6D2A4C5A41D6935D2,1981-01-01 01:01:02,35922174,net.atntechnology.NureMath,75,4,5811029,2025-02-02 23:00:37.694312,play.google.com
191CAF274EE91872678846D418EA09EC48D0FC036B29C9D5E1F78CB934F66C25,1981-01-01 01:01:02,7333247,net.firmapro.com,1,5,6632640,2025-10-03 20:25:39.465558,play.google.com
19269980057BF1E7A6430422B87AFA1AE7A8264DAD6208706D0E6647C3E21718,1980-01-01 00:00:00,5470559,com.mmobi.dajidali,15,23,5693920,2026-05-05 20:58:36.157536,play.google.com
193CAB86C96DD5EF756BE45573D4D6D4FC2EC29A3B1C383D9A295A591833BC7F,1981-01-01 01:01:02,177772595,com.andromo.dev391844.app376072,1021,9,8576068,2025-10-08 12:45:43.348898,play.google.com
1949CBF77735AA3599CBC2080C1879A6CD1D6D1AA2CFFBE593BFCEA989191A35,1981-01-01 01:01:02,53411853,com.figooo.second,12,5,11922816,2025-09-15 18:26:54.198499,play.google.com
194F964BFB2B3BE40EBC54683C54B65F2613E5223F179F34FD489E4BCB66DD29,1981-01-01 01:01:02,44830065,sjmmacauexplore2024.com,22,3,9386680,2025-06-06 17:26:48.426589,play.google.com
196A8A0530C1DF34C10FEED076005E79F3FE37CD1F1A439A93761FFFF39CAD2E,1981-01-01 01:01:02,145625060,com.phoenixcontact.macxtimerrelay,221233,3,3798788,2025-11-12 13:47:55.836988,play.google.com
19BAC4E9C203B3DEC70FC8AD63C08B697535F907D322DF269B8222F4E55DFF5A,1981-01-01 01:01:02,4749204,com.svss.svss,1,3,8501836,2025-12-23 00:22:49.683180,play.google.com
19C56F8E5FB9E00387FB05D9B17DAA6F3443DB31244A3468BE4AC6B8B7CC6ED7,1981-01-01 01:01:02,20962799,com.isprint.mobile.android.meiyumi.customer2,34,5,6818573,2026-02-20 19:03:23.977210,play.google.com
19CB11B52FB4F2FCF60CFA6E92ED3AB042E0CE2310E7C2296B259DCF245C5290,1981-01-01 01:01:02,11959209,com.movies.videos.surya.suryamovies,14,3,4828560,2025-10-03 01:14:41.890310,play.google.com
19D3CDAD24B78E3BF246387AD5A967049082BECEE59767541EBCE4EDFA627292,1981-01-01 01:01:02,9592501,com.kt.hoadung,8,3,8746952,2025-08-07 14:33:23.094572,play.google.com
19D9F132D187E743C68AE197E5B779C70BD91BB08AD71B885874B78B4C64C1A8,1981-01-01 01:01:02,38147678,com.trkstudio.wordgame,25,8,8508384,2025-08-10 05:37:04.162089,play.google.com
19DC99632F246A30B74246F84984CAA88882B768BD30541D135E5AA8258BEF27,1981-01-01 01:01:02,23763171,com.daily.forecast.weather.radar,10020335,3,8028080,2025-03-22 17:36:48.342141,play.google.com
19F7FE72F316C07EE6C6CDD05547E6F24FAD55C96320057F0B9E79738BE88714,1981-01-01 01:01:02,98402873,io.horizontalsystems.bankwallet,141,3,14071408,2025-08-30 03:22:06.067822,play.google.com
1A0197894269723932C0FE6620CCA2FA3FD319B3DF404954A497C4D5539FFC0A,1981-01-01 01:01:02,18503678,com.smartsolution.synermaxpower,16,3,9420220,2025-07-07 21:58:55.846187,play.google.com
1A15D51041E288C4009ABF8FD8C5DBA704004CD519B90AC647CF678911460A7D,1981-01-01 01:01:02,6831228,com.video.videodownloader_appdl,1509,3,9103252,2025-02-05 17:55:38.297385,play.google.com
1A2EBD2D538A74AE5ABAD9AF8CAE37B7E1B8B287BF4EA3439837B3C6D82010AC,1981-01-01 01:01:02,67200979,com.myupchar.user,380,5,10816176,2025-08-04 21:49:04.786414,play.google.com
1A43E7978A69B42CDF66FEEE52AD4A17CE1952FA138A62AF9D2198D871008BC2,1981-01-01 01:01:02,11305556,com.topvlife,182,3,9262432,2025-03-31 12:50:08.027740,play.google.com
1A6D95EB5C6C81497578DD79B60304E00C3059B81117975E4379D63843424927,1981-01-01 01:01:02,50445591,boxnmove.mover.driver,148,4,8879412,2025-08-29 05:36:28.488121,play.google.com
1AB83CC94BB6894336AE1DAED20D6F4022AFF7221389420CEC03ADC390276C43,1981-01-01 01:01:02,143811639,air.com.playtika.slotomania,771081420,3,9366580,2025-08-05 17:07:08.811401,play.google.com
1B352DDAB283B1A4F97598A779547607DD74AD3282E4EE0BC813F94B254E1892,1981-01-01 01:01:02,36444353,com.modaov.unlock60fps,39,3,5236208,2025-09-12 04:56:52.665474,play.google.com
1B572B394EC9230C90C64B676AA14F2BB741BE1A37F946E4CF43E92A924465BF,1981-01-01 01:01:02,8382274,com.ammisingh43.stylish_name_maker,2,34,8149500,2025-08-29 04:42:15.441710,play.google.com
1B72CB773BB90869619B1C4CC864B87C38D986A7DD4C7856DFB7F319510E17E3,1981-01-01 01:01:02,83021273,com.vnqwoe.swing.ninja.game,6,4,8597956,2026-05-07 04:13:18.593743,play.google.com
1BECE8EFA13D0D91D5C9AE5CE06898861EF6B16D95B3CC04D62DDFDA1AE64CD7,1981-01-01 01:01:02,4964808,co.median.android.xxbpxd,11,3,3225808,2026-02-27 06:00:10.012078,play.google.com
1C29850E1A573EA2D84FCF7668BBEBC14EC158C0E6E2510B1696F083DA16F865,1981-01-01 01:01:02,135924925,com.andromo.dev531271.app488215,1019,3,8623160,2025-10-13 01:31:52.659504,play.google.com
1C511D588E5F92FFC7ECCC4D00C0BF7A48B633B2C0BEB53C85EB808F57F09749,1981-01-01 01:01:02,61621430,com.andromo.dev391844.app444084,1015,12,7966636,2025-10-20 04:54:34.175989,play.google.com
1C84E02C3E3B0996D6819C0CDD75A14F0012F3A901F9CBE3A092B6AA9F63A743,1980-01-01 00:00:00,29104195,com.fibrum.gravitytrainvr,15,8,932224,2025-01-27 22:11:25.317289,play.google.com
1CD2C6D0B4340D2ED09918732ADA84C63CB3E257FB0BA4C05C6FE7F05BBDDFEE,2025-06-01 22:02:32,63750195,com.card.carddiary,153,3,12728288,2025-06-11 15:58:59.723665,play.google.com
1D86ECA27E85D8C11A6787861DBC62EAC8F7AB94E71D5D627E07D5673D0D7D82,1981-01-01 01:01:02,12924738,com.mybusgate.app,4,4,247668,2025-09-08 12:43:55.418351,play.google.com
1DB939348E5D684C381820E8D83A7F2D290C51D5E3609289BF32448A7EBF22B2,1981-01-01 01:01:02,4264117,com.myapp.yememi,20,7,1235644,2025-09-17 22:19:34.356905,play.google.com
1DDAB31E028EFDB56064872F62B1C86529B844B30DFBC673E703BAE5B3EB386B,1981-01-01 01:01:02,4942418,com.collapsar.sakwila.integral,10,18,7820168,2026-04-08 10:01:50.186143,play.google.com
1DF6B2ACD548A8BF7AB8F43BACBB42B64CE744FA287282985CA54677B421F414,1981-01-01 01:01:02,29249956,com.shortvideo.playlet,33026,3,8355304,2025-06-21 21:43:06.452627,play.google.com
1E00421EF577A7DF8D4AE30C18E57ACDE42BBF235B02C24BAE5DF1C74F0E7FF9,1981-01-01 01:01:02,9913556,com.fibrum.aquadromevr,19,3,8707020,2026-04-03 21:20:49.032781,play.google.com
1E453B91E1474ACFF5AC828127D7435FBE174A4E9CFBAB641A8D58C232B257C0,1981-01-01 01:01:02,2320942,com.hoptodesk.app,119,3,3926836,2026-03-07 03:26:29.052635,play.google.com
1E720736AEE027032FEB11E1FF8728A84C3DD0AA2A420FDB2D4FFF6B3BEB6945,1981-01-01 01:01:02,17566262,com.cleaner.goal,1111,16,9159040,2025-09-16 16:40:10.071984,play.google.com
1E983888A7969D781452618890BDFD66191BD0BAA347750169EA41DFF4D0F022,1981-01-01 01:01:02,36857098,com.ahaworld.ahaworld,10224,4,9239483,2026-02-22 06:04:46.619978,play.google.com
1ED610A4EB3B67BA4B9B4AFBC6A168D9740D440C02CEF7E689F4B6E21B49ECBD,1981-01-01 01:01:02,21360914,com.shadeed.clickvip,44,5,9649884,2025-06-07 02:33:21.664997,play.google.com
1F049B5DEE5C10E8D3982B03A8F8436021A61B70D1DB3FD6462C5786192D853C,1981-01-01 01:01:02,198606280,com.c2t.fscardriving,67,5,9155448,2025-03-06 11:08:39.793691,play.google.com
1F44972F0DC03CBDAB99F7B5BC143950001D7F522B07E289B929DDD3B87FEB0E,1981-01-01 01:01:02,45162873,com.ahaworld.ahaworld,10229,3,9642785,2026-04-16 14:09:38.547094,play.google.com
1F619EBDA0EB0538B95C3A56BF61416A1198AE126B355D69DD26FEC25BA9EC0C,1981-01-01 01:01:02,13832894,com.shubhlaxmi.goldstrengthmeter,1008,3,8151968,2025-01-11 10:10:47.983134,play.google.com
1F717CF641F42F0A5F1DFC82E5B27391DEAF3DEEE3085C66BF6F1C9B27BE82FF,1981-01-01 01:01:02,18011719,com.higuddu.metasploit,19,6,6355164,2025-08-27 19:44:59.321201,play.google.com
1F7309EBFC3E51C860F62D8B04D660D2CE750C8D33AC27B05E63A65B8DD968D5,1981-01-01 01:01:02,7398468,ru.ttgg.dotu,1100,9,5960928,2025-08-30 08:47:31.895948,play.google.com
1F798EF26F74EACD0D29500C9671F9E46FDB790F179FA73AA384756A049CCBAE,1981-01-01 01:01:02,4270034,com.fundsroom.fundsaudit,38,3,4669604,2025-06-25 00:32:55.926285,play.google.com
1F7C36E4C40DAAED5DA6A28FA6DDEDF032D452E63D727866EABD52D79CC6BB4E,1981-01-01 01:01:02,36742410,com.ahaworld.ahaworld,10222,4,9239483,2026-02-01 08:28:12.697175,play.google.com
1F811BF9A6720C6EB5488511E01EAD4EBD82B99D5CD7F0B40CD163FC0B96647F,1981-01-01 01:01:02,17859341,com.app.uengage.daleseden,167,4,8393972,2025-03-08 09:45:51.739877,play.google.com
1FA10F52DAB5920BC85E68D9EE8F9FFEAC83B93BD0476020157CD24601CCDC90,1981-01-01 01:01:02,43508896,asia.gainplus.payrolltotem,11007002,7,8559128,2026-02-21 04:18:16.858284,play.google.com
1FB5A1555FDA6F0ED71C67405015A1B63577CB9E8093FF67C061A06D7D42ADAB,2021-11-18 13:45:22,51972852,com.apiture.xpressmobile.cbctx.sub,1637242198,3,6655936,2025-08-08 14:08:59.833109,play.google.com
1FEBECEDAB0F33C7F9830D0860517C332F2C7E935724218FDEAF5890FF05EF70,1981-01-01 01:01:02,14729874,myfiles.filemanager.fileexplorer.cleaner,91,10,8434652,2025-11-17 23:29:45.597439,play.google.com
1FEFFD91795AE1E6995577A9654FB77F064BCDCA659C989B7DE2CDE7A9BB7CEA,1981-01-01 01:01:02,62935396,com.all.novem.books.app,23,7,10880108,2025-08-10 15:02:25.852745,play.google.com
1FFE9078FFCB1AC442C8AC55E120156BE944314CC178DCC8E6A1E41EF4242FDC,1981-01-01 01:01:02,13020868,com.diacoipj.meeto,12,14,8265800,2025-09-19 01:43:55.281305,play.google.com
201DAD4B7F088A58C23A69AB96057325E3A8FF2BA985332641312B79AD5ACA2C,1981-01-01 01:01:02,14368174,com.jpthedev.arabicbangla,14,4,5465612,2025-10-18 01:32:13.871371,play.google.com
2027A97A74EC6351E27EE65F6DD7991B4E06D97639A553BD8BACC5E8AB0A33F5,1981-01-01 01:01:02,16605347,com.jpthedev.hscguide,9,4,5465612,2025-09-02 17:04:19.841863,play.google.com
205E2CDA431343A7F180379A7E098940C221923587CDE9368C8305ADC7A4162E,1981-01-01 01:01:02,123704,com.ymp.bandservices.app,2,5,331196,2025-08-12 21:41:13.428358,play.google.com
209CF0728DFCEF4E2229F7B9500975D722B25605D7FE885AACAA4A4BDDE8BDC3,1981-01-01 01:01:02,20323806,com.b2you.segretaria.new,8,3,8604620,2025-09-09 22:11:00.737129,play.google.com
20A295CEACF84205E36429B69288B978A5403F7561B4F52F0CDD67EA844DCD90,1981-01-01 01:01:02,5291780,com.bd.amarbangla,352,4,3677116,2025-08-05 18:32:39.121462,play.google.com
20C7DD2B0CE3138C4767DEE738CF71603BFA35D53EE086A4B83214887931C59B,1981-01-01 01:01:02,10137251,com.routethis.networkanalyzer,126002000,3,7920544,2025-06-18 22:27:46.328254,play.google.com
20CDE20B9A75ECF76C9B054B8B8D44B6F8B6BD32F666327DC23388B9F10C4BB8,1981-01-01 01:01:02,43573005,com.shield.roc.cleaner,3,4,9845868,2025-08-17 00:21:21.125857,play.google.com
20F3FBF502EBB04080AC01C59BB3CAF97ED30383F955CC2AB84726361DDE80CE,1981-01-01 01:01:02,8360551,com.otkax.app,23,3,9338944,2025-01-18 07:41:26.500009,play.google.com
211AAFB5E589BA9A7A3D4D467499C0D4A7349D3E090C2ED6A477E83162C098CB,1981-01-01 01:01:02,18577533,com.siddhanthawealthmanagers.swmsecure,1,8,9332592,2025-09-15 00:13:51.217023,play.google.com
214AC40F3BFB7C68135316CACFADC76BD4944318417A0E4CFEEB12D140EBC086,1981-01-01 01:01:02,14225293,com.hotcourses.group.wuapp,52,3,11511720,2025-09-16 17:12:03.711587,play.google.com
218A18743918B795BC2181A696BDA98F6B349E25843C3433B87F4B6248C6780D,1981-01-01 01:01:02,16732073,com.cn2you.app,106,4,4924232,2026-01-09 03:32:36.823679,play.google.com
218DD37B476455936A38C6CEED94D5548B3C9944A0692DEA4E67F782F45217D6,1981-01-01 01:01:02,990750,com.SolarEclipse2023.P800,20256,3,363556,2026-04-22 11:45:23.895993,play.google.com
21962727550255B3C7DC80A1FDAD138F19AC887F6F3324F1AA5DBCAC7563F724,1981-01-01 01:01:02,119359729,org.amma.thecircleofgiving.french,10,3,1374440,2025-06-29 05:56:58.877112,play.google.com
21AAFCAFB5EB01D9FB32AF0722306D19C177FC5243FD41BD6E53E14892827790,1981-01-01 01:01:02,43781425,co.tslc.cashe.android,2417,3,8960300,2025-06-29 13:08:29.224070,play.google.com
21CC9A6E37CA61D307214A369EB899BE93115C313F66624E46804A578BFBFB4A,1981-01-01 01:01:02,3973399,google.android.b4,1,11,6605568,2025-09-12 03:07:25.647201,play.google.com
21E5A77CEA55BD55012CDA71605C27545D4C4CD5BB9480FA700ACE896FA36A9F,1981-01-01 01:01:02,84192669,com.tfy.cila,37,9,9429184,2025-06-03 06:24:33.983043,play.google.com
21F5B914DAA6FE3619CF2313AC4DAF67FFBF7B0257B66A0F3B8B1236DB00076E,1981-01-01 01:01:02,6974736,com.equipovision.evision2,4605,6,4313148,2025-09-19 21:01:39.084474,play.google.com
21F6D4ADFDE09344D47099126ADD7F1DBE79641BCCFFC7F9DFB9BCFAD92C8664,1981-01-01 01:01:02,42733165,com.silverbat.knightage,199,6,3706648,2025-09-21 14:07:36.552178,play.google.com
2237D74627129F45FD9401A2F56731C8F7FB7708FDCFD97D3DC58BDE993E61D9,1981-01-01 01:01:02,2320942,com.hoptodesk.app,122,3,3926740,2026-04-21 11:11:02.091069,play.google.com
22400CB0634B495672006DEF5827C60EDE5B5A11464A436C80FF7C3760A33EC5,1981-01-01 01:01:02,70801276,com.taismart.global,9934,6,8945912,2026-01-27 09:55:57.047591,play.google.com
229D220810FE3D5403CF93FBCB9D20C8FF12784133F972148F08F6A35EF7458D,1981-01-01 01:01:02,108255170,itm.ma961.wzbgfm,49903,3,30459204,2025-09-10 08:21:32.004644,play.google.com
22BA058A5B688B91F0C8F17F60953C6B95F369B1D3FD12FF62416621E399137E,1980-01-01 00:00:00,1819051,jp.co.axseed.bcagent,4030532,3,2194636,2025-09-17 02:38:52.703513,play.google.com
22C83A28553E206478C56CE5826FA235D42C447D26911DD64481371AEEECBEEC,1981-01-01 01:01:02,56682386,com.perception.soc.en,17166,7,3596572,2026-01-01 14:38:29.827183,play.google.com
22D75B5E63C9A1D063A0C0BD04B00DC1D4BBB4F900E40DD127AA67CB2F66067D,1981-01-01 01:01:02,3982957,com.vjv.sch,4,3,5466484,2026-05-09 21:01:34.550447,play.google.com
22F1B8A668AA874A6B4AE035E7AB9E5E4286DA17CCC935C9854004DE46AC266E,1981-01-01 01:01:02,88107670,com.bbg.police.car.game.police.car.chase,13,3,9652452,2025-09-30 00:45:35.090573,play.google.com
2309D2DDEB4594D6FE8490645062A3D9B01DF707E481B49C9A61A3D8E160D75D,1981-01-01 01:01:02,9881682,com.danceon.hotsteps,51,4,9203784,2025-04-27 10:04:03.561847,play.google.com
231726CE44BED4C58DA784964D09C6A0A4C79F9902FFFDED4E196E23D0EF472D,1981-01-01 01:01:02,4083391,com.montfortdsm.app,3,3,6841028,2025-09-21 14:26:53.156794,play.google.com
2321C04A010BF3ED50F8E28DFCA1D6A98779897CF61C5B49DE0DEDF01E35506E,1981-01-01 01:01:02,131949638,com.andromo.dev531271.app527511,1012,3,7638436,2025-09-21 00:13:35.982667,play.google.com
232A351AFB7F989F2F6B90D75F267E096717A93519D496F5B5CE178C8572E2D2,1981-01-01 01:01:02,17846171,boxnmove.mover.driver,57,4,9533496,2025-08-15 00:46:52.278410,play.google.com
232B09E785616323D34382727DFAD1699C775193B200F29F718D28BA397880DC,1981-01-01 01:01:02,143247252,air.com.playtika.slotomania,771060020,3,9366544,2025-08-05 17:03:55.736454,play.google.com
23507FD8DBEAFA5A661681213DF5A9F3D53E2F33C4682DFCBD5C7B411D6BCF1B,1981-01-01 01:01:02,15271132,messenger.messaging.text.sms.schedule.mensajes.mesaje.message.mensagem.tin.nhan,13,4,8636224,2025-10-01 05:15:46.246278,play.google.com
23561BC6A746B4B96C785FBF815184306BA25DAAE67B726DB2A577D07787C1CB,1981-01-01 01:01:02,42026637,com.chb.mobile.pmb,2025103113,4,9208280,2025-12-21 00:13:41.230878,play.google.com
235A646FAD32BB69D13168392BFF05BB842AE8775497DDF2EBD0361015D7741B,1981-01-01 01:01:02,96250871,com.andromo.dev391844.app754929,1016,6,7966636,2026-02-24 16:54:32.583929,play.google.com
235CD8B9C787964F26E58AA5AF319AED79BA1D541037F70FBD0379D8B8DFA38A,1981-01-01 01:01:02,42856114,in.bluapps.webapp,4027,6,4194348,2025-05-02 13:36:10.684672,play.google.com
2363872FA65FAC868FAE922AECA64B5CFB40E7BE06798B5E50876C1686348D22,1981-01-01 01:01:02,75944780,com.craftsman.dragons,1000000069,4,8730944,2025-08-15 07:56:36.422790,play.google.com
23B82E782206FA2AD57A8A6194B19D740AAA47AA0F312EF1B82215492B70581E,1981-01-01 01:01:02,71382090,com.tencent.qqlivei18n,17360,3,14468204,2026-04-11 10:38:32.185411,play.google.com
2418956F49700CFEF14BF827283F4658FDAE32E6241C4325917AB9ADA31BBA16,2025-10-31 14:16:10,8441235,com.axis.mobile.chapters.trans,1026,3,5985196,2025-12-17 13:44:22.139877,play.google.com
24D2C0D93587AF8C1622FEE4C9E3CAAFE9F29B497AE59779E22D2186F7FC905D,1981-01-01 01:01:02,108132290,com.lotusseattlecorp.knwn,49900,3,30442316,2025-05-09 01:45:22.338092,play.google.com
24D877A6237520C3A2BAE6940AB3D0625FC6276842441F9C895EFDC4288639C4,1981-01-01 01:01:02,70532592,com.bekids.reading,252661718,4,11046656,2025-10-02 17:48:12.966799,play.google.com
24FC708A2336EDF4B2541FDE996A1C22DEF59D9DCB783A8681CB75B8FCA1DA9E,1981-01-01 01:01:02,4372027,com.my.bahaath818.hool.alshetaan313,200,4,247668,2025-08-13 21:50:56.692977,play.google.com
2501EC378031CA1635A25F1AEE7C9927CA7FE0FA3285ABF392CD73F02FE6AC1F,1981-01-01 01:01:02,28144490,com.all.language.ai.go.translate,10200005,3,8516824,2025-03-27 21:48:55.298974,play.google.com
2501ECB0C5CB1347B77F134527144CD4931F6A4FB8D43F3142C901AD0D60A496,1981-01-01 01:01:02,51801302,com.christmas.santaski.downhillrush,5,6,9399140,2025-09-11 14:19:08.079995,play.google.com
250A4F0E82B5E9EAFC593E37FD77599C17ED2D296073A92CCE977712C0331E33,1981-01-01 01:01:02,6401014,com.dc.gtplnewsakola,11,3,5587332,2025-07-29 09:52:13.825279,play.google.com
252283EFD45E421049E932F983D13D6CAB5B400E7024F6167A7C74869EFE827C,1981-01-01 01:01:02,142069604,com.andromo.dev391844.app742612,1010,3,7517768,2025-09-28 20:37:56.451851,play.google.com
2560E28DB80D21D8540854EB7CF9E6294A15F14C1B4DB004D2781E4B59BF553E,1981-01-01 01:01:02,84223441,smashtown.hulkairport.paid,27,5,8695424,2025-01-24 18:00:04.318012,play.google.com
2566ABF15DAB18D60592279CC5783C62AC513EB0EC229EF392FE12B78F132698,1981-01-01 01:01:02,2206717,com.threec.pinmania,1,4,1244116,2025-05-18 03:57:44.475748,play.google.com
2566FA256E917B013181528E788720A574A502D065892CDB5E8AE97892013847,1981-01-01 01:01:02,5523003,com.my.taharaabin617.alsaeal312,200,3,247668,2025-06-02 17:32:43.438114,play.google.com
256E54F91C43E4F837F2022397BC55AC9730278CC3FBA6CAEB398871303991BE,1981-01-01 01:01:02,80024078,com.mxhd.PlantArmyAlphabetDefense,10,3,9388820,2026-03-31 19:00:15.487622,play.google.com
2574866AE66F474294003193D6700189AB9E4A0B4391656067BA48B7936E6482,1981-01-01 01:01:02,41778448,com.dramanow.shorts.app,31,10,9415832,2025-08-16 00:35:53.626184,play.google.com
25959ED60A4623878CF07DDDEFD1A97029AE71AD0E56CB45F79E22292A1B2A28,1981-01-01 01:01:02,12600098,com.upi.budget.tracker,7,3,8834780,2025-09-08 14:15:55.770341,play.google.com
259F7F7F417FBC8466D554962AAF0BDFE2473D867E25342A10DC989ADBAEB099,1981-01-01 01:01:02,19994174,com.my.mohb.ahl.albeat.tnoa3.adwar,200,4,247668,2025-08-16 12:44:05.649174,play.google.com
25C8A7E6386D11157EFCCFFF87613147951606751D36FF3B475ED5C5F490407F,1980-01-01 00:00:00,22137961,com.sbi.costco,13,3,6183988,2025-10-03 12:14:29.303695,play.google.com
25E661064A77858B2E1D9F01CAC6EEA38EBF2585D346C2202D3A9B3238965B4A,1981-01-01 01:01:02,108414914,itm.ma757.wrdt,50100,3,30442316,2025-09-18 23:44:53.021084,play.google.com
25F48198CD3CD88BBC2E72A1A0D83139D19EE0A2077AEF3B9F1E144C13C09C45,1981-01-01 01:01:02,10495518,com.metax.browser,110502410,9,7202376,2026-05-14 06:43:11.026632,play.google.com
2630E048F6D9C2A1F9BBE1A0DDED0291753060E5DEDFCD5775FE9ECD7C8AC078,1981-01-01 01:01:02,15405987,com.thinkmobile.accountmaster,2030025,6,8481648,2025-08-30 13:11:02.304906,play.google.com
2648BC07F867C1BA4E791FA993C0E65287DB390EF6FAB6C373D87BC9E1AB59A3,1981-01-01 01:01:02,85888363,tw.com.taishinbank.ccapp,90299,6,8894268,2025-06-05 17:42:46.906389,play.google.com
2668C4BF8CDC17E56FE3A662A04A4E75C7D9E825CE48F085156D03F694C6CCED,1981-01-01 01:01:02,42804696,air.com.playtika.slotomania,771380020,3,9745524,2025-08-05 16:57:14.237439,play.google.com
266A732D6688DB2506D7089A3BA47E9C46A156F0AB58D067A80EDE5C2FC12680,1981-01-01 01:01:02,12819478,com.conjugaison.verb04,6,3,247668,2025-09-28 19:02:23.624501,play.google.com
268212EE3F6794C651D0DC0C60038E6A1857CED7528238A64BB6282A1A7009E5,2021-11-10 19:34:52,51997434,com.apiture.xpressmobile.fsbwiail.sub,1636572082,3,6719076,2025-10-15 16:25:21.801783,play.google.com
268E265F9FC9A1D8BCC500B44E2A857EFD0ADDB1092168138D6493D8714DD1FA,1980-01-01 00:00:00,12804448,com.datingappunitedstates,89,3,8848348,2025-10-12 21:42:00.756924,play.google.com
26B00DD2C774E3DDA445993BDB77F9C09C0939CDB86FE2DE65D9D352E0323F9D,1981-01-01 01:01:02,121779313,com.gtmedia.gtshare,23,3,1371044,2025-09-10 01:50:14.989871,play.google.com
26EAFA33C9B8730FD8483573B2FD072BE25605D191A77AE29B7785DF33E395C4,1981-01-01 01:01:02,18417789,com.hiu.atlas,3,3,9335480,2025-09-08 12:54:05.042247,play.google.com
270B1DFD90B24F14ABB4D6924E38AE92634A9E7595FA88E4358EBE81B4201115,1981-01-01 01:01:02,45844099,com.andromo.dev391844.app404191,1016,9,7966636,2025-10-17 19:35:18.999357,play.google.com
2760B3AC1CE20CF928510A1C5416911F0F61ED8D00E1161AEAEB1F8413D728B0,1981-01-01 01:01:02,12031547,com.my.mohb.alklmat.alksar,200,3,247668,2025-09-11 16:40:05.349726,play.google.com
27956FC8CDFD3CAA0306CBCAE93C6B9DC25B1EDF4798A4831D2D9F1FF1DC829C,1981-01-01 01:01:02,74730306,com.craftsman.tnt,90112299,3,8730876,2025-08-10 06:47:46.046803,play.google.com
27A2920ACD10BD59807741A9A184D6C6AD58E1F92034389174D70E358A2BD852,1981-01-01 01:01:02,6389638,com.Sanskrit.gyan,6,3,5466484,2025-06-27 11:50:30.075620,play.google.com
27A7486B8FCF4D3EDA92142C234AFBD5A7127FE5430A9213658ABFDC7798152C,2022-10-02 09:30:04,16209965,com.intest.thailand.v2x_toyota,16,11,4866432,2026-02-21 21:06:00.089625,play.google.com
27C559FC08FCF95CA047885B9A122624A03B69A9C0EE0EAF975289C1A8F61A3A,1981-01-01 01:01:02,156824276,com.my.kism.app,34,3,261012,2025-09-21 02:05:46.566762,play.google.com
27DCDA103CFC22FB334D1A7AC9E212EE6C075866E73FF5BBCC401447FBE56E24,1980-01-01 00:00:00,4737378,net.ichacha.tw.eng,47,3,7286408,2025-10-03 02:17:08.643386,play.google.com
27E4D6475DE2BBE8F8194306B922841EE3FC078A4C04F3158C637AA13C9BA3C1,1980-01-01 00:00:00,22583175,com.sfd.rondure_hump,29,3,6185392,2025-10-04 02:09:34.756806,play.google.com
27FB4E4D708697AC140D4CAB236E3E1AB6BF218BACF5143CD632B47DCE2D6607,1981-01-01 01:01:02,3127997,org.nixgame.flashlight,43,5,1673380,2025-08-01 20:14:33.745079,play.google.com
281A8381C4FD13C01489633B9783D2C2F9D9B52D44E076ACDF0D83F75775F46E,1981-01-01 01:01:02,33847871,org.mcenta.app,346,24,7657516,2025-03-14 12:25:53.112402,play.google.com
281D56D62CA8140F03B730CDB74F9EA1F6F147CE471BA1D388411452BF16C26B,1981-01-01 01:01:02,20864994,com.video.videodownloader_appdl_lite,24,4,8238412,2025-08-08 13:24:56.273543,play.google.com
288AAF155B4A600D8DB751754ACC1B97B8827562A36A90DF089922D58FCD4AD8,1981-01-01 01:01:02,79385281,io.funswitch.blocker,5011,3,12088992,2025-08-28 06:52:35.714835,play.google.com
28AFB5CB091E5C62F7B3E4DE35678BD1CBDFC8202F2134F9F4A77711CE5DDE1C,1981-01-01 01:01:02,5397015,com.healthycompanyla.www.healthy,12,3,8934972,2025-08-12 10:14:32.280240,play.google.com
294436BF7BAEB2CE457822B2AED79AC860ECEB5BBDD28CA8AF643A2F53CD5159,1981-01-01 01:01:02,4542135,kr.co.chamsule.smartonepass_project3_hyundai,37670,4,2452436,2025-08-10 04:48:34.456688,play.google.com
298856EE29F1037313142434123BC07A125B7A4BC5A213889139F949E4990FFE,1981-01-01 01:01:02,15276560,com.anri.ds.sirenrw,6,4,8374984,2025-08-14 18:19:48.068111,play.google.com
29961CFD53ECD56426C362C630BC40D33474153887CAF990743AD21542C282D0,1981-01-01 01:01:02,77130761,com.kingstudio.craftsmanjava,952824399,3,8443032,2025-09-02 10:09:05.235908,play.google.com
29C13B19732BF054D695AB70F392002D8D0FD4B962CD3D6A0937E19792EF674A,1981-01-01 01:01:02,10890426,com.yatechnologies.yassirfoodrestaurant,311,3,9612132,2025-03-18 12:16:15.840164,play.google.com
29C857837F7D4ACB67FE1538E70DAEAAEF3675BC1A21C33CD2A0739B9DE4895E,1981-01-01 01:01:02,13423531,com.safeme.calculator,52,4,8491428,2025-08-16 14:20:19.812540,play.google.com
29D19D3A1AC97BADDB3E48DF0BE90CB092A35278F9B28CD90B20F2B31651A920,1981-01-01 01:01:02,30267230,filerecovery.restorefiles.photorecovery.datarecovery,125,4,43961834,2025-08-06 09:05:07.972054,play.google.com
29EAC23C7E6104BF61D9CF8D47096244FF5130D4D6A414581715A1DFA1FFFD03,1981-01-01 01:01:02,27778037,com.andromo.dev391844.app403359,1013,4,7517768,2025-10-11 11:43:15.328703,play.google.com
2A00C9B45ACC6BB8ABC2D31566448ADA895B489F7583719D5889F469DBFDE36D,1981-01-01 01:01:02,7797626,in.tikstudio.swedenradio,10,3,6485664,2025-09-24 11:46:27.437372,play.google.com
2A64C0E76CA05C80714FF7D940E6706A31EA2074C85BA46BDCC12199BBD222DA,1981-01-01 01:01:02,39584983,com.discovenger.app,2025031016,3,9648692,2025-05-22 16:57:50.728146,play.google.com
2A716BAEF8EE593938AC23B198282D0E5B8080C16CEEC21EA2C78DA13760D2E5,1980-01-01 00:00:00,6507915,com.vandersw.wenderlogbook,1070217,3,7055668,2025-10-02 01:20:53.822642,play.google.com
2AFB2A838125E1421D38E615BC2502B331BCB77138F889674F20E26A6F7145B4,2008-02-29 02:33:46,45738572,com.badr.english2021,502,3,929208,2026-03-09 18:35:10.367253,play.google.com
2AFF44510799D01A3D48FAF9F91B8C26F9EF4B86C0233FC3F6DF074BE1286517,1981-01-01 01:01:02,25488152,com.ultimate.cleanerpro.ucp,1303,5,8094120,2025-08-27 10:10:52.399533,play.google.com
2B0F19199D522100AE7E76582293387D61FBA4111C3AA0D6C093540CCF889D05,1981-01-01 01:01:02,43210840,com.fibrum.gravitytrainvr,16,4,475104,2025-12-24 19:43:40.455987,play.google.com
2B6AFC28BA0646A7614353957B06BB6ABA3E8267BE87F1CE199F08EA77DE1B8A,1981-01-01 01:01:02,5111103,com.gadeksystems.agmanualgh,22,3,9621240,2026-04-04 09:08:25.963692,play.google.com
2B7E0080BB230FFFF8868BC9C59F0550DB66AE053FA6C5444FD32EAA2842579F,1981-01-01 01:01:02,3784082,com.bunker.calc,7,3,5466484,2025-03-08 09:17:54.608573,play.google.com
2BD23484E0E4DBDFC5A3BE7AAB68F386284627C2DC390382E89B124304182130,2021-11-11 19:33:32,48293036,cn.neoclub.uki,132,5,14559752,2025-09-08 02:31:09.387516,play.google.com
2BDDDA05697E5DFA1F39402149BBFD94840179CD4023327567406C8D2985A1D3,1981-01-01 01:01:02,12881542,com.androidbull.incognito.browser,612,4,7244180,2025-01-10 10:43:45.821348,play.google.com
2BEF5A02712CE3A798CDDED21576A4CB4A5ED69DB9922A663A6599E50C00A9CC,1981-01-01 01:01:02,10186510,com.dgt.armyman,16,3,5772692,2025-10-02 15:38:44.909544,play.google.com
2BFB6B902AB02EEEEB82FF515AB2DF3096CCE1488A0C46CFCC0631169E9D282B,1981-01-01 01:01:02,11412140,tv.familynk,3744,23,7989028,2025-07-28 12:31:02.527424,play.google.com
2C00DDAB8A4BCF86B02D3DA1DE404FA20B5D4E259B2B60144D33607AE46C254A,2026-05-19 12:00:46,13888596,com.differ.xiaoming,92,3,14283092,2026-05-20 00:18:12.242793,play.google.com
2C1184A8BE1C3D70F1086B255FDE85ADF6FEC47C136B0C57FEF4EDAFC275CCC7,1981-01-01 01:01:02,17610483,com.phy2sec,59,5,942304,2025-09-16 15:39:21.792573,play.google.com
2CBEA4C532642A8462A8B4B6EBB3AA839B5D8884F8B1BEE63E7800B2EFF438E7,2026-03-26 18:50:50,96847500,com.impelsys.aha.android.ebookstore,159,5,17662047,2026-04-09 01:12:17.013824,play.google.com
2CCD1AB83299774D690BE431C742442DB23070A5C92BA79C08F2E254E24146A0,1981-01-01 01:01:02,6681797,com.fix.no1,2,3,9744068,2025-06-01 02:18:55.758860,play.google.com
2CE0069E8DFF02191923A04A2AC4408B5FC4EFD29E58CBFCF1B895BEAA3A9F14,1981-01-01 01:01:02,2539611,com.app.quickwhatsappopener,6,3,1720692,2025-08-29 19:31:19.214638,play.google.com
2CEEB53B4A4413075E934C5C1177C81F63022C66AC4DC5B76A309E9DE6B2BA14,1981-01-01 01:01:02,15422162,com.wazifa.ahmad.malek,3,4,5466484,2025-09-02 15:10:57.371177,play.google.com
2D012E6954EEC706C10CD3360F5D0E40A06D0BCA2E59F5B99DD9141B0CEE13BA,1981-01-01 01:01:02,21658686,com.zhengshiyun,113,3,9119068,2025-08-30 14:42:48.160384,play.google.com
2D26F3E59744464B65D5C4B3095BB2274B16BA9C15822376EE8B2F2ED59CAF11,1981-01-01 01:01:02,103497730,com.andromo.dev391844.app617492,1018,4,8576068,2025-10-13 01:09:43.463777,play.google.com
2D3C9881402CF0780A39AC93F5F0C59CEDFD76961E713A64FE419E2573C0B84A,1981-01-01 01:01:02,21925460,com.rs.project.store,54,3,7355792,2025-09-09 14:03:53.179886,play.google.com
2D3CC5E1BF2D3AB43A94176D6B4FD41C480A5C581B4CE6D08A00420DFADA7210,1981-01-01 01:01:02,56557006,com.perception.soc.en,17165,8,3585312,2025-12-16 02:47:27.200764,play.google.com
2D49C526136E2F8EB78469F1233EFF9DE928E461E0C0518E2AC3218207A51369,1981-01-01 01:01:02,34753912,photorecovery.videorecovery.filerecovery.recoverdeletedphotosvideos.novarecoverypro,13,4,7339488,2025-08-06 10:57:41.921357,play.google.com
2D6878E709146CEA049E20C4D77506C53B879EF22CC5B3317D369867F3DDB55C,2025-05-29 05:21:32,101997650,com.tagalogchris.ashtech,16,5,5466484,2026-03-09 18:01:12.545676,play.google.com
2D833E34681FE4E5767815B6D9C4A6BCCFBF752F3322D629B28AB77EF5D08FFF,1981-01-01 01:01:02,55492789,com.perception.soc.en,17148,8,3417232,2025-03-26 08:15:35.565952,play.google.com
2DADF3C2AD7D03A567329DD71F650F1AE2B3A07E80ADE99E15DDF285A3B34EC5,1981-01-01 01:01:02,15231342,com.proxifier,11800,4,8367280,2025-05-02 03:29:16.500991,play.google.com
2DCF5D1257DC03C82B3C22A0FF633491F3197FA38BC7ACE93A71E3113EB68E2E,1981-01-01 01:01:02,7890199,app.safecam,24,4,7413284,2025-11-04 01:21:47.767891,play.google.com
2DD49CF5013DA9B0A11E6D165AAD1B98D7A5B671D79FDC0AAAED20FBD4E39C83,1981-01-01 01:01:02,77016009,com.hilal.play,100559,3,9478904,2025-07-27 02:10:50.968559,play.google.com
2DD4F65416399A6D1A9D1B22EA7B4FCCDB0BF04230CEDECE29949971E22C50D8,1981-01-01 01:01:02,45784788,com.read.goodnovel,3671277,4,10287748,2025-07-08 03:30:52.156837,play.google.com
2E00A604271B460CBD1FF626B0A165DAEE9206AB0793D1A6716DCFDCB6E86223,1981-01-01 01:01:02,117005910,com.andromo.dev391844.app756863,1014,5,7966636,2025-10-21 23:58:42.102028,play.google.com
2E1802F70B04B16E813DDB5D122E497F9B6C95065918894F3874042177700BA5,1981-01-01 01:01:02,43285307,com.solara.pdfreader.pdfeditor,15,8,4523708,2025-08-15 10:31:28.386631,play.google.com
2E5F10F258E064129D5052017D71E2957411AE82D3719B9EA56D85275918D0FF,1981-01-01 01:01:02,145592207,com.phoenixcontact.macxtimerrelay,221223,4,3740564,2025-02-07 06:11:15.899826,play.google.com
2E63AF82D6CFBD3F0E090F1A21F7863D062AB1FBAFBAB0FE86E1F47A76DC3D9C,1981-01-01 01:01:02,3607417,com.yuocanste,1,5,5466484,2025-07-09 08:11:16.977950,play.google.com
2E6E0A2667E1B9DC52E0FBA9DBEB6BA3DCD8E5BD9839F11C8439EEEBB55421B4,1981-01-01 01:01:02,8157315,ru.ttgg.slavdict,1600,23,5960968,2025-09-09 05:59:50.508088,play.google.com
2E799E413AE64A179288DC86BA364E566700B221469A73D0264ECE9F63B9B9CF,1981-01-01 01:01:02,14750433,com.huahuacaocao.flowercare,3112,3,8568716,2025-08-15 21:07:29.708497,play.google.com
2ED613391968346AC07855413ECBB1FE681690B3D0D94F3683891682DCA77AFF,1981-01-01 01:01:02,17328734,com.tx.en.s,2,3,5836188,2025-09-21 13:34:50.378664,play.google.com
2ED7265369EEC616F759AE692C0E30683ABA6F05B99149A898E732114CD20B41,1981-01-01 01:01:02,6558986,com.my.expertfootball.betting.tips,20,3,5466484,2026-02-07 18:29:12.743463,play.google.com
2EE04DEA1F9BFE9B7F2287BE64CC8DC310360AB92F94AAB1C35A1B055A9CBE0D,1981-01-01 01:01:02,120655206,com.bekids.jump,27,3,10223130,2025-10-02 13:57:16.282577,play.google.com
2F0BE9F820A0F106CAAC3DBAF839F499CF4D320CFD5D5B6F6A2AE715A941AF47,1981-01-01 01:01:02,8445460,com.depositcalcul.mirapp,2,4,5465612,2025-09-21 19:30:10.002680,play.google.com
2F1129AFC5FDB09A7280A43E0F30F48D211BA54D777DCEBC00934604C4AF53F4,1981-01-01 01:01:02,53117919,com.samiksha.exceltutorial,23,3,6398808,2025-08-04 05:50:26.736362,play.google.com
2F1A52380E8963FC393018D0AE466C4C3C2A558F137B9E6421317260C697A1A4,1981-01-01 01:01:02,7475622,com.github.stream,222,3,9599740,2025-03-30 06:54:56.076576,play.google.com
2F6821E5ABC475B3BD46DB9D914515354DDEF4D3AE17263147A11A4DE7823D87,2025-10-16 11:14:48,51261252,com.isprint.mobile.android.cds.customer2,99,9,8794227,2025-10-17 09:48:19.123321,play.google.com
2FC3BAA4D31BF698DEFACF4579E1CE3B2DA6109C7D234C5C5676E306A7ACD8F6,1981-01-01 01:01:02,30557482,com.cyyhubgfx,5,4,5466484,2025-08-17 09:14:35.368041,play.google.com
2FC5048B249AE1327914F5BA514C048DF34638EA98201CCA9C795B5C7EA5A90A,1981-01-01 01:01:02,56236049,com.andromo.dev391844.app412695,1016,8,7966636,2025-12-21 16:14:14.469578,play.google.com
2FDEE3E9537D5A9635FE31E29A3D651B5883347A1D595CAB1DBB2C4E6CE87518,1981-01-01 01:01:02,6857995,com.crm.bittrackerz,2,8,8891384,2026-04-24 13:24:17.387421,play.google.com
300A02E35DF577BCC5BBC6566BACF02232B93751A03361C9E42BBE725CA12F85,1981-01-01 01:01:02,41047642,com.bekids.reading,260361457,4,11046656,2026-03-06 10:04:20.375685,play.google.com
301534820A778DD9EDFE043AFE856FBEED57D3B7BE738A04D8A9645B4BEDE791,1981-01-01 01:01:02,34528931,io.blinqpay.qwid,403,8,5175716,2025-12-20 12:31:52.798642,play.google.com
3016671301EA165663AB51165D05D8778229660EC29404B1D61A9811949AF563,2025-10-15 16:26:32,9343580,com.isprint.SWIFTToken,28,6,893133,2025-12-19 09:33:49.674719,play.google.com
305815DB7F5030A42E8F7B15EB4DDB3EB9ECED9E1D5C3962B675BB6D638B6488,1981-01-01 01:01:02,4415995,google.android.a65,9,3,6512520,2025-08-05 20:21:08.855190,play.google.com
30744A5A84128761E4FFCA7A0D007D327D463CF5E12BB2BAA7F4CBE9089A83D0,1981-01-01 01:01:02,23298251,com.shtvrebrand.iboplus,47,6,9649856,2025-11-24 02:07:16.136812,play.google.com
30BC9B9E23C089C31EF044B05EB53D340385A89FFBDD70DD4607C9EC9499B3F0,1981-01-01 01:01:02,16458810,com.wheelof.randomm,1,3,7824632,2025-08-13 00:53:58.144532,play.google.com
30E302D4A3984D5A4F12A2A24A796275A9190B2C5E26AB33BD323EAE4E542701,1981-01-01 01:01:02,16070919,com.synosky.neonwallpaper,9,3,7427416,2025-09-13 09:36:58.155679,play.google.com
310BE1ED2B02FAA51137F82E4FEDEA7CCA3583F61EFC78496E0E278BD618C10D,1981-01-01 01:01:02,18475133,com.procrata.dura,2,3,9331800,2025-09-12 07:05:52.255606,play.google.com
310EF2C30C0E7D48435540FE21D128A2BE247664B6C915D79893CE01B946B876,1981-01-01 01:01:02,106466165,com.andromo.dev391844.app403964,1028,6,8649932,2025-10-18 08:49:31.284242,play.google.com
3126649091170D6CBA661AC0FCFE743D1827FA38DE7E9C855D1D848C6A70157C,1981-01-01 01:01:02,46835008,com.bekids.gogotown.unicorns,151,5,10482955,2026-04-27 17:49:25.319600,play.google.com
31296B4672B8CBF8166D910107311D0CA3416FBE46BC16756D193870D020CA3D,1981-01-01 01:01:02,17003720,com.app.uengage.zusteat,10,5,9388936,2025-06-05 11:44:26.081023,play.google.com
313A231605D964CE7E3A4B0D7F6529723DF0B7885B2A50050D139081B0036FDC,1981-01-01 01:01:02,90933311,tw.com.taishinbank.ccapp,90328,7,9043876,2026-03-30 06:45:30.656456,play.google.com
313B08FBC860DB1A36C9267EBF02F96BAC76A3A52835FC5814DDFB2D253109F7,1981-01-01 01:01:02,42338875,air.com.playtika.slotomania,771321920,3,9744892,2025-08-05 17:19:35.494437,play.google.com
3161131215334E8A9BE0521B045C9567091C63AD956EA212F8D83F43FF6240C6,1981-01-01 01:01:02,54879856,com.jelly.block.fusion,70,6,8186804,2025-08-06 22:16:58.372671,play.google.com
316974BC7A0EF1885B5F517B349FF56C1651D93B7169C0E06C5EF3EE11700B03,1980-01-01 00:00:00,9521444,com.katabijakorangsakitagarsemangatsembuh.insurancelifeandtrandingforex,10,3,8397908,2025-09-24 20:47:17.726033,play.google.com
31742A938BC82D92A986ADD9E3703360CF8CE7503B03999CC698632E01D19986,1981-01-01 01:01:02,22843999,myfiles.filemanager.fileexplorer.cleaner,90,12,6841324,2025-09-23 14:53:15.545475,play.google.com
31855622088010E43228545CFED58F6FECAB8761B5C82E2A93F51C9BEF813A6A,1981-01-01 01:01:02,120760598,com.andromo.dev391844.app726084,1017,10,7966636,2025-10-18 03:55:35.496526,play.google.com
318F1B45699666132843B641015E6DDD5FB4F7CE2E69E8917F1935AFCF5CCFE8,1981-01-01 01:01:02,11269065,com.ibolobo.app,37,3,8541404,2025-04-20 23:41:46.753696,play.google.com
31E57D35FB5A7E24D18DF94E2625BC7940882FB693C6C77014388BC5B3D07D26,1981-01-01 01:01:02,53560809,kz.home.capp,947,4,7539768,2025-07-11 06:29:29.277778,play.google.com
31F9E745E951984A18ACC97FE5578792C2AE219DB58332023F678579F0211889,1981-01-01 01:01:02,6714690,com.peyman.dateconvert,82,3,8140768,2026-05-01 08:28:16.770970,play.google.com
320F7BBAF34DD49459575C7ED7887473E8B9458EE96F42E5BB1F16BAADDF97BE,2025-09-28 17:47:12,45825451,com.lomolsoft.dict.eedict,250826,3,10432356,2025-09-29 20:25:08.596277,play.google.com
3246205400D1A9EC2D77D62B1BBC258E6649D4AFD443CA47A4200AA2070E771E,1981-01-01 01:01:02,107024856,com.sfd.hump,59,3,8596248,2026-02-20 16:20:02.333009,play.google.com
324A7ADDD77429E763E60FC9ED7BA98E1E3B8E1931F6F8C6F3340829CDADACDB,2025-02-20 16:18:08,67009140,com.uclbrt.qrclient,2325,3,7698808,2025-08-06 23:28:57.524636,play.google.com
324B80459BAE7F5FC25FCC4FD786BEE48DC305D587E6279D7B088DE10774E65B,1981-01-01 01:01:02,100531226,com.my.newdoudouprodject2,2,3,28824,2025-12-28 06:10:14.680091,play.google.com
325DD0FC7B49E6A85A40E1F39636CC69252B2BD660AD081F80AB0D3E914113DA,1980-01-01 00:00:00,14278254,com.mobincube.estudio_biblico_nt.sc_HB5SXL,1,5,7892924,2025-09-09 00:53:40.977394,play.google.com
32715FEC15C858EAD69874621CAA58E68D7CD38DD5D77F5567F1DDD536DA23A4,1981-01-01 01:01:02,6716942,com.subhash.ghosh.sg.bhutan.result,10,4,5465612,2025-06-10 23:14:33.925602,play.google.com
329F6F368E4ED78F8EE5E131B70F90E5E98AF915B77FB91B124C07285C2288ED,1981-01-01 01:01:02,4498606,com.gsysapps.ImAlright,104,6,8834016,2026-04-10 08:01:18.794724,play.google.com
32E4F7DACABD331986408BA103B54A42D0F87EEE6907F0AB9C843194E3E24B7A,1981-01-01 01:01:02,4329235,com.kotlinsun.unirangame,1,3,6690184,2026-04-13 18:32:49.960107,play.google.com
33331043BEBFDF66E11004A6E308994AFB7FE0CC1752371AC2334505E953425D,1981-01-01 01:01:02,28673807,com.SingKing,137,3,8913748,2026-03-29 17:15:16.096344,play.google.com
337D6D23D85AEFED0F78C4BFF297769F3DDEA3F5A9211E73CFA00B3015249504,1981-01-01 01:01:02,113838018,itm.ma761.kbct,50100,3,30442316,2025-10-05 00:01:30.432943,play.google.com
339365977ACD1B500B2F89FD1EC94DEEC71F4C33544C7A415405A5964148C5C6,1981-01-01 01:01:02,19237175,com.app.uengage.justbark,201,6,9666428,2025-07-07 17:21:15.644978,play.google.com
33ECF14DF7929BC59127A7EFCD4C907F5E5629A232B588E742FE92F3E3EFDF6E,1981-01-01 01:01:02,2277360,tw.com.hantek.xyzahg,3,3,1322256,2026-01-13 12:05:10.611463,play.google.com
34213A23D22B4BE609FA582F7BD58FC50EBB23366C8C3095E16AC808BD82C06E,1981-01-01 01:01:02,49356752,uni.UNI888666,401,3,9090624,2025-07-10 13:52:11.062544,play.google.com
348CBF90F3955ABFA3049A93CFA7D1499075771ADB6ADCC686218BFAF1BC21A3,2008-02-29 02:33:46,44321014,com.badr.english2021,489,3,928712,2026-02-17 14:04:22.193338,play.google.com
34F1875EFF83EE66A768669D55799340C0344FBD6AACF481EEC2140C4180C3E2,1981-01-01 01:01:02,4713771,com.thecybernanny.adroapp,595,7,6635444,2025-06-05 17:04:03.286640,play.google.com
34F1F0F2F319214A83CE1B43304815EE9C7A3479DC8DEFE9CA6BC5ACAB889CA5,1981-01-01 01:01:02,15380754,com.shadeed.var8k,42,7,9649820,2025-07-30 04:50:24.023725,play.google.com
34F2D662D2A30EC9C9024CCD5E97802E022DF4AEEBCABA8B875BC09674F515A7,1981-01-01 01:01:02,10073886,com.company.gplaza.hotell,21,3,10472564,2025-09-15 02:26:52.354973,play.google.com
34F825A814C09DEEEB08D4446752B3A36AEC1E8CD7EAFB10B166C20D4C946926,1981-01-01 01:01:02,29249077,com.VortexAppx.ThreeDLogoMaker2023,20,4,4749136,2025-07-09 10:18:38.404702,play.google.com
35060DB7B0A6AC97555E0A2F18917AF8F06E980D90176830A34D5CC31A1DF384,1981-01-01 01:01:02,5931867,com.question21.answer,25,3,948492,2025-07-30 03:17:09.167695,play.google.com
3509A8DCFE5C0EC42446FB5F96DB7ABB1263B6114CEFE2DF3F7A12C6B5DD7293,1981-01-01 01:01:02,132020903,com.andromo.dev391844.app452702,1017,9,7966636,2026-02-16 08:36:14.081192,play.google.com
352C2672BD00380092515E58102C8E04F8DFDDF6B6608B3B3C86DB943B77332B,1981-01-01 01:01:02,19818361,tm.malaypocket.com,2,3,6654028,2025-09-09 06:01:30.582380,play.google.com
355EDFF3A3F11C94F3BA30AD593301271479AC4590FD27D48B4150CDCE6A71BA,2021-11-10 15:53:36,52419322,com.apiture.xpressmobile.x2zsmbpm.sub,1636558667,3,7146528,2025-09-20 17:49:19.690077,play.google.com
356A06AD1BFEDA9E48E0054317F4546D8863F8DECCD48D7C5A61E77924FEDB8F,1981-01-01 01:01:02,72079795,com.googlep.sanguo,177,6,1240724,2026-04-25 05:24:26.052803,play.google.com
358E85670EB3EC3C807C4C67143D36DDC4B38FE844F243D7E16F93342BA24431,1981-01-01 01:01:02,21314753,com.native.messages,55,3,10018272,2026-04-26 07:26:02.614483,play.google.com
358F7FA77C4EBC13BB7E878F40BEDE6DBB39061F9F6ED912C6C2162751D1C12D,1981-01-01 01:01:02,115352060,com.andromo.dev391844.app844474,1022,11,7966636,2025-10-18 15:03:49.442672,play.google.com
35E67B12FE19F19F25EDDB44AB0DEE3861DE4F78DE3DEB7F47E50E5E0666E03C,1981-01-01 01:01:02,135579501,com.andromo.dev391844.app576829,1017,6,7517768,2025-10-13 02:06:41.464269,play.google.com
3629F9CE875E458469AEA4A769DCAB50CEADDC76BB64AC851102D6B76447F1A8,1981-01-01 01:01:02,20143602,com.lynkit.eBilti,32,3,8726872,2025-11-14 10:59:32.807344,play.google.com
364370B1C13F5D65E28B7EC04DBAF90C82077DE4FB9AF69A4B438024424CC251,1981-01-01 01:01:02,86592752,tw.com.taishinbank.ccapp,90293,6,8910996,2025-03-14 15:03:26.311561,play.google.com
368DBB39E5C5B5BAF3AF1949336624B43290DE5C1F4B13E33A984335973B414E,1981-01-01 01:01:02,7601219,org.ctf.nfdiagnosis,18,3,8664780,2025-03-09 15:14:23.224148,play.google.com
36A49580B0AC6FD165A1DAFD9C9A634C6314AB11FD593210D90555353FD2C096,1981-01-01 01:01:02,51333264,com.tfy.cila,60,3,9568636,2026-03-15 18:32:07.837443,play.google.com
36A752117F307C65D2978956928671BF04558DF1CE2DF576B236BC01304B2CA4,1981-01-01 01:01:02,24634534,com.mevesapps.devocionales.cristianos.diarios.escritos.audio,35,3,9456672,2025-09-15 19:53:15.668154,play.google.com
36B3BE0565E0955B51D729A45888F55097C0ED3F6C4469F2F74CED6F2A10685D,1981-01-01 01:01:02,7022835,com.gearandroid.phoneleashfree,275,9,8111836,2026-04-15 10:35:52.434498,play.google.com
36CB4CA9214D9D4BA868694C029F4BF1BD511998898D19D8BC2D51F0346932F2,1981-01-01 01:01:02,9084521,com.routethis.hawaiiantelcom,126001010,3,7221804,2025-03-09 11:22:03.746150,play.google.com
36CB92C709EA5D8186CC2198BB1693AE2807E7BA2CC668174A77181340611DE3,1981-01-01 01:01:02,23933122,com.svantek.ba2,55,5,8292268,2025-03-24 09:55:52.043963,play.google.com
36FCD570A2D0C552DE12880169FE4CDC0837EE723190060D1CE2E21ACB61BA27,1981-01-01 01:01:02,46409446,com.gyroor.es16,2,4,7778580,2025-08-14 13:27:23.511960,play.google.com
371BFCED349F62775482E342D7589085F80A33D4EF303E851A2ED85159E14808,1980-01-01 00:00:00,28903264,com.fibrum.lastfloorvr,6,11,932980,2025-06-07 14:49:21.952608,play.google.com
37992D89AE484DBD2999F2377EB6894BDC049ED01B24C2882EEB7A14A99EF0DD,1981-01-01 01:01:02,811491,com.jinmedi.timeinnature,21,3,489880,2025-08-31 11:21:03.409502,play.google.com
379CB2C4A57E64ED7837162756ADE66342ABB3769EA5A43B90BCFD3110CFE569,2025-08-21 15:21:34,94799465,com.life.palm,59,6,5786148,2025-09-10 20:20:04.270710,play.google.com
37C0F6CA6672B6E41692F1EA834FC4067D3EC82B7D05CD66B8BB92B883C65FC2,1981-01-01 01:01:02,24430999,com.andromo.dev391844.app565436,1016,9,7966636,2026-01-26 16:59:00.266661,play.google.com
381FD9E528CCCFBB5EC210D67D84E597CC8793E2CD83DB2A3F4712A901FCFF29,1981-01-01 01:01:02,13436063,com.s.phinxtime,3001,7,11026880,2025-05-26 00:39:06.491847,play.google.com
3825E479955C6166E7BF17905CE02951C42BEE230E7B4E32642B0642CE2E19FC,2025-03-26 02:18:28,9259471,cn.trinea.android.developertools,8700,3,6592120,2025-04-06 10:51:58.960010,play.google.com
384872ACE30B04D2BF1DC1E53EE7D0BFAA2401FE665F66F57B90CC53C0C6FA12,1981-01-01 01:01:02,71344410,com.thelocust.doctornowhere,900000000,3,8506128,2025-08-10 21:45:25.790325,play.google.com
388F57B54505C25BB33990112D7C3207A694E8D7CFDAE305D2A5633C59473DD6,1981-01-01 01:01:02,143804516,air.com.playtika.slotomania,771052520,3,9366544,2025-08-05 17:03:23.289153,play.google.com
38BC39F7BC1ACD5B799A5A151B92BF3F75A8998B390ABF13480E82AFE198CFD3,1981-01-01 01:01:02,7817095,com.bpaulenterprise.sicbolite,1,3,9516084,2025-09-21 16:51:44.067768,play.google.com
38CD14905475142481981B06C53987A0DDDBF7003E89F792AE3A68FCBA7FC088,1981-01-01 01:01:02,10168100,com.v83043567.kedi,175,3,4651568,2025-10-05 01:18:12.608740,play.google.com
38F9F3E95CAE4A6F5E64770630A30BDF89C6F8E42D9F1F7AE9BAD31459EBD760,1981-01-01 01:01:02,4796872,co.median.android.xxzjmx,14,3,3225808,2026-04-22 20:37:39.583353,play.google.com
3924CDB7DB3A0A8BF3B98A6618276C755C0B913557E766D086932839560EC486,1981-01-01 01:01:02,1555509,com.winperfil.winperfilapp,10005,3,1287224,2026-04-26 18:56:43.662820,play.google.com
392C67917CA5289D1C96B503FA9DEB764D6AB7A6CFBCB01975A8650BAAF5A029,1981-01-01 01:01:02,32044904,com.kh_super.android.supermerchant,277,16,9054552,2025-08-04 23:37:48.813186,play.google.com
39454F7BD7A7D2163D5BA39256B1552AF243D103E9ABAC98EDD3B4445A68313C,1981-01-01 01:01:02,136845033,com.andromo.dev391844.app583677,1026,4,7966636,2025-10-19 12:42:12.743058,play.google.com
394CCD52AC8BD582EC2B0B48D0825A2D2C9188A8DF9358C5DC1BA303F96720E1,1981-01-01 01:01:02,139881904,za.gov.gautengPanicButton_new,241,3,8918220,2025-08-04 17:50:08.280210,play.google.com
396210C252457D90C94CB2C8B77E96ACBE793A8E67721EB16F82754A1779379F,1981-01-01 01:01:02,10240065,com.chat2020.app869028,17,5,8833132,2025-09-10 22:30:42.022237,play.google.com
3A0C32C127DDF0692D3C770C6FD11E3EEFA76BAA6F40B156DDC04193F4F92EF3,2020-07-23 23:09:04,9525238,com.keystone.smartloop.light3,42400,3,3457680,2025-10-14 05:33:50.769032,play.google.com
3A5111C20EEBFB00D826BCFA369A0AE5CCF4E957EA009F37E724A61DF789EC07,1981-01-01 01:01:02,9075448,com.botaotrick.nickshock,24,3,5466484,2026-02-04 23:32:57.324815,play.google.com
3A5D2C06E5EB673ACDF31D46C5C574588DCDED811DD716C11EE6F2561D6AB49F,1981-01-01 01:01:02,25006245,com.GoldenFish.rewaytelsemfeasal,9,3,6904924,2025-10-20 00:26:20.149280,play.google.com
3A5E8E7CBCD1D1364EB2A05A7AE3B755A3725E09EDAAE533ACB6A6E5A8F028DC,1981-01-01 01:01:02,9876047,com.alan.tqd,102,4,5026880,2026-01-16 01:01:55.679119,play.google.com
3A758B5F869C0191DB8E49E4C7973FD3A7674F26608E62C2B094D2C78D560C4D,1981-01-01 01:01:02,6626706,com.peyman.dateconvert,81,3,8106112,2026-02-22 03:11:31.870068,play.google.com
3A8F137A3F5DC361A2A3F6605924D6C052588F004D0ECD7AA8531B8643E72C22,1981-01-01 01:01:02,14114174,com.shubhlaxmi.crudeoillive,7,3,8197496,2025-02-16 02:47:05.286616,play.google.com
3AF8816D7AB93EFF5181CBE305B2B8EE1D367711478D5FC35FF3011B9EAE64A7,1981-01-01 01:01:02,7960412,uni.UNIEF8864C,121,3,9222460,2025-02-04 18:54:16.050117,play.google.com
3B4121C628CF72D4ADE0D254A31E01147F5F8DDA54C0EC7E8E6823D802BFAD63,1981-01-01 01:01:02,37212760,com.peachu.chat,20100,3,9424380,2025-05-09 17:44:47.260269,play.google.com
3C058A81FFEAA6DDC1B8702448984A36C6EB57313FFADDF747CBA03E87FA6402,1981-01-01 01:01:02,44735244,sismobile.parsisplan.pt,33000219,7,6143484,2026-04-10 10:50:25.722069,play.google.com
3C228616E51AD40DF1A7206E1D475D743C27CB264F4574A85DBFBEC19EBFCC23,1981-01-01 01:01:02,31240965,com.lilian.sai,8,4,8585690,2025-09-08 00:51:00.674785,play.google.com
3C39C824ACEAC2B2FDDB79AD5752A674154DAD1B4249A94A5BF13BDE42255D8D,1981-01-01 01:01:02,84557975,com.herogame.gplay.kowtw,50094,3,9424032,2025-11-20 12:09:10.145196,play.google.com
3CB22332DB4051E37E9657F93A55CD8B990840E8B2D1E92B1D9587E205153BB1,1981-01-01 01:01:02,73822808,com.tfy.cila,19,3,9156440,2025-01-26 19:34:02.871991,play.google.com
3CBDF2FB8003C74C27C8918F07F3FF120BD642DE38478AC7C70BD0EC18BAD0C4,1981-01-01 01:01:02,20037096,com.ycspr.yibzer,1360,3,9763180,2025-10-13 22:27:46.137964,play.google.com
3CC6DDE3CCA0458CE9BACA8B9116ED437C540CC156F32A8DA90D98C5F12947A6,1981-01-01 01:01:02,7618835,com.cl.ezpeso,26,3,6908860,2025-03-13 19:56:58.401180,play.google.com
3D1911536205A9BC167CE98993D8DC18B24CF11DD78AE082F41CAAC6DE17C7B1,1981-01-01 01:01:02,33690997,com.nimbusapp.allrecoveryfiles,13,9,9106708,2025-10-08 10:42:20.006025,play.google.com
3D4E61864A029B169171C0476603CE6FF7745F4F6B8FB1F832803560F8050928,1981-01-01 01:01:02,122895051,com.andromo.dev531271.app507937,1025,8,8113044,2025-10-16 14:00:36.011403,play.google.com
3D544CD0A4D5566AA59E484CB79B2835C3399BA7859703AB6314F4815266CA0F,1981-01-01 01:01:02,8910246,uk.blueapps.nrsv.bible.player,1459,3,8418900,2026-01-09 01:03:03.883980,play.google.com
3D6539E4315DB5BF2406B94BCE3AA5C06BB287F8E4031EEFE6F821715468DDB2,1981-01-01 01:01:02,49579979,com.fillcontracts,10530,6,8218728,2026-05-11 04:57:55.372394,play.google.com
3D757CA8591A0AFFD60F96EF43BF04D6CA916926555189FAD73F9869A01E290F,1981-01-01 01:01:02,57076877,com.andromo.dev391844.app731731,1019,4,6957476,2025-10-18 04:58:17.222469,play.google.com
3D7F7ED41B6E606B01E79CD0D1169A4174A38065EC92E2CABFAA34C0A4D5B528,1981-01-01 01:01:02,25262559,com.rvx.netcinepremium,39,3,8275116,2025-09-13 02:21:24.987904,play.google.com
3D881150EC847F4B9155B083D04355B6AAEECBB15BE7E41FA7406629E968CD62,1981-01-01 01:01:02,19764253,com.app.dumbify,27,3,13737248,2026-02-19 21:06:50.867437,play.google.com
3DA26EFC228A8FD0A8061446076E7B922C51E39D8E44EB95E631362EFB17616C,2021-10-28 18:20:14,95084064,com.tangerine.live.cake,181,3,7699932,2025-08-12 01:11:34.614483,play.google.com
3DA5AC92D3132E4B5440898ADE2A196D4705A7F8F55D5D4F4385756539869EC1,1981-01-01 01:01:02,18176459,hjx.kasfire,149,3,2515556,2026-02-19 06:29:57.456175,play.google.com
3DD1A3213268E0B4463CC6AC0218DC70CED9A2C819733B876751F117F9A5E37D,1981-01-01 01:01:02,77616324,com.santripesisir.habibsyech.offline,4,39,8097352,2025-10-14 14:26:06.459297,play.google.com
3DF8141C13F0C31C751537115A3125F099CA5AF273B2C4F4C676395BC4E1C585,1981-01-01 01:01:02,12266669,com.androidbull.incognito.browser,641,4,7227396,2025-04-20 09:38:54.719078,play.google.com
3DFD3635AF65B377996B3FB14CD1F6D13DEEF9DA75E07E13E7A6FF19C910A8D9,1981-01-01 01:01:02,11862851,craftingtv.pink_house_mcpe,801,4,8580284,2025-08-06 15:14:15.518150,play.google.com
3E1786777A1DCA0E389B0798FBD46AF20D11E644DC78583B4F5BDDD667188556,1981-01-01 01:01:02,8380384,com.skyline.perfect11,2,4,7263920,2025-09-16 05:32:15.381748,play.google.com
3E25B7FFA2263EBCADFB37703EE76668BD785B5B03248A5C4905D9A46F9FFD6A,1981-01-01 01:01:02,35580511,com.rydbrasil.driver,132,3,7176664,2025-10-17 17:47:43.917914,play.google.com
3E717DD6DF6D93B25982F57EDE5E781283CD97E086998221822874CC3F31C717,2025-08-01 21:02:50,7185622,com.cast4tv.keep.screen.on,10,8,8924672,2025-12-29 02:17:08.518248,play.google.com
3EA352D52707FC5F9FC8A3081AD481E5F29D3DF4CC23E5A4F50495F53F531536,1981-01-01 01:01:02,109754306,itm.ma739.komp,50100,3,30442316,2025-09-07 12:26:15.083804,play.google.com
3EBAB6FCF799A39BC945B6FD45B7D769E8587594ED976FA907604C2845FCC9C6,2023-12-25 14:35:34,12752691,com.lomol.workout.loseweightm,231222,5,7962252,2025-06-09 15:55:15.554678,play.google.com
3ECE59D9648D11F23E27DD21652B637D1524BFA7CDC2D60D65F2C3BA7DF63413,1981-01-01 01:01:02,36328065,com.VortexAppx.ThreeDLogoMaker2023,25,3,4481776,2025-09-11 23:55:33.519545,play.google.com
3ED25EA491F27E139F3579CB5912EDF322EEF920972C0B500BB69CE3FE598FFE,1981-01-01 01:01:02,25160949,com.svantek.ba2,63,5,7708040,2026-01-05 11:13:20.722876,play.google.com
3EEEB0DA92880BFD389DA99196BE62713523C14CB58324A4AA05397254BE29D3,1981-01-01 01:01:02,12639373,com.msvipapp.bluetvpron,1007,4,8678572,2025-09-18 14:51:17.496886,play.google.com
3F236445F2B5580004AC2EBE1EA54B56E89E7C3A37CC145CF96A89E79B869899,1981-01-01 01:01:02,13065867,com.androidbull.incognitobrowser.lite,635,4,7233720,2025-04-18 14:49:57.795601,play.google.com
3F30910E7557CD76C917621EF14F2C968E39790A3CF8A933F7E9797AD9D3FE58,1981-01-01 01:01:02,22053234,com.caredfor.nprc,1741911807,3,8135196,2025-08-15 22:29:04.228929,play.google.com
3F56C69A5FEED340CEE386FB0762D9657339B68B04CFAAF527BFA23F0BC84017,1981-01-01 01:01:02,13001629,com.copperstrengthmeter,18,3,8151968,2025-02-10 02:56:03.051943,play.google.com
3F5AB10FBD8D8D60C4850A208FBC9AD6156D291A93C3B7710AE061C6776AEE26,2025-01-28 18:33:40,31988126,com.gentle.ppcat,1018,3,2834100,2025-09-08 17:34:16.730053,play.google.com
3F6DBE1BA6B8905CDA2019665C733D5A02AA065F84D02F025D13A4F3E8E79DB9,2025-01-06 11:52:40,53299315,com.netease.mrzhna,466,3,4663052,2025-01-26 23:31:11.419122,play.google.com
3F864561632BDD7C12E21984528A1FBB8326963A0B0AC6D55D85C14727255438,1981-01-01 01:01:02,10833971,com.funtoknow.wisebetapp,10303,5,5669660,2025-07-10 17:44:09.358484,play.google.com
3FC31C4C8A27BBFD0D6FA7E5107E6E275033F8DB7C581B70C2A8CD7C412B0623,1981-01-01 01:01:02,14204954,com.my.ytinfo.david,8,3,7313604,2025-09-12 03:27:00.114707,play.google.com
3FD28F00343D0A6EA0BAAEA421D4322521F9B018C0C1D34CF2FBABAD77206F78,1981-01-01 01:01:02,35873571,com.ncgzaou.aliens.gone.wild,100,3,8005624,2025-07-08 21:27:00.731187,play.google.com
40473A985B91CB230233D49B24B646271EA8F239DAAAA0EC46626B8F0D8F10C0,1981-01-01 01:01:02,28949837,com.shortdrama.popcornreels,35,4,8275248,2025-04-11 15:44:32.045733,play.google.com
406597B5C1CF1BBAF0B3785D9BC8B8E001B3B063335732802CD74F3159316882,1981-01-01 01:01:02,8568193,com.collapsar.sakwila.derivative,7,10,8287328,2026-03-21 21:34:19.383143,play.google.com
40833A05FECB50C7AA5873AD389904855C837B4B6AC8A706C3B708429D09CACC,1981-01-01 01:01:02,16059154,com.m2049r.xmrwallet,41072,7,7579020,2025-06-24 18:19:12.596294,play.google.com
40A54C57D5C47556FBD34D5E1B747EB83E5962129077C4FE8EB6D4C08484E6D9,1981-01-01 01:01:02,25211834,com.cynemax.atx,38,3,8711620,2025-09-20 17:50:24.681617,play.google.com
40B85780667BA44D690B0C756C79396B939796B76DA1A2E5A2E246E52600F1AD,1981-01-01 01:01:02,9777812,com.csa.client.ictech,1,3,7250492,2026-04-03 16:39:57.462812,play.google.com
40E3D51738B34DFA5AB2DE5BD20479AE0C6A484CEAAC725EF58D215B1C1FBCAA,2025-06-20 18:33:42,101306805,com.life.palm,56,7,5663488,2025-08-14 10:57:15.785773,play.google.com
40F8B416B372AFCBDBA7290E152FE5A37F0FCCE2EDAF093BC11366A8CAA0E2B2,1981-01-01 01:01:02,195840214,com.jideos.jnotes.overseas.google,490,3,109672,2025-07-20 08:47:32.237184,play.google.com
41035E3093B6106ABD66B58677CA7526C94410825BC297962F41EB92625B1613,1981-01-01 01:01:02,13656764,com.historia.ghoststories,502,3,8831100,2026-01-14 00:34:40.788638,play.google.com
411D5E1BC70113880FFAF91FDE8F89566692CC3DCF5D95C5133BB22940D7F421,1981-01-01 01:01:02,1258571,org.medicmobile.webapp.mobile.medicmobilegamma,107009901,3,1199136,2026-04-15 08:53:18.619602,play.google.com
41365B8FC5464C2A26F2FA3EA994B6E690664AF605CA7307064E21FC8FC3C361,1981-01-01 01:01:02,18725803,com.app.uengage.simplyfarmfresh,12,4,9604088,2025-03-30 14:26:01.707908,play.google.com
413EC163F769AD2DABD72DDCCB2C194629E1027B495777A3834EE23EB7E26415,1981-01-01 01:01:02,41535173,com.rtbmaster.bablago,20,3,12950972,2025-06-05 19:55:18.253373,play.google.com
41B8F8389F7AF041803F2FC04EC1D1934A2B73753E353ED3BEA2E5BA0BD56B48,2024-10-24 18:40:24,46617112,tunnel.entclass.vpn,2000200,10,8277016,2025-01-17 15:59:33.935912,play.google.com
41DBD8B9F59E12457890BB81E0FCDC4C07D203840C5060D812AC3E5AED746904,1981-01-01 01:01:02,16119164,com.seelevelrvfinal,24,4,8473492,2025-06-22 07:40:14.377306,play.google.com
41EB980A0C0D7B6AFA7829516BFC63D028BA529603F2FB931C6B59F01B1079EE,1981-01-01 01:01:02,23705643,com.chatmind.ai.gpt,233,5,7443336,2025-01-11 11:45:12.668365,play.google.com
41EFEDDDD25C94A27C6AF0E0B78F65E5C5B0188FE55DD10462AFB5701AA34199,1981-01-01 01:01:02,26600207,com.equipovision.evision2,4664,7,4588036,2025-05-25 01:43:10.607915,play.google.com
4207023656C45600DE7D28265FDD865E7FC6C4C1A26D01132A04E2855529195C,1981-01-01 01:01:02,60097008,com.happygogame.TicTacToe.minigames,15,5,8620048,2025-01-27 14:18:11.610480,play.google.com
42233C3B0F1D7A039227F342941C8A2C94833F03EAC496257070DD6EB28975A0,1981-01-01 01:01:02,14096401,free.call.international.voip.phone.number.wifi.whatscall.freecall.callglobal.billing,8892,7,8355048,2025-07-02 15:30:07.840517,play.google.com
4275309A8603B8024FA1F4127C2EDBC476DA3160FD4DFBCA1B58CC82AC0FE0CF,1981-01-01 01:01:02,119090774,com.andromo.dev391844.app728461,1014,15,7966636,2026-04-29 22:59:14.026230,play.google.com
42AB3902C924049E4C6C14FE459B8F1B0CD77DA0402E9E3A09B2F540871BD41A,2024-07-04 19:37:56,20654990,com.chic.point,555,3,15238316,2025-08-17 20:42:32.103134,play.google.com
42B36BDC060E6533975A5C2354B41DAA595D4C2B60282CB35FEF9BBABBB6123F,1981-01-01 01:01:02,10194720,com.bookapp.richdadpoordadhindinew,2,5,5160324,2025-08-11 15:40:04.432991,play.google.com
430BD094E169E320884F749FB5C0C165D4F22CC208EB51BBF4A4BBD1423EDE34,1981-01-01 01:01:02,47092021,com.fibrum.skyrunnersvr,12,4,8771156,2026-01-07 10:31:12.458007,play.google.com
43220915D80A0C8524B860254AB7F2613EAA279FAB54370F9634B905573115AE,2025-05-03 04:31:28,12912891,idea.online_hokm.two,24,4,9063552,2025-08-06 08:45:11.761839,play.google.com
4328D1B1AF6AE83767E815346585468FFFFB705C8FC1E1DA8DFA3E3CFAE6D173,1981-01-01 01:01:02,7732717,com.chandan.class10ncert,15,3,9836868,2025-08-27 19:11:32.744403,play.google.com
4361C95F14EA6365E8B80F5BD00C5BC09F2CE55301EDC7BB353C5783039CD914,1981-01-01 01:01:02,14892766,com.enpsystem.drv.texi,89,5,8219600,2026-01-01 01:11:51.124431,play.google.com
438F4D741D2A4F51ED21DD15543A7BF384ABBE0BB32EA7DDDBC8B52B3EF1CCF1,1981-01-01 01:01:02,23668779,myfiles.filemanager.fileexplorer.cleaner,86,6,8009908,2025-09-14 16:46:42.413344,play.google.com
43C1BDFF5F2334A474F725EF412E835504422938DE89AD91B1CA630B86317992,1981-01-01 01:01:02,10608805,com.GoldenFish.rewayttamemathaer,6,3,6904924,2025-07-09 10:07:05.473077,play.google.com
43E40AC725B954D2836849370891E3D3C50B200A86047F48A717556EFE02C1EF,1981-01-01 01:01:02,17222117,com.gcm_call_sms_tracker.updated,23,17,8257520,2025-01-29 05:49:30.444521,play.google.com
43F6EAB539EE7EAD8BC2F1B5B767351FD1C8F31D34F2D4D6C8DDB0EC25469786,1981-01-01 01:01:02,19468999,com.livmet.videocall.chatting,203001188,5,10559664,2025-08-06 23:48:27.827952,play.google.com
44011E3BE4A35F68B6EE9DA610B09D80282972E66A49FB1EBEF2DFE4809CA7B6,1981-01-01 01:01:02,33197829,com.andromo.dev391844.app835828,1022,14,7966636,2026-01-11 23:00:01.233906,play.google.com
44266A780606D4F13D05B76A22548CAC64D3567D787F7ED9A52C9C84A64BE0E2,1981-01-01 01:01:02,80590447,com.laser.bounce.puzzle,372,6,7809100,2025-08-13 02:26:03.588935,play.google.com
44385056FD9769141382FF4A0058AD921E4A2AF901B13564FF046AECDF443D40,1981-01-01 01:01:02,37681672,com.samikshaapps.powerbi,10,3,5610828,2025-02-22 11:09:35.216165,play.google.com
448152A4F1D0B67237CCD2255738C9313BC44EDFF807F7BA46BB057E8B95A8C1,1981-01-01 01:01:02,29685201,com.pdfreader.pdfpoint,1100,3,7837400,2025-03-26 21:44:34.553828,play.google.com
448B3C8BFCF04258FD2A7FAD76D68F46C98D4DAA2AEA07626EF14AE37883647B,1981-01-01 01:01:02,154733074,com.andromo.dev391844.app576017,1012,3,7517768,2025-09-20 22:13:22.062911,play.google.com
44E62DAAAAC7E43B2E1F7944E8E28FB76F64C0BB5572E783570CE6711835C562,1980-01-01 00:00:00,28459862,com.keeson.ergopowercommand,17,4,7871780,2025-05-28 23:54:11.254084,play.google.com
4547376AC63F677E7F7A74C912FDB36790BAC047DCB7E476D34A037478AF5D6F,1981-01-01 01:01:02,16622917,com.danooshabk.vpn,2,5,6055434,2025-09-08 14:20:31.858213,play.google.com
456692B65CCA11AD7B825F29B741C8AAF589D9F4CBDEDBBC9D75B6EE8E71CC02,2024-11-18 12:30:06,41876040,com.jk.wisdomcam,90,3,12765528,2025-06-20 18:02:44.009779,play.google.com
457EB75B4B9C6F62CCAF62899F737D894FAB944DE57B9CD042DE130DD03FCA3F,1981-01-01 01:01:02,26538643,com.s2m.yemenpost.customer.android,92,3,11466584,2026-05-18 02:44:44.569219,play.google.com
459558CA4E44913B3B78197810B42BE7BEC9BAE36EDDED5646AF296CAA46F9A4,1981-01-01 01:01:02,8920476,com.qinpinsqy.qinpinsqy,105,3,9262648,2025-02-06 22:15:32.399507,play.google.com
45C54E283058A109497EAAE8675AB4B66BB68160901A388C9BBC2D80E54D5C78,1981-01-01 01:01:02,13675086,com.app.mobiledeviceusers,57,3,9520340,2026-03-30 04:36:36.116559,play.google.com
45E214E85CE33B11138C5BC9EB7AE09C4DA2AD00D7C8FAF9CE1465D221E0E648,1981-01-01 01:01:02,11901067,wtf.kyl.new_yourplanner_madebykongyinlam,176,3,8330148,2025-08-05 18:42:16.876807,play.google.com
45F2265A690BD59FBC14A739E9F0E8B9BAFA831D60191F12F319F60818D4C248,1981-01-01 01:01:02,8414778,com.my.fakh.alashaar313.a313,200,4,247668,2025-08-16 10:48:15.866280,play.google.com
4605E5A6738593C57F237E0495B9CEE4229FD6D275BD4340F8B7CB35CC59E546,2024-11-15 13:25:42,76830072,sk.raiffeisen.ib.androidwrapper,293,4,9249360,2025-07-07 21:12:38.060948,play.google.com
462CA6615C1629A926AA8A3FFF5D36C216F674BFCF55751D4E6118D15EB36026,1981-01-01 01:01:02,38046560,com.smart.paypay,32067,3,8936152,2025-09-17 15:37:30.640515,play.google.com
464003F372D4F9C867EA77E1D0A06D7A284EC665D99BC0E6F09808EE4D1F883E,1981-01-01 01:01:02,131976790,com.andromo.dev391844.app728741,1015,9,7966636,2026-03-14 00:53:26.023322,play.google.com
4656BAF78DAE373951145B718141BEA0A3834012459E27DAA6C0AC5236A3F2B5,1981-01-01 01:01:02,39320135,com.cullclean.sweepcleanmaster,6,3,9599748,2025-08-14 22:52:42.354823,play.google.com
466DC41EC7D16425177FD6689B54CAA42ECF83E228F3F97B2F652AC00F06C64D,1981-01-01 01:01:02,5015155,com.kiln.dandelion3.lord1700.fringe1,1,3,8654344,2025-04-07 20:20:57.068107,play.google.com
468597C1604C6FBCBDA00146422847898990B7AB7803C5BBBCF1AEBEA95ADB27,1981-01-01 01:01:02,34073197,com.svantek.ba2,58,7,7708040,2025-06-03 19:34:27.490224,play.google.com
46A9A79467E8BB579459F59536E8863F05EE40AB707DACDEBCC87ABA084FD623,1981-01-01 01:01:02,9541884,ld.learn.acupressure.points.acupuncture.tips,9,4,7569192,2026-04-02 05:12:23.788280,play.google.com
46FA2A0F1FB7D8D519C6A3D0C4525BF6D18522042E3B739F9E801CDCDD037C1E,1981-01-01 01:01:02,5651963,com.chickeeen.bounce.game,1,4,3145676,2025-10-06 02:48:49.378595,play.google.com
46FB2CAC66FF4E33410F4036A31E41B100F2BC5C11FF434238C52D6F25A11BF9,1981-01-01 01:01:02,10509796,org.magixm.movingavg,3,3,9199608,2025-08-30 10:20:48.809652,play.google.com
47050E0ED905A3E7CAC0F250745DD974A26521779B6FF86D2004CC3AB84B66CE,1981-01-01 01:01:02,27312963,ggcraft.farm_pets_mod_mcpe,1001,3,8518652,2025-10-18 05:42:43.188692,play.google.com
473E399FC2E362132AA66E59F07204CFB6BF7BE8F8E6F0FD767FB7D1346501D0,1981-01-01 01:01:02,40881210,com.ulugame.xgczkr.google,6,3,8538208,2025-09-16 19:25:27.829989,play.google.com
473ED7CA4AF7773404AA6C914D78DD518CD0482025272C2BB19E9E390A0E2099,1981-01-01 01:01:02,5074438,com.showami.showamiapp,97,4,8720140,2025-09-20 00:23:46.438567,play.google.com
47722B4A29848FA1D01BA634313A15A849451AFAAF7096187EDA3D4E8DC34D99,1981-01-01 01:01:02,15435630,com.thinkmobile.accountmaster,2030029,5,8489512,2026-02-21 18:28:54.139682,play.google.com
4774829247C10A3A0D7AF10CEF4229B3DC75D4BC09BF1F6D6AA16E85334758EF,1981-01-01 01:01:02,6084153,com.my.bahaath3.hool2.alrajaa313,200,3,247668,2025-08-16 11:12:19.731736,play.google.com
478DEFF217A1916505137D2F59E864C09D3891B2507BB83E3E04E2A96B558C65,1981-01-01 01:01:02,12268668,com.apksrebrand.smarters.oaktvpro,4491,9,9014788,2025-10-18 12:38:41.321179,play.google.com
47C332437ABAA1C89579697232048F389DA92997E9D793D0976C9E89AC4A4E5E,1981-01-01 01:01:02,19128114,com.video.videodownloader_appdl_lite,23,4,8146584,2025-08-06 17:55:41.475788,play.google.com
47C6078E749CF5E65C8D7F17D6D278E98B70A0BF8F36CE26F7B7A0BEF3A55144,1981-01-01 01:01:02,86271805,com.psb.omniretail,148,4,8562180,2026-04-05 14:13:33.396164,play.google.com
47E0EB3BF3632F92D1B64B92CED88D76784D19AD6921CFFC19EE51217F8A22A0,1981-01-01 01:01:02,6636071,com.playpinquest.app,24,3,3241324,2025-08-28 07:23:30.127207,play.google.com
47E62BBA2197CAA252649C233DF5E9ED6C27542AA63CF1FDE5B72E836BA85B3F,1981-01-01 01:01:02,68835731,com.global.habi,14000000,5,12160104,2026-04-08 10:59:56.643576,play.google.com
484C384119D56C94851D8D06094577716DB630CC22C0BE241877C75183D8850D,1981-01-01 01:01:02,11567393,com.thirdeye.intruderdetector.selfie,43,3,7687468,2026-04-15 12:03:13.127331,play.google.com
486C4868A3A80E3BD1834CD6E52C741A51AC86AA366C26C1FACF8C9855FC3877,1981-01-01 01:01:02,6504654,com.pairvpn,1824,3,5458604,2025-09-25 22:34:12.712808,play.google.com
4870D0CB5A1E88E3ACA1B4217A24C43DF0D9E6D19BACB43AE0FD49DA7C85F335,1981-01-01 01:01:02,53964450,com.all.document.reader.my.pdf,23,3,9995988,2025-10-19 09:21:25.618803,play.google.com
48776ADC2AF9751A1E862EFA054FB7A702BE8A9B4ED32F49E6879C7672223A7B,1981-01-01 01:01:02,1387873,com.mobile.loki,2809,19,1227500,2025-09-10 11:02:08.000378,play.google.com
48811C18447F61AFB9B10471593E6C7325F39A67B322A4D4134085DD8D1FA97A,1981-01-01 01:01:02,38198980,net.wsapps.polyphonicmania,14,4,6037996,2026-04-12 22:44:54.535354,play.google.com
48849BB60B8E4C94B35BDE2E14BCE06D8B4FFF12B3CF482F13EED2946589665C,1981-01-01 01:01:02,13789452,com.samyak.compareApp,18,3,10027004,2025-08-15 21:54:29.000377,play.google.com
4899A23273BD115BD4EF160FE1862260B4D08DE6A49415C21293A6C939561383,1981-01-01 01:01:02,56365940,com.wondershare.drfoneapp,835,3,8700060,2025-02-26 10:10:47.768928,play.google.com
48A1CF0698AE79558BEE22B109CE9D81C8962F9576E796B2C6AE0A8619B8BA42,1981-01-01 01:01:02,48627967,pro.protector.applock,25,3,9017224,2025-09-15 03:58:44.540321,play.google.com
48BD970052C59FF48D2FC96AC06360B0A65E25DA57D29878600937F2897566D9,1981-01-01 01:01:02,21309311,com.santeodoroandroid.santeodoro,2002001,32,8330040,2025-08-15 22:59:41.757634,play.google.com
48D7075A7962631EE45D39D901CB4298ADA4A5E4AC00CC5018375D3FBD88A65A,1981-01-01 01:01:02,9177202,app.cybrook.viewer,3848,6,7727004,2025-12-21 14:31:57.360352,play.google.com
48E316156E9D6E4D91517B5A173C7259F70E0AB6095BCE5E59C280AF59195636,1981-01-01 01:01:02,54676081,com.game.recycle.bin.restore.data,131,3,8909620,2025-09-15 16:44:27.550936,play.google.com
48EFC1C94B900545ACFBB2B11F6928D94A2E9562371DA226AD14BE1C1ED2AC15,1981-01-01 01:01:02,4286188,www.david_cortese.com.math_tutoring,2,3,12154628,2026-04-25 22:18:12.042398,play.google.com
48FEC566A6AC6D255A7C5CAB51ACB85017C1EBE5CD8E6751BFE1435E85FA5A67,1981-01-01 01:01:02,7869242,com.my.lakshmistotrani,8,3,5466484,2025-10-21 02:14:45.464026,play.google.com
4927C32A28A830B4C69A77236B04DEC93E0D4222F02FB8E6A7641F92173DE418,1981-01-01 01:01:02,40429029,com.ms.injector,15,3,247668,2025-09-09 10:53:26.576851,play.google.com
4934AB8FFDDFCCF4B0672EFFD336FABA55A90C53B059A2B9DEFBADBD42AC12F2,1981-01-01 01:01:02,15298834,com.shadeed.boxstore,45,5,9649912,2025-09-23 20:54:47.370920,play.google.com
494DE6F5CB50AD1064937A4123BD79DC01EF82660E392BB092D129901CB4C4CF,1981-01-01 01:01:02,24348154,com.jiayz.boya.recorder,1240,3,9225764,2025-10-04 23:59:14.820784,play.google.com
4957937CBB788495F2BDAC95C0CBCC727A23B84E369BF281A506A77BAF6C8DD0,1981-01-01 01:01:02,17153459,com.AI.Speakercleaner,11,5,247668,2025-08-31 11:33:34.813569,play.google.com
49899474DA8C8A75E461E04D3C8B10DCF26D29009D3DF940575DA9DB40AF3DB0,1981-01-01 01:01:02,72456218,com.charming.egypt.official,51,3,247668,2026-03-10 05:58:41.600812,play.google.com
498CA98346DE2383CDB67FE3E4B3816CA5F6203B3610A205C9B02A47DD3758FF,1981-01-01 01:01:02,12040153,com.flyingchicken.gameofcatch,1,3,8509968,2025-09-17 20:29:02.316026,play.google.com
49C1DD3A5762F7764B416399C8EED4D03839796D0D6E0D72FFE85A0E5A8F524A,1981-01-01 01:01:02,50619294,com.chipster.crunch,800002,6,12826352,2026-01-15 01:59:44.172663,play.google.com
49E3FB3CF10F17B57E1849AFEB05B0BF9CE9EBC406FD1E2FCBF2A5DD29171C44,1981-01-01 01:01:02,36246930,com.app.uengage.mealspizza,2,3,9389760,2025-08-15 13:44:12.207604,play.google.com
4A1ACCCF707FBAE3957C07F2F7BC023605B38AE4AC0C3881CEEBD094348C54DD,1981-01-01 01:01:02,31506111,com.andromo.dev531271.app507784,1019,4,7966636,2025-10-19 12:47:26.820447,play.google.com
4A24C5DA48395F9CA1E02A38688E2359AA0B5E35C2442F7D731E63DD995D15FA,1981-01-01 01:01:02,57687452,com.perception.soc.en,17171,6,3609848,2026-04-24 06:45:46.629182,play.google.com
4A6574BD1B361140FC628083182414CCC788C088A6843E5BF6B88D4F5D51F860,1981-01-01 01:01:02,29191061,app.bhupesh.armorking.tanglefree,104,5,8022420,2025-09-08 17:24:00.676618,play.google.com
4A7C0421CB2EE567B92F2CF810CA40CBE222B6A659DB60E366CFF015AD172BB7,1981-01-01 01:01:02,24229448,boxnmove.mover.driver,158,6,8879708,2026-02-26 23:07:17.601334,play.google.com
4A9F91BEC6A8DBB74682A4F74656DF051BB7270DD98E7337F6A8655F50435284,1980-01-01 00:00:00,5222299,com.app.dolphinboiler,4,3,5778668,2025-09-17 02:53:30.704929,play.google.com
4ABAD3CB14F28FFEA51423208CC292C489855D14F086FE8F4E3950DFB603A5F1,1981-01-01 01:01:02,14479730,com.caredfor.sfwn,1741293282,3,8135196,2025-09-08 22:04:49.481465,play.google.com
4AD0E808A83FE62159AE124390C8EA6E886A07C66E9DE52B49BC2D3386E7BD0B,1981-01-01 01:01:02,8719814,com.hgbtok.zhou.gp,331,4,6083636,2026-04-06 22:08:56.105543,play.google.com
4AE46A0E621027300E18C65203862496EC6EA7898A1AC4801DDE645D9931E894,1981-01-01 01:01:02,8443486,app.seniorsafety,181,14,8320988,2025-03-10 02:58:50.645616,play.google.com
4B3EDF9CF9069EA4875C6089281D4EF43990B2942711B1AD614D2B27F30035AA,1981-01-01 01:01:02,90097339,tw.com.taishinbank.ccapp,90320,7,9174812,2025-11-07 21:22:45.042419,play.google.com
4B3EE254433EED26849EFEEFC0951957D3B7420DE7061228A88EEB20EF756186,1981-01-01 01:01:02,41524235,com.think.earth,2373,5,10821555,2025-08-05 02:54:46.066099,play.google.com
4B5086E9AD4EFE5A378A6529AA895214AF16FFC8DCCD6110A7C9D7942B3DA737,1981-01-01 01:01:02,31227984,com.VortexAppx.FFLogoMaker2023,22,3,4747212,2025-07-09 09:37:25.688672,play.google.com
4B7A949266EAC14ACBF571FB6390B9E9F32C5EA3F85699003B0EBDC384C4BF9D,1981-01-01 01:01:02,70017841,com.wgame.codeg,3136031,3,13001528,2025-12-20 12:57:44.882540,play.google.com
4BAEF2FB5CDCB37CA3E9D0F9918A58D5D76E618C65E76693CB350D45026F85E7,1981-01-01 01:01:02,77016009,com.hilal.play,100557,3,9478904,2025-07-25 13:37:26.796230,play.google.com
4BBA90F8C7F549E6C7BDF0A5D076304E49503E42BDA2FA9DCCE781478D556CF2,1981-01-01 01:01:02,84349857,com.Slbazer.Craftsman4,972000090,8,4182424,2025-08-06 15:51:47.281285,play.google.com
4BF1A1D86FDED8ED794C00772D0C3A4F6E44E6324953CC1EEA9F8177C39ACB61,1981-01-01 01:01:02,13420993,uk.blueapps.christian.playhouse,1529,3,8837816,2025-09-09 22:02:23.068608,play.google.com
4C09FB836B321CF795EB272DA8952080D0A4B4AE174D8C66BC166EFE6462AC20,1981-01-01 01:01:02,13238332,com.SalaatFirst.Mysalaat,10,8,10210940,2025-12-27 20:09:33.916726,play.google.com
4C15936711288779C916AB7537DF37AA891CAB0F51814BB70CED3E5C62A36A26,1981-01-01 01:01:02,17635169,com.elyounsy.dorosi,25,3,7582632,2025-10-15 01:49:11.160415,play.google.com
4C1B2991B60240DDABAF2057B9A187CD5545A454D52BCCA8EE2D982BF68B3B32,1981-01-01 01:01:02,39415660,pacificwide.customizedrates,15,7,9068504,2025-08-12 06:51:25.324300,play.google.com
4C38DCEF3045DF2D679C6E1300AB3FA0DC06ADBA91F6324F3DBDE4AE0921FD95,1981-01-01 01:01:02,73832670,com.ezonwatch.android4g2,25053001,5,7962328,2025-06-09 03:01:32.314507,play.google.com
4C64D33F17994CF526D8D0BF2C845315EDE98FAEC351135149E025CFCDD84F0C,1981-01-01 01:01:02,98739000,ljm.course.app,100116,4,3503412,2026-05-28 04:22:37.029501,play.google.com
4C8681DEDA31C031C110D6A62103E25EB44C40FAC4AE8B22A373E2A2ED76B581,1981-01-01 01:01:02,49626863,com.game.recycle.bin.restore.data,130,3,9322236,2025-09-15 16:44:04.321053,play.google.com
4C95AFB1B0745382ED8B29403D8B47E90908A62D057B56474895080DFF07B06F,1981-01-01 01:01:02,10843348,com.meyetech.umeye.android,28,4,8513788,2025-03-08 16:54:48.781782,play.google.com
4CBB5BDE07F3EE1A8DC70CF432B6BBFF18DAEA7627751ACECCD0EEA3B05769CF,1981-01-01 01:01:02,9873334,com.ssurebrec,275,3,8497752,2025-03-15 18:51:18.312747,play.google.com
4CEBBF5050BE13D671ACC1239BD0D85030A4CAE19C362990FF9157F54C047A34,1981-01-01 01:01:02,39166040,com.yj.anystories.android,23,4,55468,2025-07-14 00:18:32.923256,play.google.com
4D2416AA569D1D7C63C3C5CE1DB3BE41338F50CC6B63860217FD0E6D9F14FD65,2024-11-19 15:18:32,99302356,com.hs.ivms.cons,15,3,13315468,2025-02-27 20:29:53.772217,play.google.com
4D588874EF07D717ED011911B9A69079A86933FBB25288F34B57D0911FA4AC5E,1981-01-01 01:01:02,6865640,appinventor.ai_prof_carlosfranca.Geometria_em_Tutorial,1,4,6067780,2025-09-27 22:50:11.530986,play.google.com
4DBD78F886CC8757EE4E2664ACE0AC9F297608FB7655F22F96C5591FCEDBC7C0,1981-01-01 01:01:02,6648264,nl.eo.bijbelopen,50,3,3234232,2025-08-17 07:00:08.908113,play.google.com
4DC758C03649E925F19BB53C84FB4D65316A972BB03C1900E115DD25A7CE21ED,2026-03-04 09:56:18,96847500,com.impelsys.aha.android.ebookstore,158,5,17669772,2026-03-13 00:56:48.833498,play.google.com
4DD911A6097C498DC040416D2EFC17EE1C129B140C9BCF3B6D49C6E526BEF09C,1980-01-01 00:00:00,29059514,com.fibrum.capsulevr,8,4,932952,2025-04-09 15:40:12.618344,play.google.com
4DE988F98D81387BA4E6FCC8E32C507935EF9A757FC368C952ADD5C50C155B38,1981-01-01 01:01:02,4542135,kr.co.chamsule.smartonepass_project3_hyundai,37770,4,2452508,2025-08-15 14:21:14.722277,play.google.com
4DF9A34A907A0FD97F68FFF5C071F4CDAA13332F7D9E2DE23D2C7D5C89D2C377,1981-01-01 01:01:02,14590696,io.bytebenefit.app,21,8,8881692,2025-10-15 11:11:11.727313,play.google.com
4DFF7E00175A53D3E6817DE8EF2E79A37BA4163E4F7884180E5B8A9867FF2DC5,1981-01-01 01:01:02,149201335,com.andromo.dev391844.app448893,1006,5,6912948,2026-04-08 15:42:31.929455,play.google.com
4E0EDAC55BA615381D7B77F4865D3B136B49E2A1D4E9961A79A190C32458102E,1981-01-01 01:01:02,12006296,com.elliott.wave.calculator,7,4,8152220,2025-02-23 07:06:36.413417,play.google.com
4E23D80EBA2A1CDD0F35A9DA19931F6D1EC9CAE770125983E559D18512190940,1981-01-01 01:01:02,63215480,com.apatcher2024.ph,54,3,5465612,2025-08-11 16:21:23.607392,play.google.com
4E48AF0A012342F77C5168875044073E37010FF39D0EB4B749B52EA97462B083,1981-01-01 01:01:02,21428837,com.solara.filerecovery,39,3,9137472,2026-01-03 05:06:45.712005,play.google.com
4E62CDC1E907E514CD425923F9FC3373D202675E36E0084966FE5CDA6B448370,1981-01-01 01:01:02,2227050,com.buzzato.lakhisarai,32,3,1595288,2025-10-03 01:56:40.174224,play.google.com
4E71B02195D94E141FF8162AF2CFD59D06B6ED44A78A0C0055E417210AD27DDD,1981-01-01 01:01:02,19550631,com.app.noxsity,8,3,5466484,2025-09-10 12:47:29.024847,play.google.com
4EB785EDED9830EF996B1ADC305E78D55474203DA4EB3E383E099907FEEFCAED,1981-01-01 01:01:02,39538916,com.best.quick.browser,10106007,4,9017324,2025-08-05 22:12:31.023488,play.google.com
4EC06E932FECC4B02F5F5CCAB31490B375B01104DD959F735A93836D1157D86F,2025-03-11 10:11:26,9271770,cn.trinea.android.developertools,8600,3,6771552,2025-03-14 09:15:10.460314,play.google.com
4EC9C0A8CF923C54CD9584AD96977CB2CC45DC4882B1275AB8CE26041BCDB9A3,2025-08-13 11:45:36,79493507,com.isprint.plus,37,6,6365036,2025-09-08 14:41:02.100838,play.google.com
4EF999436145B5C7AB2EA45B0097974EFABB37FB4D2F37C7F9B547E53AA868F1,1981-01-01 01:01:02,2601394,com.mathystouch.multiplyby2.free,13,3,1232884,2025-09-27 21:52:25.701236,play.google.com
4F04EE59BCC1544CAA69829C4A737AB59A95AB6F80ABAFCFBD430530099B7BBD,1981-01-01 01:01:02,124414724,com.andromo.dev391844.app748658,1031,5,8649932,2025-10-19 05:29:35.452100,play.google.com
4F1C249F0C01B5ABB4521B0003DEF880B644C4F0623CD7EB59220F7C8F7C0498,1981-01-01 01:01:02,69861706,dace.star.voice,76,4,7909828,2025-10-16 10:54:30.979088,play.google.com
4F2EC97C8696B8CE3C3691571E7F7CFE8CE6C532414EEC4CF364DE0E23FAED8A,1981-01-01 01:01:02,98394681,io.horizontalsystems.bankwallet,142,3,14071408,2025-09-24 16:49:43.752446,play.google.com
4F7204C28DD4C31B0A283F4B0F4C89BF79D509FD85055EE2E255B3C9B30E59D0,1981-01-01 01:01:02,18655145,com.app.uengage.meatlane,5,6,9389760,2025-06-30 20:03:54.254152,play.google.com
4F7F55A8D51E6E55E880485024622AB750C777D29DEF99AF93BC0B5C11EF96F9,1980-01-01 00:00:00,3512501,com.jejelivraison.app,2,3,796700,2025-09-07 01:08:11.808553,play.google.com
4FA026D4B907BED01C20B07F50F6A33D25A4FD4745743005E1C528FD70F6EB8B,1981-01-01 01:01:02,14349404,com.jpthedev.bukharishorif,5,4,5466484,2025-07-07 21:10:01.768602,play.google.com
4FA3527791969EC6712C912DC4AE879B70A0506B44B6576DA2B2243EBF765ADE,1981-01-01 01:01:02,19906729,com.smart.paypay,32051,3,9084240,2025-08-07 10:50:56.546033,play.google.com
4FC425B68F653D7B92A4BD6F9061558F5BECD531543E37F2A7A843D8E057BBB6,1981-01-01 01:01:02,8645905,com.jose.quesada.compatibilidadiv,20202,5,8033536,2025-06-24 08:15:23.516558,play.google.com
4FF52E7F1AFCA151E755572ACEB9663A5572034C56ECADDA7D64A288E57E30DE,2025-07-22 12:05:02,14226141,com.jntc.clockwavesync,20,3,8737924,2025-08-09 14:49:18.405811,play.google.com
502B1CFBEA084F2EC8066CD3B93976C04F0F657A5E33691FC4F65BDEF6E302CE,2025-07-13 04:10:12,97712271,air.hk.openknowledge.rainbowone,2008371,9,3853468,2025-08-16 23:38:09.465134,play.google.com
505CCC23305D93CE5D2B43007B7E88F8D1C690B5DC7E9ABCDD2777C71D1C912F,2025-09-26 10:43:02,96374662,com.life.palm,60,6,5789504,2025-10-02 21:57:14.837741,play.google.com
507A007123E87CCF8A6E5020E6D862F82B7E59861404CDDF68EEC20CBB8FE9CB,1981-01-01 01:01:02,25383179,jp.akt.smartmate,1500,3,9296540,2025-12-26 11:08:10.945616,play.google.com
5087F069948B7AD89C2A304D155E279184BF416E65E515CF7406CDCBAEE1C50C,1981-01-01 01:01:02,108849090,itm.ma738.kxptfm,50000,3,30442316,2025-09-18 05:18:40.177719,play.google.com
50B72B7EA6F3FB75DDB6BA37E70956E4F0787D4F74A0B32F3B737E2F76EFD67E,1981-01-01 01:01:02,1796912,jrd.jriberad.peintel,4,4,1369620,2025-09-10 05:25:57.839125,play.google.com
50F8BE2FC29040F3356934DEE7354247F93B9B4ABFC3659F237B63CA21107442,1981-01-01 01:01:02,47620626,com.alicecreative.mastercraft.alicecraft,300,3,8534644,2025-09-18 07:51:42.378743,play.google.com
50F9F43CBA49698EB4F88FD441AD75843F9C5075807EF397E28CC1CE023BBF05,1981-01-01 01:01:02,63866566,com.andromo.dev391844.app445065,1016,9,7966636,2026-01-13 03:46:48.309920,play.google.com
5107B0F0CBBDAAB2A1DE8A93C95E76947C49DC2E919BDB69F136B61E5E4C09B1,1981-01-01 01:01:02,6692661,com.collapsar.sakwila.toolsmath,6,3,7761228,2025-11-30 04:23:15.170882,play.google.com
512092E7300A5ACE8D03D81B53E8610F0DACCA91DEC04954816398DDFC0215AD,1981-01-01 01:01:02,11573049,infotech.transgulf.app,40,3,9531368,2025-09-13 03:06:46.505131,play.google.com
51387C1531D343B5837E8D7DA653B1F110B1DD0AA0D9AD47E50E1EAA8169E8BF,1981-01-01 01:01:02,11418326,com.nabadurgamovies.adeokart,1,4,247668,2026-04-04 06:46:03.577166,play.google.com
51812EB3B10A4EB0B1CDDB6C6C544DF3C58E9463D6E6F937EC39CB0B29B3968E,1981-01-01 01:01:02,50717105,io.cheelee.app,149,5,10703606,2025-10-22 08:10:32.270775,play.google.com
51C9DAD734063C365C9DF1F4D813A5F8051D71C7009FB1DDD7C5F9B1CBFD3C55,1980-01-01 00:00:00,7039678,com.maddevices.combatsmobile,904013,6,2141748,2025-09-02 11:54:54.106858,play.google.com
51E917EFC89E2532F628C39D2CC7AD617B0B157E79E6C68005C65A32FC819448,1981-01-01 01:01:02,18224387,knf.kuma,195,3,8495724,2025-03-17 04:50:19.546081,play.google.com
51EE885C3C2328975DEFC297581F02F65AB10B1E2B4D6B3B45DB87894E5637DF,1981-01-01 01:01:02,40855287,app.faceify.corp,10121,3,8495284,2026-04-28 01:19:53.560384,play.google.com
5264C9AECF39B92642D1DA762D51E5B418798336FCC3D5356FA7B48244D02DF3,1981-01-01 01:01:02,70541832,com.crafting2.building,966824389,3,8721168,2025-08-14 11:45:04.291221,play.google.com
527C8959D42ECF2294776933B4CE788666619C0CC557CC29E40D0316A750FD88,1981-01-01 01:01:02,2380002,pl.tcy.prysznic.multisport,83,6,1349488,2025-08-10 23:01:43.800419,play.google.com
5299729270C6057DD54B13E414303A00CCD5B7119174E0B53FF5A0749C444CEE,2024-11-28 10:40:02,15308323,com.differ.xiaoming,85,4,11895332,2025-01-24 15:58:37.970167,play.google.com
52BE45086C989B32673A3D33F4238D132E16EC721720E3CB024094041F563858,1981-01-01 01:01:02,3520071,kr.co.wportal2022,5,4,4988640,2026-03-31 21:33:14.116594,play.google.com
52EAF0EBC399F706F0BA539D6B3218E23960C3D39FD56A174F99C07AFE7A4B33,1981-01-01 01:01:02,8145742,com.callerid.callblocker.contacts,83,3,7956488,2025-06-24 12:41:45.659202,play.google.com
53029945C9B29C14C28BA7EE30F544FD315503F10AED0F6B120AD8C3B39122E4,1981-01-01 01:01:02,22552740,com.foxplayer.shadeed,51,3,1892,2026-01-13 05:22:59.408521,play.google.com
53A444B34BB644B59874466666E9A72F93B7C7C8C487DC1BCD4B16DE07847BEE,1981-01-01 01:01:02,8530800,com.jsk.bluetoothdevicewidget,4,4,8120676,2026-04-16 19:37:30.118092,play.google.com
53BD972FF6F36067DF2670F2A2482025D6245B659FAD5A2D9130B82F266B7E27,1981-01-01 01:01:02,76448892,com.profhamma.bem_solutions,56,3,8001396,2025-09-16 14:54:18.194519,play.google.com
53D42D28336D823D51B177E5694E02769A82EB0DD6CF1AF46CC5B7E8DF105E45,1981-01-01 01:01:02,7780405,com.progressmas.mastermas,1,3,3898252,2025-03-01 09:25:05.224622,play.google.com
53E861AD2E2B014464BB20F4BBC4C39706F52A8E62A381E2644C5968548AD84F,1981-01-01 01:01:02,13038745,chat.girlsonline,76,5,8647060,2025-09-10 08:29:56.824630,play.google.com
540453E39C3993E800AF807252B5038F3359F19FD69B6405CC3A4BA6B616E058,1981-01-01 01:01:02,6959760,com.bits.masafi.consumer,40037,4,9144408,2025-12-23 20:34:28.594645,play.google.com
545C47AA949F40D51FF383A57FB1543E02A18F6757BE9DC0A79196115CC20ED9,1981-01-01 01:01:02,2165456,com.phonetrackerofficial1,177,9,4288612,2025-12-16 10:43:14.744471,play.google.com
54893C7D9C0541389F17AFABF42142377D570052725A2C780BE615B5E9208650,1981-01-01 01:01:02,6618613,com.adendev.rwaya20,3,3,5466484,2026-03-31 21:20:40.725742,play.google.com
54958D446384436A8253BC40440BBC6F07919BB15A9092152EC3BE66838C45C2,1981-01-01 01:01:02,62895799,com.examprimer.resources,4,4,10876668,2025-09-19 21:50:53.867912,play.google.com
54D61BE83E3EB517ACD700E0429B8EC521A6E551542990408002ACFED2951371,1981-01-01 01:01:02,50713114,boxnmove.mover.driver,154,4,8879412,2025-09-28 19:22:08.392191,play.google.com
54D6D1C0CD7E1F3EDD3CF802B27C81D8BC687949C03766739950603A61396D62,1981-01-01 01:01:02,79079076,com.app.float_chat,126,4,9588380,2025-06-08 23:33:42.078104,play.google.com
54EB3F53C551299DECCD017B59B5EF4D548314A810620CFF38C6FCEFF5CEBB55,1981-01-01 01:01:02,3361116,com.translator.somali_french,20000,3,386840,2025-09-20 10:01:42.159883,play.google.com
550B7C568B58D33748B11C42A916A3A892264CB5DDC22050E6C3CF8625898D47,1981-01-01 01:01:02,57063365,com.identisoftsolutions.hmarouca,20102,8,8533776,2025-08-12 02:42:28.507815,play.google.com
555CA3918238D51214DC19ADF37EDD7F8C0F1569C76E3E8C3B3D3189255497C0,2025-09-04 15:55:28,13565700,idea.online_backgammon,99,4,8758072,2025-09-25 22:09:30.382448,play.google.com
5599D32AE0F16DA1372DD01F8D8512F77EA080BD899AD1055168E8D5A28022A4,1981-01-01 01:01:02,1636038,com.andy.simplecidgetter,35,4,1376608,2025-06-06 08:53:57.639815,play.google.com
56079DA6D184556A1FC56FE674C68012C57F14894BAED8EBC58FDE1F478BA2F9,1981-01-01 01:01:02,13487107,io.bytebenefit.app,18,21,8040508,2025-09-16 11:56:19.130940,play.google.com
56187543673AD68444A7D4F632A7C7CBEB94849BC6C0DFD92ABFD5424687073F,1981-01-01 01:01:02,14775794,com.cnp.canalplay,39,3,8233288,2025-07-25 15:21:30.542717,play.google.com
5657309DAD8DAED4699FCEE0747B6FE123EC9084C90DB0553E7DA5FFE209BD77,1981-01-01 01:01:02,10483868,com.coopresapps.free.antivirus,103,11,8205312,2025-06-14 16:05:11.789926,play.google.com
5696D68950C8080DE7DE5DB74CA8F86F442726F11F7C1A5DBDF087D23474DADA,1981-01-01 01:01:02,7867002,ninja.foodi.recipes,9,12,7748036,2025-09-23 11:53:09.348527,play.google.com
56E98E46CFF2ABD4457A31D3F9C885A113F731182CC54F6BA4F8454EBB7F373F,1981-01-01 01:01:02,42362176,com.bekids.gogotown.home,151,3,10482950,2026-04-27 04:14:27.066258,play.google.com
570EB92E439F910999AA1FF9CB7D548BA066E758512B0872548F9635F2A54931,1981-01-01 01:01:02,41939600,com.samikshaapps.powerbi,13,3,8745284,2026-02-17 11:32:01.642221,play.google.com
573C009B6D5334B344FB77B40464BB6BE805A39DFEC8F9B0AF3032254C2BA327,1981-01-01 01:01:02,14150065,com.theadventurists.tracker,88,10,8824876,2025-09-13 13:25:59.813077,play.google.com
573C15481B99C8F8217FCD5AAD7D8EC17F2DCCFF550C5D21D5BC8DD881B24563,1981-01-01 01:01:02,7245636,app.childsafetytracker,57,8,8273536,2026-02-14 13:06:24.992696,play.google.com
5746AE4B1D7F4281A5279E562C9C1D074D919ED9F1665D1D7B320AF632190FE2,1981-01-01 01:01:02,143849980,chat.bithouse.kachi,3810000,3,8983132,2025-09-16 14:36:42.342728,play.google.com
578028AF5BCA90554807F6B144F26960259E95961EA29D54A681DE6F1895BE9F,1980-01-01 00:00:00,19727127,in.startv.hotstaronly,831,3,8883724,2025-09-13 03:45:10.509689,play.google.com
57C3629ECA443199BAC70C1FEE8968AF5E7C751BB9CF5ED85C84A7E3BBBF8961,1981-01-01 01:01:02,11802527,io.bytebenefit.app,9,26,8303324,2025-08-28 14:15:48.623368,play.google.com
5873723471D9DD27BF00472020FC3E293FF1D2B52E2DE3E17C1300F971228FBE,1981-01-01 01:01:02,7674648,com.universl.bodhipooja,25,4,8998196,2025-10-06 03:50:19.750193,play.google.com
588AC4178E0008FC13700A6D41B47A605EFCC7C6B6788D720AD27E71D06C54D8,1981-01-01 01:01:02,73855179,com.lianhezhuli.viwafit,7,3,9598428,2025-09-15 06:13:22.125016,play.google.com
58C7A6381049FE3F9833961B3F4E21F33C5DE7A01DD98B876D0E44168392B361,1981-01-01 01:01:02,6387384,com.hijb.halalpay,92,4,6547444,2025-08-13 10:07:39.836520,play.google.com
58E32412FC852C77F76FC7B2A8F637BB3BA8EE16B425D67FEC14450DC3C80B42,1981-01-01 01:01:02,23538815,com.smartdialer.dialer.phone.call,3233,3,10211408,2025-08-10 18:26:34.196759,play.google.com
58FEA1B0A9822865205518507D805892C844DFCC2570249EC229B0F53A117657,1981-01-01 01:01:02,36403595,com.app.uengage.pizza10,3,5,9389760,2025-08-11 21:25:36.758393,play.google.com
591CA7A2087316966ABA6A03448C1B02FDCF8F5663A4839D6D6BF389E09CCCB7,1981-01-01 01:01:02,36746506,com.ahaworld.ahaworld,10217,4,9239483,2025-12-28 06:54:28.161373,play.google.com
594467DF67C484BD5779FEEB14629B92BFF7E9F889306EC6A967D98F95A354DB,1981-01-01 01:01:02,19964322,com.shadeed.rmaxplayer,45,6,9649856,2026-04-02 13:37:30.124681,play.google.com
594E7A6490AD891E8D26D09EB11F4A0178E9CF8B1C37F2BFB56C0C7C7A6B193D,1981-01-01 01:01:02,29784783,zc.ze.clean,15,12,9650662,2025-06-11 11:36:53.359249,play.google.com
59575A38CB3FDB869E010750F4395BBE7DB6A7813FD7EE7D93C5F2FA273A5DF9,1981-01-01 01:01:02,57380379,com.shortvideo.playlet,34007,3,8290504,2025-08-06 02:58:02.037436,play.google.com
598D9E46CB27B9DF3DDC1554B6FDF3FA2003CEEBEEC373332ACDAD28C2384F0E,1981-01-01 01:01:02,48493403,com.fillcontracts,9613,3,8080868,2025-04-07 12:37:09.802648,play.google.com
59D761E19171CF327CE0F401EF17D5FAE73AA2DEBBFE41AA2ED9F00FEAF78587,1981-01-01 01:01:02,7753417,com.cl.efectivo,9,5,6938272,2025-03-14 09:45:36.602143,play.google.com
59DC534C0D4834C04A681EBA5D77C9AD5F1D823D6EE7AC58CC78A4FA7100CFCF,1981-01-01 01:01:02,22297287,com.reelrocket.short.tv,56,3,9280656,2025-04-18 04:47:10.865107,play.google.com
59E1762A8CDBBF719B346ED0AA49AB1614ED80DBDF164A093228365CC5883B29,1981-01-01 01:01:02,58905113,de.krone.landmaschinen.smarttelematics,2040000,7,6515528,2025-07-07 20:16:08.959930,play.google.com
59E8839A01D24579533A7C7C7EF6312E70E6C8719C024534D766943AA1025F4B,1981-01-01 01:01:02,3063980,com.aal.quantummindpro,1,3,2537484,2025-06-12 23:05:52.050502,play.google.com
59F4C983803295BDF1E6FE73B2FD9831D860225FFAE928CE86038754B0F20284,1980-01-01 00:00:00,1817221,jp.co.axseed.bcagent,4030900,3,2191756,2025-09-17 02:39:19.728267,play.google.com
59FA3941822F5DF9CAED88A09124F14858FBD41B5516749188598133227D3F7E,1981-01-01 01:01:02,21086185,com.ce.android.brand.aurelios,20,3,9723080,2025-08-06 12:16:54.732592,play.google.com
5A868618D5AF3E4958B1E6804680E81222DEF5A3812850DF372B2116B8D8E219,1981-01-01 01:01:02,26261390,com.GoldenFish.rewaytelma5rordalaa,5,3,6904924,2025-10-18 21:28:01.660135,play.google.com
5ABB28699C486F945B1EA2AE8D355E103CC5403820ACD78745C91841FC34595C,1981-01-01 01:01:02,781245,org.medicmobile.webapp.mobile.musomali,106019900,3,660296,2026-01-12 11:00:51.948106,play.google.com
5B448ABC43083E76E07BDCD17D9DD31615E6D2D8E4A92C01187F8965F05DE8B0,1981-01-01 01:01:02,53161312,com.andromo.dev531271.app508164,1020,24,8547664,2026-05-15 02:23:24.068056,play.google.com
5B4C28E8F2A486DBEF2C8FA45AF499687DF20BCF9C5A7939B4A8CC958068532A,1981-01-01 01:01:02,55172649,com.msplayerops.mymusicfpeapp,6041,3,9189396,2025-04-28 07:48:12.136856,play.google.com
5B6D38A407CE37F3F5DCCE4E3B82744173636A7AC0CBD3CF397321AAA5EF1381,1981-01-01 01:01:02,17051827,com.the.first.Samuel.app,9,3,7339252,2025-09-13 02:08:40.440508,play.google.com
5B94A8128662684FB63262200053F38C5E444F520BFD3EB9660135367113C2AF,1981-01-01 01:01:02,143373991,air.com.playtika.slotomania,771050020,3,9366544,2025-08-05 17:02:18.816533,play.google.com
5B9E1FFC86BE5F64EEF20C4E0C03D8F0564C35C93EA3CEEAFAFE53EFDC0A5187,1981-01-01 01:01:02,3554089,com.PadUp.appexperts,5,3,5465612,2026-03-15 18:28:58.298305,play.google.com
5BAF7E0A9AF9BAD522DAD85F44577AAFD501C1C86C4C2CE64442332C30AA2E5F,1981-01-01 01:01:02,9228937,id.my.tsigroup.autotextscroll,20230901,5,8427192,2025-09-13 10:10:20.418816,play.google.com
5BB17BEEEF337CD8F82D8F46864687044B02FA97B03DC180F2ACE25419856844,1981-01-01 01:01:02,32864352,com.solara.filerecovery,26,3,8201920,2025-09-28 23:23:38.308550,play.google.com
5BF120BA8ADAED15EAEBB13D329E70A54E6079F6C2A8B18265F37033DFBB405B,1981-01-01 01:01:02,29588120,co.za.vodacom.android.app.mymuze,40000001,4,9260696,2025-06-03 11:50:55.731490,play.google.com
5C463351BC92D3250B8EA9A3AC26AA28055705D36A3F9C8E6043B147C5239C53,1981-01-01 01:01:02,15765087,com.my.qasasaltaben1,6,5,5466484,2025-09-10 12:16:48.097879,play.google.com
5C5CC731E74CBFA51A0AAEB772C6B292F9C0F39A519706F203EAD147C6B486F3,1981-01-01 01:01:02,2586610,com.ibdk.bithubpro,84204,3,1702464,2025-09-22 16:08:21.472530,play.google.com
5CA0F39405E9DA81E66ABBA442537F597BFB11B4C52D53A6564FC1C14C954213,1981-01-01 01:01:02,15778350,com.trq.hilalgame,3,3,6654028,2026-01-11 01:32:38.911000,play.google.com
5D0A9CAF25C7E3EBE49A7C43976003152A0ACF1B75911FC433F49E635706A027,1981-01-01 01:01:02,11987940,io.bytebenefit.app,11,28,8292472,2025-08-28 14:16:08.765310,play.google.com
5D220FA3686017CC7162E5216E84E012939C2840C9E0F13AFC25579EA7E92F44,1981-01-01 01:01:02,18110429,photorecovery.videorecovery.filerecovery.recoverdeletedphotosvideos.novarecoverypro,49,3,8951640,2025-11-24 06:28:13.952790,play.google.com
5D8DB19EA2C5CE080CC62CD3E97821F2F4E94A4396632E21154EDB17EC47997F,2021-10-14 23:33:24,10976695,co.funscreens.wallpaper_najarian,3,3,6216948,2026-01-09 14:18:48.112170,play.google.com
5D919292DEBFDCD70ABF6D619AFBE35E70E4417F80C64A7562C2679D436A64F5,1981-01-01 01:01:02,8686847,com.ffskintool.ffs,70,5,5465612,2025-12-15 23:34:47.780881,play.google.com
5DC90B7E91863CBDD97BA65D8E6069D30BC0D6A23E5AA31A0781AFA78F5E2646,1981-01-01 01:01:02,75462540,com.ezonwatch.android4g2,25082502,4,7328852,2025-09-09 21:26:52.124221,play.google.com
5DE549A163769D0ABA32F56B5165D479B3DC1E00E02F90C2C6683E82AD149934,1981-01-01 01:01:02,44586873,sismobile.parsisplan.pt,33000185,7,6143484,2025-11-12 12:20:39.511069,play.google.com
5DE620D213064B3166A3330FF511BAC324244638A39FA7D263E4D4A2DD4293C7,1981-01-01 01:01:02,36143350,net.atntechnology.Nure,4,11,5985992,2025-06-22 09:15:14.221655,play.google.com
5DF42094965D03D6F39093537FDE5AE5B94F673EC32A96629B5A4EDC57F46084,1981-01-01 01:01:02,2833085,google.android.a30,4,6,301268,2025-09-08 21:56:38.025581,play.google.com
5E063482EFF65798154DBC5525D813122EC5FC74C6A73E1AE53FE41E86A38EE5,1981-01-01 01:01:02,25629545,com.GoldenFish.rewayttarwedanoththa,6,3,6904924,2025-10-18 18:48:35.764853,play.google.com
5E0A5990C6BBD03AF0C9C024E22AEC96B39E1237E432676149192FF91C7C85D5,2022-05-23 17:03:56,71847016,com.ultrapower.roamwifi.changitravel,1195,4,15449876,2025-09-24 16:31:32.178091,play.google.com
5E3EC86D2D5DA22B77317E5A51E99556B90CF28AB67B5EB1610DEC927A8375DC,1981-01-01 01:01:02,37216795,net.atntechnology.Nure,7,6,6017870,2025-07-28 12:15:42.252018,play.google.com
5EA566C5C249A18E53FF1DD7DC0518DB28B77EE2567275BE091FF2B4F8642187,1981-01-01 01:01:02,13153627,com.tra.ineat,300000,6,11026200,2025-09-13 05:29:03.668434,play.google.com
5EB186C00342B8C9631018F6A6A898FA9F74F0F51491AF2B33FB81DC9BB2517B,1981-01-01 01:01:02,21382804,uni.UNI72F100C,230,3,9173128,2025-04-24 06:44:30.608213,play.google.com
5EDB19384F6A9156E4D4A6FBC9BF75646F6D5E61F7F51B63488F2E4F6EB21111,1981-01-01 01:01:02,19964322,com.shadeed.rmaxplayer,44,8,9649856,2025-08-04 02:21:06.756447,play.google.com
5EF8BC9ED348C371FD4196E9CCB78A733C9065804F3045CEB108E392A12F90E0,1981-01-01 01:01:02,95278598,com.herogame.gplay.kowtw,50103,3,9424032,2026-04-23 05:35:31.826397,play.google.com
5F66D8D979A238919C6C396B960C823FF6D0FEF85D2F90C3672F5B7EA0030FE4,1981-01-01 01:01:02,13030015,com.elsayad.footballfixturesD,1,4,8756656,2026-02-21 21:04:49.071936,play.google.com
5F759DA15F4570D7F967050FFA42B2C12AE313911540C824073FBD4F057A2FD8,1981-01-01 01:01:02,64882120,com.ahaworld.ahaworld,10200,5,9407256,2025-08-05 17:25:29.026900,play.google.com
5F8421CEBF8F9D55404AAF621C399CE7B31149C1B005CB671555547673D49DE2,1981-01-01 01:01:02,26777528,com.amfmph.may_202005260930,7,3,8960908,2025-09-21 13:50:48.829132,play.google.com
5F97A426398638E2E8B17B4FFD2B5A78372F8DB5F361F1DA2F32F3AFDEA2EADE,1981-01-01 01:01:02,57560042,com.perception.soc.en,17170,14,3635068,2026-04-15 16:28:30.443925,play.google.com
5FD1610506F7C14E8C5945B572544AB5D72C4F3335E943A5F5807C8B87338D94,1981-01-01 01:01:02,178933334,com.andromo.dev391844.app462124,1013,9,7966636,2026-03-15 07:19:43.752668,play.google.com
5FD3EEAA85B277468981BD492C9F80C6BB67E79B527A5F1DB154DA03AC27EC39,1981-01-01 01:01:02,9158270,com.ahmad.abo.omrr1,8,4,5466484,2025-10-18 15:13:04.500562,play.google.com
6035B481EB292C30AFFCD44E63F037694C49A2A336CE190EA6DCC1C8802A2728,1981-01-01 01:01:02,18660597,com.video.videodownloader_appdl,1559,3,8575032,2025-10-16 17:54:22.312543,play.google.com
6077316D5E98FEB853C126AEA9D903D1FBA29DE428304BB623A188DED990873A,1981-01-01 01:01:02,33740149,com.nimbusapp.allrecoveryfiles,16,8,9413856,2025-10-15 12:07:17.823774,play.google.com
608ADC5658F969CE862BA50D9EA30CE1C5BD70837FAF7F508E14F4C8F5BE61D7,1981-01-01 01:01:02,20866712,com.junk.file.recon.detector,5,3,11305112,2025-09-30 19:44:56.885284,play.google.com
6090D53A98526CF53F216F4758DC428C2AE01198ECD167D2C04D9AB2CA7F943E,1981-01-01 01:01:02,14404430,com.astrovila.app,104,3,10897704,2025-06-18 17:01:44.237204,play.google.com
609E6BC320EDA9EAECBBDEB9F6BE91A6F28A010ADAA9CD55C442D0425D64EDD3,1980-01-01 00:00:00,12901180,com.keeson.sleepassistant,59,3,8581876,2025-09-14 12:39:58.131565,play.google.com
60A6CC3FE6C85D257057FA795B4BBE26B197114B25E29FD1ECE241DB8ED023F5,2023-12-25 14:41:00,19215180,com.lomol.workout.fitness,231222,5,7912132,2025-08-12 18:18:38.646273,play.google.com
60D89AA612CF9130B74BFE7F79155E5742D1A7BBB559A5F6A17CFA37BC7B295E,1981-01-01 01:01:02,92113769,com.herogame.gplay.kowtw,50101,4,9424032,2026-03-03 21:44:04.003841,play.google.com
612ABE9130F7698599B0265A935E444FC630D4F55D2015B9060B56F87CF9E3EF,1981-01-01 01:01:02,26945965,com.jijiko.hyo,4,7,8247854,2025-08-10 03:22:36.666346,play.google.com
614B811F1D25F72EB6CEE19D40B75345996151A825B8E692F48D763EB876BDF9,1981-01-01 01:01:02,108623810,itm.ma758.wmuz,50100,3,30442316,2025-08-28 21:02:51.639421,play.google.com
6170A12B8AB670443586B37E1CAC4EFE580CC8274B08DCCC3C585F38ABB08928,1981-01-01 01:01:02,107656839,com.duaqunut.alqunootoffline,1023,7,8576068,2025-10-08 09:03:15.935313,play.google.com
6171DB9A1D0301DA2F810B440509813AEFCE2504FB56B636EA026EE687FB073F,1981-01-01 01:01:02,56941943,com.perception.soc.en,17167,11,3596584,2026-01-10 01:37:48.041234,play.google.com
617F63F94A7E3A44B839FFD6A0CDE761684E5196695322CAAAA76A0FFEB9C1B0,1981-01-01 01:01:02,11876181,taptap.twoaccounts.dual.space,40,4,9318292,2025-08-27 15:39:37.812652,play.google.com
6182EC08B5AA147CE0564EAC8F691DC0FF22CA6AA1E2268C9ABBE7440DC651C1,1981-01-01 01:01:02,56333081,com.wondershare.drfoneapp,825,6,8700068,2025-02-02 13:02:28.808692,play.google.com
61AC6FB237609D60E6BF177A91B714657CE3976DEC28685DB64EAC0555F27A4A,2008-02-29 02:33:46,38466280,com.badr.english2021,239,3,923784,2025-08-06 10:41:59.881823,play.google.com
61E90FECC818D3455B3EF2B52E9EC11F60B8602358E9263552158F4A64EBFD58,1981-01-01 01:01:02,7370754,com.appersnewsr.bangladeshradio,14,5,6324784,2025-09-20 23:30:55.943390,play.google.com
61F8FCD63BC3D09DE61F51901411A7A17F05FB8FD450E9EBC118CFEABB893405,1981-01-01 01:01:02,30481431,com.nimbusapp.allrecoveryfiles,10,11,8724392,2025-09-10 19:07:21.454676,play.google.com
623D619EDB278D9A6A562BC3C56B82B0CC8CB7DA6EF7C7F600980E5208190FE6,1981-01-01 01:01:02,15902714,com.you.aiimspatna,2,3,7188744,2025-10-18 02:38:18.335139,play.google.com
6272524227164BD4C583BFEF9F8BA71E7BB7E36BF7A6183FC4D5B4852A56B99E,1981-01-01 01:01:02,5327442,com.gmbs.datasub,4,3,6091896,2025-03-25 23:49:40.886336,play.google.com
628741A820DEB214979D1285E64DED482F6EAFC2C33158893EF2A3B8F7A9BB3E,1981-01-01 01:01:02,131634926,com.wishbie.kawaiimaster,240119,3,6994364,2025-01-11 10:30:58.029891,play.google.com
62BFE2FC961D0DA53315E19C4CA7E1B2A7F7E0EFC1D6295F0C049AA7CEF90B24,1981-01-01 01:01:02,146311810,com.andromo.dev391844.app726117,1018,5,8513704,2025-11-26 00:43:45.519494,play.google.com
630F0DA76C514A1C99F6CEA787AB232B91055CD5328E5646E19590E42D60CB8E,1981-01-01 01:01:02,44296820,sismobile.parsisplan.pt,33000158,7,5787344,2025-09-10 10:46:59.301840,play.google.com
63199EC66554C1EC20B17331F72DD13E027CF525BD352DE1178FA05DE734E437,1981-01-01 01:01:02,11287137,com.epitglobal.candoenerpizzeria,10003,9,9419332,2025-02-24 01:56:56.051752,play.google.com
6341BBAE58DF59EDA2B3F4129144035B7BD632E36ED15807223ECD2089C1CE90,1981-01-01 01:01:02,31269869,com.lilian.sai,10,6,8588002,2025-10-18 04:16:00.241043,play.google.com
634F14E6311BE6297342DC1935AAC45AFB0963D66406B7060492356002B726F8,1981-01-01 01:01:02,98230643,ljm.course.app,100114,5,3503412,2026-01-16 02:00:25.577708,play.google.com
63600B320EA95BBD0D3BAF9F53E5561596767DF1DD110AF941D9136A99C6AD50,1981-01-01 01:01:02,16405517,com.jpthedev.nasayi,2,6,5466484,2025-08-12 18:33:14.909502,play.google.com
637CE5778CDB3FC39E4363E53F79ED11C48F380E4EEDD6024906DA0086539FDC,1981-01-01 01:01:02,118951328,com.andromo.dev391844.app598321,1019,5,7966636,2025-10-21 22:20:06.390934,play.google.com
638FB4385DFD58F86F410A2889F352BA04C826F7B60B4FF100B6543B695ED44D,1981-01-01 01:01:02,9805989,com.the.first.Samuel.app,10,5,247668,2025-10-18 21:45:23.009877,play.google.com
63A56B6042A05399874C3CF74DB0F0BE454C7B7BD38613CC5279D496698BF4BF,1981-01-01 01:01:02,6911770,com.jg.leafnjoy,18,3,9715608,2025-08-16 18:14:39.883183,play.google.com
63AA6091C81A6B0B54C464E8F8FAAAADD9E928B53FFD7CF4A7AAE56550CAA94D,1981-01-01 01:01:02,20759694,com.signelabs.mypos,67,3,8882820,2025-01-11 03:15:36.942292,play.google.com
63CBB4DA6F4780120D27092038A01AAD4822D22FB47E2B58DC890DED2921B768,1981-01-01 01:01:02,30270875,com.solara.filerecovery,25,4,8089016,2025-09-09 04:30:18.986675,play.google.com
63D613386AC9A38C39EA9CBFF5A2E944D89F10B8065609E360FF196CAFB76FCE,1981-01-01 01:01:02,16618739,com.danooshabk.vpn,1,5,6052886,2025-08-28 16:45:46.551324,play.google.com
640498411EBDC63639A2B30D1E08ED9A2FFD4002367A338D38127959879517B4,1981-01-01 01:01:02,21053469,com.hungama.myplay.activity,604,3,9408736,2025-02-01 15:22:58.317745,play.google.com
641403B49DE51829AB4899F879578B7790DBE3A859C51342D3D741D87E483659,1981-01-01 01:01:02,9281129,com.routethis.orbit,126001010,3,7221804,2025-04-04 05:01:51.702509,play.google.com
64324BC577B39CB9A0088E3B7321656A4F9C0EF03CF62657958D79E482BB3A65,1981-01-01 01:01:02,8664335,com.customkeyboard.engkeyboard.photokeyboard.keyboard,4,3,2179388,2025-08-14 09:47:13.467869,play.google.com
64512041E35869B3DCB9725269A4BA8181FD68CCF730B10E398E9D393A7A966C,1981-01-01 01:01:02,73726955,ng.com.fairmoney.fairmoney,498,3,9682704,2025-03-04 10:32:49.562425,play.google.com
645459A3388E55A23F7CEAA681E3597981F833E501B7FFB24ABFC2AB03ACCF9B,1981-01-01 01:01:02,15880928,com.asl.alqasid,8,6,6654028,2025-08-17 10:52:45.779920,play.google.com
6455F34DBE6173FA9C16744B376D32CF90A363F371C8E21097AAB753CDE071BF,1981-01-01 01:01:02,34294439,com.trkstudio.wordgame,17,8,8248644,2025-08-10 05:37:15.593936,play.google.com
64C929C9B401394032AE0A6B45C50BE7ED12B3D5D635B37E57C6BE8CC125CE24,1981-01-01 01:01:02,12280055,com.cyanmoon,42,5,8728591,2025-01-19 13:38:33.293686,play.google.com
64DADF5F4B79475D1C5DAF0DFFCA1DC7640C727BEEAE2BC7C02D239E968DD5CF,1981-01-01 01:01:02,4440194,com.pronetsoftware.bookwordresearch,16,4,2711976,2025-06-24 14:22:16.172822,play.google.com
651E32549943A5EABD25C4C4CDF10107111232D152E047D6790D049F0A58E7BB,1981-01-01 01:01:02,20009371,com.gamut.farvisionsalesforcer2,212,3,8552956,2026-01-14 17:21:30.692033,play.google.com
652C7507EB169FCACFD6827E596B95BE4F6F37333EDC5C38AF11B0975327EB17,1981-01-01 01:01:02,5704734,com.aboamrouslm,3,3,247668,2025-08-31 07:30:25.157797,play.google.com
6537AF514802EDCBA4EC32CDA93E2459B86084A7A48A4E7102A2D9CFB488C6B6,1981-01-01 01:01:02,57287922,com.wondershare.drfoneapp,845,3,8700008,2025-03-13 15:20:49.444097,play.google.com
65386CBA7CCCFD3C33E5A69CD5C50893B515E2F18CA2E969B58E229354D062C9,1981-01-01 01:01:02,20193207,team.opay.pay.egypt,1155088,3,7194956,2025-09-17 14:28:31.459258,play.google.com
6598CEEA753A20D04C4A32AED753458BCF33F695EE30F9A0B7F606452AA5B66C,1981-01-01 01:01:02,9359249,com.yorkburkhardt.footballpocketmanager,62,6,5567872,2025-03-17 18:51:31.896598,play.google.com
65A40048C89CCFA9D306339A0AF3A83B636F44960288E3EB160B1A5637943EF7,1981-01-01 01:01:02,7912708,com.video.zeroshort,14500,4,55444,2025-07-16 16:19:33.978591,play.google.com
65B9CBE32D31C0BAA8BC18680DE4838E8BE06828A47AC837B2AD3DEC8870416C,1981-01-01 01:01:02,73667571,ng.com.fairmoney.fairmoney,495,3,9746684,2025-02-24 14:09:14.218889,play.google.com
65DF61814E1CD8D34F2E423BAC63AEC411A6DF59438E01BA477F2587DFAA02EA,2019-12-30 09:36:34,23308775,com.maxspect.synag.cloud.cn,3,6,3613788,2025-08-11 00:25:22.498418,play.google.com
666ACA8336EAD2D52DCBA99D73CA11BE9C678C324531FA47293CD235E339D4D2,1981-01-01 01:01:02,7877188,com.dzmosabakat.ma,3,3,9602216,2025-06-18 23:21:06.040116,play.google.com
6678239871FA74ECA0D1B28A09107B870B6B2FBAD54A64B002B0AE9BC723925A,1981-01-01 01:01:02,9448355,com.kt.hoadung,9,3,8792724,2026-01-27 04:31:20.999933,play.google.com
6681B220F71C147CFE64175FAD00471CBFF0AF6180AF1ED3F7F7FA24A7A91C9F,1981-01-01 01:01:02,21556180,ai.bot.trading.algo.stocks.swing.candlestick.profitable.pattern.invest,7,3,8377056,2025-05-21 15:43:11.518862,play.google.com
6687C06A84684147DAAF1B38F2B0E1F172BBF17B98BFDF55CF1C99CFF3D33D42,1981-01-01 01:01:02,74394903,com.think.earth,2376,3,10944260,2025-10-09 00:34:58.891218,play.google.com
668ADDB82061BB57F90BD767C8B7ACB7FC299A437BDD5949DA94FA5B45E79219,1981-01-01 01:01:02,14563997,com.awaed.app,11711,4,9904784,2026-01-13 13:40:36.069119,play.google.com
66B0C822B4AA4B2F520B63AE4FD9ECC10395DB01E453FC0A77586FFFDC800373,2021-07-20 18:13:38,63948089,com.ultrapower.roamwifi.changitravel,1169,3,10879080,2025-09-24 16:30:51.242224,play.google.com
66C64D41E476FA3146DBE073F3762949144953E0077CE4E4B54801AFD69276AA,1981-01-01 01:01:02,13567707,studio.love.in.fall.howtotalktogirls,10,3,4902496,2025-09-09 15:16:23.555856,play.google.com
66F813E71AF203D3E9FDDEE6E0F58D79D02FDDB27101F8A0140ACC367A64EC0B,1980-01-01 00:00:00,19453123,in.startv.hotstaronly,919,3,9643628,2025-09-13 03:47:19.772650,play.google.com
67361040238ADC85443D5ED14DE2EBC575F3AFA27AA54C82AB7C710EA3EBB905,1981-01-01 01:01:02,39328461,com.cullclean.sweepcleanmaster,2,6,9599748,2025-08-10 11:28:59.638397,play.google.com
6736F8696E46744919942E6EBCDF950FFB15908D34DF1C15F5690DD992270D23,1981-01-01 01:01:02,32544174,vn.beehive.driver,250616000,7,9246352,2025-08-28 13:39:11.897980,play.google.com
6768B24B6E4B5932D0F6F8AFF4E815DCFBAA740C59A57FC87F57FF222DB53D8A,1980-01-01 00:00:00,5288627,com.appz.doubletap.lock.unlock,62,3,6333664,2025-03-16 09:26:58.886051,play.google.com
676F8A6EFEC1A4B0CB4374A7A05191ECB45AAF154CD00BF069CD7A9B0C9AF644,1981-01-01 01:01:02,9628761,com.examen.national14,34,3,247668,2025-08-29 03:38:00.027533,play.google.com
679C0F273628F3DD213361D9C6211224DF9E249C6932B36F3A867FB6C0749450,1980-01-01 00:00:00,59400631,com.metaswitch.cp.Midcontinent_Communications_10733,17,3,9697672,2025-09-19 03:21:48.682623,play.google.com
67D9CADC1B8214DE01EC9C02A7D57433DE0954F8DDC7C185BC888C837C377AF0,1981-01-01 01:01:02,20054341,cast.yanga,3,3,7237604,2025-09-08 03:21:59.293121,play.google.com
67E4CD858B7593CC599F153413D702CC582B1539BD500C14D2B3A89BEE0588D7,1981-01-01 01:01:02,143815735,air.com.playtika.slotomania,771082220,3,9366580,2025-08-05 17:08:16.901114,play.google.com
67EE5D038F3EFB908B668A725CA140080D2174CEAB30C80DA1C3DF06DFC388ED,1981-01-01 01:01:02,34430197,com.svantek.ba2,62,5,7708040,2025-09-12 06:41:40.630756,play.google.com
681BDDE4F0637E861FDAB9716FC87CE1EBE9ED43A79F333BBD35B3677E1AE6FD,1981-01-01 01:01:02,4427722,kr.co.chamsule.smartonepass_project3_theh,14470,3,2446700,2025-08-10 13:25:38.639290,play.google.com
681D7320F773A4EDA4F14787AFB9598FDF0B1098646E728C916041D4632FF074,1981-01-01 01:01:02,67077662,com.italianbrainrotmcpe.italianbrainrotmodforminecraft,3,7,4535180,2025-10-17 05:49:52.129106,play.google.com
68327545D9FCFB02AEFE8A69ADEEA2FDB52433366595F89B17D1E2675F10AEA4,2024-09-06 05:37:46,35683245,com.ethiotelecom.myethiotel,216,3,8816306,2025-02-05 03:13:47.148516,play.google.com
685CB9AD7D391C5FBB7B4108AF1119FA70C100178C84C9D6295D146659B51DE5,1981-01-01 01:01:02,15896102,multipleaccounts.parallelspace.cloneapp.appclonerstudio,203013,5,8605512,2026-03-30 06:46:35.306114,play.google.com
68751C0DE2F0A266C429570217EC8A6436586E2316E65BE0F26D6FA8A148D143,1981-01-01 01:01:02,12319100,com.vision.myapplication,34,4,8310328,2025-08-15 07:28:21.381641,play.google.com
687FBDC037F5D615C3B52DBA138E048DDDD40EB9310C9E24D37701EDE5305311,1981-01-01 01:01:02,47670806,com.QuantumAppx.MockupMaker2023,10,4,4751568,2025-08-17 03:18:01.813294,play.google.com
6890B54F9904474D9A67305E9936B2EC54A29F15CC576D7C2F3E31C773A5A053,1981-01-01 01:01:02,2239338,com.buzzato.nagapattinam,32,3,1595288,2025-10-02 15:48:55.828090,play.google.com
68A441D601B4B56839242AC08255F61A8D4BA59DD2A096269A4C546F3E6D3D2B,1981-01-01 01:01:02,70042417,com.wgame.codeg,3176474,3,13001528,2026-01-26 14:56:29.757005,play.google.com
68D29FAB6D98A0526BD15F295364059EB437C2376BF10E1935BC15746C93E17E,2023-08-29 13:57:34,13226722,com.rakroid.profile,17,3,3457064,2025-10-20 06:32:43.717438,play.google.com
68E763EA6FBFBAC09F6C730CB1C97BB5E16D6D96D229FDEF45B64418C886E296,1980-01-01 00:00:00,1844060,jp.co.axseed.bcagent,4031400,5,2247400,2025-09-17 02:38:39.142880,play.google.com
68FC1E1C5BA25F96BD2F75BF1B482050ED54D24DE75B36B3C1B7BD39061CE46F,1981-01-01 01:01:02,5601239,com.atalisnetwork.meapp,19,11,247668,2025-01-07 15:47:43.367527,play.google.com
68FCD724A02F9E5A89DA3CED5446CC9D663775D216B3D0B3F098FBC31B46DF65,1981-01-01 01:01:02,9202613,com.PikoLimo.earn,5,4,7491848,2025-05-22 00:55:31.232710,play.google.com
6986FA368E8D01430920BFC952805A5823875A77CEECB1A8531A0E10D4F9CD23,1981-01-01 01:01:02,9121385,com.routethis.lestetelecom,126001010,3,7221804,2025-04-21 03:01:27.251072,play.google.com
69924967638F0689A00AB79FBB6D55119D565A7BC496031BB52E770F79AC3D9C,1981-01-01 01:01:02,9928555,io.bytebenefit.app,15,23,8201196,2025-08-28 14:15:33.862791,play.google.com
6994B9E7E90680415A84B0E60A4C193C511E7E7F80D97E7145B505FB0CC80B0B,1981-01-01 01:01:02,42662048,air.com.playtika.slotomania,771320020,3,9744892,2025-08-05 17:19:04.793003,play.google.com
69A5EAF48CF0929023B6713C1C4390C647C9064FCBD7255D51ED04A2BD903843,1981-01-01 01:01:02,6668099,com.dmitsoft.treadmill,35,3,2537888,2026-04-21 07:43:01.659494,play.google.com
69FEED5C6445F32C12341D9F07386B34FA15C069FA2802D8BEBACDB2ED80D489,1981-01-01 01:01:02,7874642,com.lusti.monopoli,1,3,9907672,2025-11-15 05:30:29.831651,play.google.com
6A1CA9FCE0B41A1AE3168FAB49ACBBAB29676B938DC6D0FB576A5C5C457342C9,1981-01-01 01:01:02,30417121,es.chichicha.minador,11,38,9441736,2025-08-28 22:55:54.703791,play.google.com
6A2B1E6E6554FF63F95AF1EFF7DD89465F8F9626A3116BFD846BD5805C0AF387,1981-01-01 01:01:02,44186840,co.tslc.cashe.android,2416,3,9464236,2025-06-05 12:43:10.893661,play.google.com
6A7F3397435F0C8545C2439F950AE5DC2A7C30746C929DE20C2EF78A68D0DBCC,1981-01-01 01:01:02,28343094,com.fly.web.smart.browser,10109000,4,9015732,2025-04-17 07:15:15.536623,play.google.com
6A8CDC75712B6586E7F0BA025E57EBCAC864E5EB07707981519C4BF048E107E4,1981-01-01 01:01:02,67133637,com.myupchar.user,375,4,10816372,2025-07-07 12:56:51.279220,play.google.com
6AB84C0370E0FA1D574669589958DE02B51AEC70A5934F7915B138129CDD6065,1981-01-01 01:01:02,59138648,com.tfy.cila,63,3,9504800,2026-04-25 10:19:22.941625,play.google.com
6AD578DA808A9E94782563F9C3771ECE26000D70FC7CE89BD7609A75973AE000,1981-01-01 01:01:02,9035369,com.routethis.usinternet,126000022,3,7221808,2025-02-03 02:44:59.506759,play.google.com
6B030FBF5FB323719C2982CF55D16940991DD41A8A5E75CC0A34165494DEC901,1981-01-01 01:01:02,28384318,com.GS.lnJeCt0RSs,39,7,643180,2025-08-17 06:24:09.782174,play.google.com
6B1CE55AE513060F1C68A57083028695216543CAE3B7DC641248665E38A95509,1981-01-01 01:01:02,6837883,org.redeemerfcu.MobileBanking,6003,3,7910288,2026-04-28 19:18:08.516545,play.google.com
6B242C3378259897A1FF47387F80E8DA10CF139FB8443FA996D2A515368DCAA7,1981-01-01 01:01:02,83517873,io.cheelee.app,148,5,10703766,2025-10-19 09:51:44.046806,play.google.com
6B56A11FCF5A2652A4F9F33D35D2CFCFC411636AF53EB8EC8BBC6D2BD09BDB5B,1981-01-01 01:01:02,17055605,com.alltracker_family.new,176,7,8137472,2025-09-20 18:12:33.583665,play.google.com
6B757A23E8608F2E4CD8C5773657C018FC8C8139BC7AAF7941C2A3520A50BD29,1981-01-01 01:01:02,47787169,com.identisoftsolutions.clarasaude,20206,6,8389188,2025-08-14 08:21:54.920786,play.google.com
6B7BEBB304BEFE7D77B2BFF16D619C3DD781348E91CCDD9A12035D2776BE1F86,1981-01-01 01:01:02,15085814,net.atntechnology.ATAN,39,6,5987669,2025-09-18 16:28:36.458550,play.google.com
6B837932BCE165F4D5FDA2F641FD483C0B724044868B3286627062B56FB65537,1981-01-01 01:01:02,8187952,com.trsj.java.codes,5,3,7250492,2025-08-18 15:42:59.463176,play.google.com
6B949C733C11A0F16496EB85977D49B6739FE14CA3816108FBC05BAF1F338EB7,1981-01-01 01:01:02,12325245,com.my.DakshinaMurthyStotram,5,5,5466484,2026-04-26 23:36:03.232152,play.google.com
6BCBC38F806C9D1024E4EC06942261E67CEAFE7043837B80DD3D875E169026EA,1981-01-01 01:01:02,7569902,com.wTWC_14784758,1555902996,4,9387800,2025-01-10 15:57:09.274863,play.google.com
6BD810E3CE349A6154A6750132CF423BDA74111F7F947A4F353F4C375E3EADF9,1981-01-01 01:01:02,83703408,stone.ai.detect,6,7,7438172,2026-04-01 15:50:10.398597,play.google.com
6BDEEB77D858884C3207EC25CB18EE3043F1F32517BF30701CC937BB5E235A7E,1981-01-01 01:01:02,2089927,it.babyloncloud.donnatv,10,3,1144552,2026-04-03 00:15:32.123441,play.google.com
6BE5C510DCEE568ABD11435678372E6FF700581E735AE26342925D8C3CED8180,1981-01-01 01:01:02,6051582,com.daily2oddsspecial,15,3,5466484,2026-02-07 18:45:03.255495,play.google.com
6BE65294FDDE9A82D36A580ECF57EED13C66862CF01A2BE44B97D27414168D98,1981-01-01 01:01:02,21364275,com.keralabank.corporate,2,3,4163784,2025-06-11 05:31:26.726221,play.google.com
6BF52530DB48CE1E50C3FA35F0D3CCC5770A55878F0F9756BBEE3F059C24B726,1981-01-01 01:01:02,12383510,com.llx1,10001,6,11004332,2025-08-16 21:09:46.125373,play.google.com
6C0FBEA14C4F28B77BD7032256A0C42DA3CDAF8F13E80885C55CB2CAA196304A,1981-01-01 01:01:02,12630710,com.wondershare.drfone.link,28,3,8527596,2025-03-20 21:25:44.155478,play.google.com
6C0FE867B108C799C3FCF17DC61DABB228D988188F68F46A7A44F385CEF3785D,1981-01-01 01:01:02,15918193,com.don.sal.Muhammad.tjk,24,3,5466484,2025-08-28 22:05:34.119174,play.google.com
6C358CC18AB445705951DB81F69D429BEA831FDFCF44B4EA21C18B2BEF5C607B,1981-01-01 01:01:02,12733600,com.touch.gestures,22,3,8969184,2025-04-11 17:14:31.830176,play.google.com
6CDED9F14FE192BFC00248197F27B72A0B0DE733709B22906A41F7BE16412F84,1981-01-01 01:01:02,49990195,com.samiksha.exceltutorial,22,3,7028520,2025-07-29 13:26:42.786237,play.google.com
6CE35DA95436CDA94B2EAADAB2900475FEACC03D06D3E33AA33DB1A7B9ABE352,1981-01-01 01:01:02,10222931,com.voutputs.vmoneytracker,119,4,7449260,2025-07-07 12:22:08.027146,play.google.com
6CFCF5C0A66A524C0EADFEFA7275FF36341563F93C995D07F08F044C5F01E794,1981-01-01 01:01:02,22057071,com.my.xwenar1,34,3,247668,2025-01-13 17:07:21.562043,play.google.com
6D1F359777A08B567DAA990885D855251172CEED9E23C291D5CF4B9A55A9384E,1981-01-01 01:01:02,10183312,com.bits.masafi.consumer,40038,3,9144408,2026-03-24 00:33:20.049818,play.google.com
6D35F1F56F74452A64E62B602F5381437D9EA9A43C0CF1E434FD132CF46F3E26,1981-01-01 01:01:02,42733165,com.silverbat.knightage,196,12,3706712,2025-08-16 18:33:17.951934,play.google.com
6D4E45DD70523AE56B105949DA41A7C250EA8274377B0F38E7A6BCC236506F92,1981-01-01 01:01:02,7765145,com.live.next.level.wallpaper,9,4,8945068,2025-01-07 08:32:27.727969,play.google.com
6D5A0E2F50A54933EC520D34D4423FE6593669872E2D681971D1DB5B6969D736,2025-10-06 18:21:04,52223291,com.lomolsoft.dict.cedict,251006,4,10353432,2025-12-26 14:03:30.312836,play.google.com
6D63A7ECB0AECF75088243AC60C79FFDD5B51EBDF37FD9919426C13CCB8D11CF,1981-01-01 01:01:02,71729434,com.cosmocraft.craftblockkkk,900000001,3,8506128,2025-09-18 12:56:47.611091,play.google.com
6DB5A1768FC8BC28ACA1913848CEB0E25C5B1F820838F8A1E96F9C8D32E42E57,1981-01-01 01:01:02,32939830,com.app.theshineindia,58,3,8233664,2025-09-08 05:39:58.748205,play.google.com
6DEF3D936CD72262949F510A6499DC4D7A0DA0D3762AE739F211595FE71F7F5F,1981-01-01 01:01:02,8213945,com.phonemove.app.inapp,121,3,3702300,2025-07-06 11:23:42.833106,play.google.com
6E12E88BD3BB9DE7F342D3E9AA69F30E5F0583550FE9728751B5C112C7E21D59,1981-01-01 01:01:02,14292251,com.androidbull.incognitobrowser.lite,654,4,7157076,2025-05-15 15:20:24.802396,play.google.com
6E46E024D9CC196B7C25915CB94BFE75F7C78C2A2D9EE40FE30C1C1F7DF460D7,1981-01-01 01:01:02,5991650,com.smstudio.lottery.sambad.result,113,3,5105460,2025-09-11 03:07:21.126984,play.google.com
6E499452106418DBAB44BC988FF192FB5D8ACE039B609827776EEF2A48F76E37,1981-01-01 01:01:02,42733165,com.silverbat.knightage,192,9,3704268,2025-08-13 11:18:59.149781,play.google.com
6E64EDE45B818FFB7599BDDF63F373E7C1A66DFCB561A8EAA2DC7F0A9A5F06DD,1981-01-01 01:01:02,9150887,com.app.noxsity,9,3,5466484,2025-09-22 21:35:13.484367,play.google.com
6E6F5370BCD47BD5AD84AB164B6BD535061CE03FCAB417B6707E460917537013,1981-01-01 01:01:02,48505691,com.fillcontracts,10312,3,8090460,2025-07-08 06:25:41.727413,play.google.com
6E7DF1A9DBE80B07A50A1715D06ABC1E8C4CB74F709AD7AF7D9834CB5FD3A61C,1981-01-01 01:01:02,67926642,ng.com.fairmoney.fairmoney,460,3,11497780,2025-08-10 01:19:44.478043,play.google.com
6EA395B284CC54045DE29B7E3047759ED8F16C5CEB020EADA5403023898AB27D,1981-01-01 01:01:02,16146049,uk.blueapps.nasb.bible.player,1437,3,8575568,2025-08-14 16:42:39.957713,play.google.com
6EA80B12B7EF640B305F0E78DFC8331F2DFE175BD17B56C7C4145FD109FB5DCE,1981-01-01 01:01:02,24893720,com.vsvatanjavon.tjk,2,4,5466484,2025-08-06 17:46:34.001909,play.google.com
6F3AF3479C1AD90A7A5AF0D8C9D97707EA64C01C3472F8F0550B858DD0AF0E94,1981-01-01 01:01:02,121604225,com.andromo.dev391844.app726124,1018,5,7966636,2026-02-10 03:03:15.579249,play.google.com
6F5E80EA43AD0C8C1CAFF47DF222B4423C97CD7941DEE9D8AE33366CEF764781,1981-01-01 01:01:02,11777512,com.myfamily.myfuededitandplay,1,3,8947292,2025-08-10 15:16:12.995538,play.google.com
6F62DE31787915CF9C5C1452194CED167CD679C81A9D028D53BD5218D5130825,1981-01-01 01:01:02,19416974,com.video.videodownloader_appdl,1519,4,8763624,2025-08-09 12:21:26.460938,play.google.com
6F74647DB40E3232B5477CF6D14DA3ECA765A6ACD1889D60F02107BBCF199A5D,1981-01-01 01:01:02,8431162,com.my.alaemam313.almahdi313.muntdher313,200,4,247668,2025-09-08 05:05:51.233261,play.google.com
6F7749BF17B14F12B128F2B29A1ADE37AB22B8E8C87A839466542B86AD8708D5,1981-01-01 01:01:02,15001139,com.rp.primeplaz,1,3,8479092,2026-05-30 03:47:18.419636,play.google.com
6F9DB17C97D1D651602890DB9D4D17EF02ECCC8CBB0B0C1932AC174314F8EFA8,1981-01-01 01:01:02,54316647,com.appzonegroup.fcmb,379,3,17972348,2025-10-08 21:50:07.094419,play.google.com
6FAC77893E06EF2D37B765BFD7DA163CAA385C0338A780F3BA23D9497A3EE2CA,1981-01-01 01:01:02,5605584,com.ajthebillionaire.build_a_beat,32,5,8983544,2026-05-09 00:56:46.455460,play.google.com
702CEFB2BFC211B227A84C80E9000E1BD95C1ABFD480813F3141C2AE806B218A,1981-01-01 01:01:02,115250,com.sketchware.block.manager,4,4,327876,2025-08-08 21:07:25.754794,play.google.com
7095072B70FDE33CD970ECDBB26618154F32F2982C7798CBFB61687CF1D12794,1981-01-01 01:01:02,111406976,net.andromo.dev391844.app844474,1024,3,7517768,2025-10-02 15:08:51.663667,play.google.com
70A8FEFB9447C2B5FA5CEAE788C9CCF9A55B0C4A967BB3EB7FA3A589E0CBA2CD,1981-01-01 01:01:02,45521182,com.bgm.gfx,161,3,7566428,2025-08-10 00:45:05.750562,play.google.com
711514FA183503476D17B5335E33E458AED3E5717B5E67F855093660DF7A035B,1981-01-01 01:01:02,98398777,io.horizontalsystems.bankwallet,140,3,14071408,2025-08-27 11:16:15.587173,play.google.com
7139004C7B4DAA2D618D38CE18AD9F8AA62813E649B56181BC60D8C864FFFE67,2025-09-14 00:22:02,108760460,com.impelsys.aha.android.ebookstore,152,3,16604273,2025-09-24 18:43:15.002039,play.google.com
713A5F1BB380BF527D03D90126AF5ABA7850E9D259F947D17A5AC05C2FB5D85D,2025-07-31 11:27:32,52078926,com.gs1.can.qr,9,3,36900,2025-09-11 18:00:58.698433,play.google.com
714E17CFA7B88D1F77AC2141AAB4D3CBFE5A2C94C5CBA8FC24894A14CC7220BF,1981-01-01 01:01:02,36643921,com.videoplayer.pro,1112,5,9389095,2025-10-09 17:15:27.514203,play.google.com
716C6F695BBF6058434838BF7E763D03338087FBE7C88289B4C3D3932DD67DE3,1981-01-01 01:01:02,31313090,com.askmeideas.panda.esecu,15,3,7843808,2025-07-21 00:39:04.388913,play.google.com
716F4FC7931D77FC3922E30A6A53F26721A87C58EC270025EE74EB4A519FACC7,1981-01-01 01:01:02,19278994,com.livmet.videocall.chatting,202071160,5,10531980,2025-08-06 23:48:07.289779,play.google.com
719AE3D07A0AA61102EC79368C598800A689E744EDB7063AA4429432000845E9,1981-01-01 01:01:02,45423500,com.read.goodnovel,3631273,3,10287708,2025-06-08 14:46:29.426868,play.google.com
71A0E0D3FEF707B85C767A1F4D4B3829CF7789E393393D72D3F26A9C2E872466,1981-01-01 01:01:02,6253094,ao.mobile.gps,4,8,8120008,2026-05-24 00:12:55.729003,play.google.com
71B637B3054BA7B230854820B4757B48CFCC021DB8B4E2EB5F7C52DF70076B3F,1981-01-01 01:01:02,92341507,com.herogame.gplay.kowtw,50081,3,9520940,2025-10-16 10:21:08.665137,play.google.com
71E184BD813CB595C40C3556643BD5AA01B3D7BC576510B6AF6295D3459627EC,1981-01-01 01:01:02,4423538,kr.co.chamsule.smartonepass_project3_theh,14570,7,2446772,2025-08-16 02:59:58.541274,play.google.com
71E5F1BE0C6B8451D5E304BC1FEC83AB1860F5E49923B9F48DFE59711EC63E96,1981-01-01 01:01:02,17317303,com.wenasa.stone.android,10100031,16,5984,2025-09-18 22:32:23.956543,play.google.com
7203250507B5054410C82778AD556258A6D3C33C9CA8870E859EA2F07BC464E9,1981-01-01 01:01:02,52935802,com.andromo.dev391844.app448784,1006,4,6912948,2026-01-31 13:13:19.061672,play.google.com
72287BC250F32DA344924ECD56FED9B07CB680CC6D32B298DEBFF89C8871AAA5,1981-01-01 01:01:02,5508912,io.aiscreen.player.twa,330000,4,7793712,2025-01-09 03:45:41.510596,play.google.com
738D29D37EED24F73A89C17551D32DF500712C0D6587F97B0AB21F7770B6E3EF,1981-01-01 01:01:02,3739156,com.depositcalcul.mirapp,3,3,5465612,2025-10-22 05:33:52.879648,play.google.com
73B118F6B9414198ACB303C8833440DD8377BC8D3F51BF49E0AAC43B19739724,1981-01-01 01:01:02,24810351,com.shoutlo,207,4,9660716,2025-06-25 00:56:39.898011,play.google.com
73B310B7A433C8041AFA84093F43A0D8CBEC7419BE3AC4DBAF5EC1CE69E83A9C,1981-01-01 01:01:02,17072401,com.torun.hero,10,6,261012,2025-09-25 15:58:08.393035,play.google.com
741D7A91D1AF7126B69F5E85863A6F80154F13B5B4766A3CCC596D5C8EDE535D,1981-01-01 01:01:02,5728572,com.eroblan,101,3,7028340,2025-09-20 14:15:11.916699,play.google.com
74211E0C23EF5598E4E636E08C288E354BCB37548CE181C984194D7668360F8D,1981-01-01 01:01:02,12016131,com.thecybernanny.adroapp,712,7,10461852,2026-05-09 09:15:55.971384,play.google.com
746AA369FCAEADBDF032E300BC9958F8073E1B4269D20158E2CFCEA5FBD192EC,1981-01-01 01:01:02,5951158,com.kindae.browser,4,3,8352824,2025-09-10 23:06:00.148391,play.google.com
746D205910D43B5B88EA922235917C31150763FFC88F34DF061E8BBD5E2D26AB,1981-01-01 01:01:02,27095081,com.kundalik.red7,34,4,661364,2025-10-18 09:36:03.023834,play.google.com
74ACF000CE73411246B99AEFD9BCE4721C39548CE5EE383809E8B675A0E6BB64,1981-01-01 01:01:02,9509302,com.knave.client,50,3,9276716,2025-11-21 15:37:52.926615,play.google.com
74FE4458447E550ACD280B362FCF1D12E31277CCF9ACE58FF44E63AE55F8371B,1981-01-01 01:01:02,25277053,com.GoldenFish.rewaytshaytanalentekam,6,3,6904924,2025-09-14 08:22:39.365722,play.google.com
75469B225735AED247725C25AB40E101E61AA558C7E4896FB9399D42267EF768,1981-01-01 01:01:02,24205404,devocional.diario.biblia.cristiano,29,3,7886140,2025-08-13 02:20:08.794119,play.google.com
7559DD69524B5F150BF1F8A6EFC0566B9D7DA958665FB0282B247D80F8987C4B,1981-01-01 01:01:02,62708031,com.usmart.sg.stock,5000000,4,51572,2025-08-09 01:40:20.133721,play.google.com
75B0ECB06BC778F7EB3D1BC443AAD427E82A7ABDF4434CB61613805C3CA1CA8F,2023-03-14 11:59:10,53016371,com.simple.english.reader,104,3,63660,2025-08-14 01:15:21.646056,play.google.com
75B449B5C3C30A97B1C6B66CF9D205D189B7E06D9460087C27664AE1573303F8,1981-01-01 01:01:02,20709635,com.lynkit.eBilti,34,3,8726872,2025-12-19 17:16:59.092579,play.google.com
75F18B08FD317222E5FFB5952EDC41E07807AB1F9C21B8CD27745CA24B1F2802,1980-01-01 00:00:00,12804448,com.datingappunitedstates,90,3,8848348,2025-10-12 21:42:05.413089,play.google.com
760ED43D4679BCB96037AB46B919CA13532D7DA29E793E76D128CF4394F8CC71,1981-01-01 01:01:02,61144181,tunnel.entclass.vpn,2000207,17,7111088,2025-08-06 00:23:37.665674,play.google.com
762F82EA39C8AEE307D270ABC776C94E6D57CDB59CA2C920AEBE935B894FF907,1981-01-01 01:01:02,32971177,com.egd.ReleaseCreepySkeletonKnight,1,3,7954580,2025-09-07 02:11:36.650788,play.google.com
76591E5D767114B3D4D27059ABB6B2897EF968D08B3FF9F8AB885698D557198C,1981-01-01 01:01:02,4103010,com.leafecodes.ewenames,4,3,8185256,2025-08-29 10:10:15.991859,play.google.com
76777091EE5FA59554BF63B0BE6A0E7A044671B68A30EC8B05D9167C51F3D8DF,1981-01-01 01:01:02,14416549,com.text.repeater.npl,2,3,8352824,2025-08-11 18:54:06.555829,play.google.com
7687BD3280C43D3A20569631151B60FA2AAB6EBD7AE4B1EF34C512FA5EEEE38C,1981-01-01 01:01:02,28955805,com.best.quick.browser,10202000,3,8938452,2025-02-26 04:01:51.465141,play.google.com
76C8BC68DBB722398E1EAF11631397599BF709BDF8A5366C11707ECD470EDAF7,1980-01-01 00:00:00,1846460,jp.co.axseed.bcagent,4031300,7,2247144,2025-09-17 02:39:36.158673,play.google.com
7706D6C61413689BAEB54D30FF2BB453826EE19EABEE771D4B628CDBC5EF2DB5,1981-01-01 01:01:02,52253178,com.tfy.cila,41,10,9473156,2025-07-20 01:22:04.981776,play.google.com
775A29D31B1CAD2343D7DDF42929D2B8E9C3D711C68D74838DC8A51EF37ED3CE,2025-08-14 09:56:14,8143747,com.isprint.SWIFTToken,24,6,895028,2025-09-07 10:57:09.947433,play.google.com
775E2D6D37315C739B456DA8D021018E2A81B1A2009466D75FF77BCE40470C85,1981-01-01 01:01:02,13698566,com.youmusic.magic,2,13,11045892,2025-07-29 08:52:14.799087,play.google.com
779BE46D759FB124D89AA175D8744754495BF5E55378C76A9E2423CA1FF5B058,2020-09-11 17:26:04,4195714,com.ibasso.volume,10,7,929560,2025-09-16 06:07:17.897357,play.google.com
77A4F61701535BC1BD9933DF92CA1F56576137357C6C01FBAFCEA0780891056D,1980-12-31 22:00:00,5140417,br.com.as2.quiztransito,250,3,8102152,2025-10-13 23:58:38.174542,play.google.com
77AC5AECD644F33BB0046AA8C3A3B721A6757944AAA2E5E468F99371A7EF24B6,1981-01-01 01:01:02,23666474,com.unfoldlabs.secureme,63,3,8115512,2025-01-25 09:50:51.541726,play.google.com
780331798CF43141DC304BC922BC94EE56021F1681564F8459E0AF75198FC66A,1981-01-01 01:01:02,32942607,com.ikeyboard.theme.neon.love,483,5,9220180,2025-03-17 23:11:46.780499,play.google.com
780FCA5FA90B80DDFB210282BF8399BFBC53A7EFF7F296F714CAE924FFDD40BF,2021-07-30 16:55:46,14346234,com.medtrum.easysenseforandroidmmol,95,10,1435056,2025-08-28 23:43:09.360558,play.google.com
78187979B638E643C2B8390AC290557A897339EDC11104E1F3A646AB94343E05,1981-01-01 01:01:02,17503986,com.ig3sec,63,4,942304,2025-08-12 06:53:37.841116,play.google.com
783BB09953254F1C0E281ECD84F8EDCCB41E0D91FD8D463FD9DFF2A80B9DBDC1,2025-12-05 16:49:02,96847500,com.impelsys.aha.android.ebookstore,157,4,17670293,2025-12-21 04:54:16.098304,play.google.com
784BC783CED0AF2323FA2494220CC48E2222395ACE619E6BF277829155B95A6F,1981-01-01 01:01:02,9264588,newokmall.app,102,3,9457996,2025-09-18 22:33:27.102042,play.google.com
784E9685D4FD6CE6FDFADC46DA5E77A114C77A433361326C5B9A5D3415823EB3,1981-01-01 01:01:02,4027877,net.a4africa.ladylottoluck,15,3,1638068,2025-12-17 20:16:46.235328,play.google.com
7855C74D7F432B952EE6D04C1FA46A602716E6AA2988BF928C6DEB115F790D8E,1981-01-01 01:01:02,24638630,com.mevesapps.devocionales.cristianos.diarios.escritos.audio,36,3,9457284,2025-10-16 17:56:56.627737,play.google.com
7857B8B0C72D99B79E2567670EB3F47C1E0D24771BD0A8C6AB596CC43AB822F8,1981-01-01 01:01:02,6841922,koora.live.player,3,5,5840468,2025-10-17 09:33:19.810137,play.google.com
7858C8616BB65B8A8501E5EF71321BB311673DD0869C261CD2257695C6639F2A,1981-01-01 01:01:02,10286835,com.book.store.downloader,5,4,6760044,2025-09-21 14:28:16.519717,play.google.com
78660F9191FBA62B303FCC13F07EAA4CCC2129EBE4AC57B3C15938F5B781852F,1981-01-01 01:01:02,12970172,com.revelacoesdabiblia,19,5,247668,2025-10-20 06:08:48.993942,play.google.com
786D9C303DB77FA308E5F4C881FD5F2AF9B2401C47C0C4086AA9E8F7800C8B74,1981-01-01 01:01:02,36915115,me.co.tsp.tconnectme,89,3,8854072,2025-03-13 05:59:02.242221,play.google.com
78866F1D8FEAF69D0D6BDED539BD5E204384F0B5B86409B835B42E7F3E0F92DE,1981-01-01 01:01:02,119250788,com.andromo.dev391844.app383231,1010,6,7517768,2025-09-21 01:16:18.637626,play.google.com
78B956FC5739DDA717BCB5E04466A27604DE324596729F053E09C4ABFEC37CD5,1981-01-01 01:01:02,91727408,tw.com.taishinbank.ccapp,90322,7,9074364,2025-12-21 13:48:52.440252,play.google.com
78D3256DB7AD19C4C2E390146DD658B7C91C31178AE4D6749B0B5D17B3C7B677,1981-01-01 01:01:02,4973423,com.ajthebillionaire.build_a_beat,17,9,7235276,2025-05-16 22:07:24.924763,play.google.com
78FD78A06AA8CB9F72B3D6761F29372356E71435ADEAC80EC91FF34DF0F6F92F,1981-01-01 01:01:02,44323854,sismobile.parsisplan.pt,33000162,6,5787344,2025-09-12 14:50:34.092500,play.google.com
792519B9C8E3764195E6F2C20CD562F36760DF902CCB73EF83DCA0C1F123C74A,1981-01-01 01:01:02,9147401,uk.blueapps.bluecast.joel.osteen,1191,3,8563696,2026-01-06 22:34:27.394338,play.google.com
7931E31A34DA29AAA1AC8A1E11D3371F166AB035CD9D170B6AEE7DD9C203AF7F,1981-01-01 01:01:02,18417426,in.startv.hotstaronly,1083,3,9700768,2025-09-13 03:48:40.025972,play.google.com
79442ACD115EED053F4D75376B5654CBC2CA066ED25D1174378A69D77524F4AB,1981-01-01 01:01:02,34422889,com.solara.filerecovery,19,9,8965392,2025-08-07 00:45:33.112839,play.google.com
7945F5EFD82DCF61C94BABC0BC1E72C687ED07F5701D74ACDF69D21D004FFCCD,1981-01-01 01:01:02,21345861,com.my.xwenar1,37,4,247668,2025-07-10 11:33:31.451610,play.google.com
7961EC1E9EFECA6311226487E2A068717880479B6922FA9421EBAC42C029DD3B,1981-01-01 01:01:02,35694623,com.egd.SaveTheButterflyGirl,1,4,7944108,2026-02-14 16:57:16.532328,play.google.com
797D435526EF40E17465C29239A1BCBFC593027F4ABD9654F01BB72BBCF7D1CF,1981-01-01 01:01:02,24089245,ru.imovers.web,41,3,7472784,2025-08-14 21:56:24.706748,play.google.com
7987E887DD337659903AEC95929CD8B93165AA1CE8921638981E91B1287758E8,1981-01-01 01:01:02,27380540,com.my.civilprogs,14,3,247668,2025-09-08 17:16:26.726178,play.google.com
7993BE715892A2CBD2349B970595FC2C24B737649379680A4DCA520D4240B1DE,1981-01-01 01:01:02,4267303,com.cognaxon.NISTviewer,10,3,8705720,2026-01-02 15:18:15.172546,play.google.com
799DF4AE3D6B342E4D5242220A42795E4D4CB9589E975EFB5D3979D483934492,1981-01-01 01:01:02,5597174,com.ajthebillionaire.build_a_beat,23,6,8982256,2026-01-08 03:15:10.331765,play.google.com
79A6E9786D1F0156DD670711728CECBFC0145884BEE421F489B019638A539A0A,1980-01-01 00:00:00,25522798,com.keeson.hotelguest,43,3,8877920,2026-02-12 17:51:16.720866,play.google.com
79B429B211F727FAF9C79A814196AD64E6186F30F49BA940A16DEAD8C8E914CE,1981-01-01 01:01:02,84794296,sismobile.parsisplan.pt,330000227,6,8941020,2026-05-20 01:52:56.507820,play.google.com
79CEE8E300528AC6764C40ADEC715BF60116E0B95447ABFC9DA1FEC45EBAF86E,1981-01-01 01:01:02,80079803,com.rodhackgang.dev,1,4,247668,2025-08-01 11:16:00.473030,play.google.com
7A6B05F505DCC69B90E07A413F0EDD4CB1E7D6FB616A2498900458615E07BA0D,1981-01-01 01:01:02,6645748,kr.co.chamsule.smartonepass_project3_theh_evcharge,15475,3,4572804,2025-10-17 04:56:20.767547,play.google.com
7AAD32F53FD78C862E4A8DE5DC00ED7654186C551982F127F524782B9CC21884,1981-01-01 01:01:02,13354227,com.find.findhere,2,3,9185120,2025-03-21 15:08:19.336368,play.google.com
7B2BC4653ED0853F5EC89946D17ED2C0DDD57A61BDCDCB4D643CD6CEC1B64A51,1981-01-01 01:01:02,22139250,com.caredfor.drc,1744256711,3,8135188,2025-09-11 23:04:13.843666,play.google.com
7B79C8E025B8576805184CF3590C6F38D132696A23F9F4B1B2179DBE915E1EF3,1981-01-01 01:01:02,22782547,shorts.drama.dash,61,4,9936292,2025-08-16 07:21:33.193202,play.google.com
7B983E175843CA197AAFFD2440F1496ACB4F1F1100FD2497477DCBA7BFDCC4DA,1981-01-01 01:01:02,16477327,alarmclock.alarm.simplealarm.clock.alarmapp,18,3,7376508,2025-04-19 19:27:09.852609,play.google.com
7C56E1FCDC26B7C113A607A2BF091EB17D8E8118631958C1534E22BB41FCBDDF,1981-01-01 01:01:02,57454094,com.perception.soc.en,17169,13,3635432,2026-03-14 03:35:41.757969,play.google.com
7C6510B8D283CE6617AF59BBC3FFA8B71D2637F139278D35720F0B3CBD9996FC,1981-01-01 01:01:02,143177305,com.andromo.dev391844.app756865,1015,4,7966636,2025-10-21 23:11:14.887609,play.google.com
7CD0B8D72159AB1A77396B7A18592DA4DF6CF2573794125AE304DCDE2DC886FA,1981-01-01 01:01:02,10303740,com.cheap.express,8,3,5466484,2025-08-31 10:49:49.265497,play.google.com
7D0A14436FD828038DAB129F3A58986B1801697A688E581B9D76F4FB460D3EBA,1981-01-01 01:01:02,38007220,com.sopinje.tct,18,6,661364,2025-10-07 15:25:45.947224,play.google.com
7D0D4CF08F236F8D61871C02C152CBB8240ED226E48482D7FA3BFC5C33E77180,1981-01-01 01:01:02,27451266,com.best.quick.browser,10205005,3,8679564,2025-06-26 18:00:36.166673,play.google.com
7D181862B5DEFDD5D2A05197E1673ACEE2903308543B844F4D9E2B9A347C6704,1981-01-01 01:01:02,94521493,com.app.uengage.pb13,11,3,9590836,2026-01-02 04:34:37.822740,play.google.com
7D2C0127EB841B7AB677F49602D751896BDC1D32C9E5588ADD38AC389B9D6848,1981-01-01 01:01:02,99399092,com.andromo.dev391844.app389807,1017,3,7517768,2025-09-29 21:47:46.633603,play.google.com
7D587A2307CFC0333EAB7E5F4FF676386065CFB64531F4CDCFE9DF75074685D8,1981-01-01 01:01:02,18708784,kr.co.knn,29,4,8601088,2025-08-06 09:39:58.451925,play.google.com
7D7F7E1AD8A70091F6CF4D5ECAF652CA0C308F1F3C8F95F6AE961FD1309F0A3C,1981-01-01 01:01:02,20155735,com.signelabs.mypos,61,4,9194508,2025-10-15 08:02:12.544925,play.google.com
7DA98EB55A264EBD784B4B7F2AEEDB95F794B218093A77899EDC7922CCFF720F,1981-01-01 01:01:02,33429365,com.RoyalsTech.MenuMaker2024,2,3,5238644,2025-10-13 10:46:40.134498,play.google.com
7DC5AE4BEF0C226E0AF997FD1A92D3A52402ECF2D68883A94B1755746615F993,1981-01-01 01:01:02,6675052,com.hafeez.collectiveAdhkarTasbeeh,3,3,2895756,2025-07-24 02:32:45.234398,play.google.com
7DCA32BDF8A11B991B3C3CE09C7BF1F8C6BD479692321C7C4B00E41CF22D5937,1981-01-01 01:01:02,10605528,chatgay.lgbtsingle,1,8,8648900,2025-08-14 06:24:37.012492,play.google.com
7DEAF5E694D8177C110D6030CF8E66A6B81948B9EAD02FC5FC9960C077AEE687,1981-01-01 01:01:02,5395247,com.messagesapp.archived.delwtemsg,11,3,8048400,2025-01-23 20:09:25.659815,play.google.com
7DF5780365B2D027E6C45FCEBA8660DED639CEE5CB0C7ABD17E8C560A8DF585A,1981-01-01 01:01:02,19939182,com.gamut.farvisionsalesforcer2,204,6,8774360,2025-09-27 19:15:05.861318,play.google.com
7E0611983FF04CD637B142482DC481DE29CDE31E1BB3214B9074F8DC173232B2,1981-01-01 01:01:02,19865741,com.app.securekin,27,3,9201188,2025-09-14 20:52:08.012742,play.google.com
7E19CD124502278E95072DF70797286D9FDD5F609F0D390F31D3D66F5D270DFA,1981-01-01 01:01:02,21553020,com.dig.ledmast,22,5,6367711,2025-09-12 13:47:08.056033,play.google.com
7E220A4453CF81ACB93F28159EE1165BF4C3707995DA3E8FCD4233FA498FE4F4,1981-01-01 01:01:02,22138887,com.wExcellencz_16483590,1557012295,3,8707200,2025-09-09 10:37:25.108044,play.google.com
7E3AC5371EABE93F48D8B43AB9E90DEFD64D212F12D24DF87A758CEA1FFB8688,1981-01-01 01:01:02,57065360,com.perception.soc.en,17168,5,3601772,2026-02-13 16:59:54.051648,play.google.com
7E47A35A46D1F1F970E284D30EDE4925BB60AB8E408B3C9CE95CD324C03EE11E,2025-10-17 09:30:14,81226196,com.isprint.plus,39,7,6364181,2026-03-06 05:48:13.988010,play.google.com
7E7468DBED04F7CE1012E28F458A4E7C829F27F5FD85F27FCA83C8A0CE82E443,2021-11-18 16:37:00,52058874,com.apiture.xpressmobile.x2znbccn.sub,1637252406,3,6907656,2025-10-09 05:06:27.983937,play.google.com
7EA7A5CEC3929B60726F6ECCE57C509E4B9D68F88F7D451E4ED6CDB53017B80C,1981-01-01 01:01:02,48132840,com.fillcontracts,9515,3,8080868,2025-03-26 08:23:21.205927,play.google.com
7EAB2F3058E8C5B4B11DAA2215EF68BB3C078F7B09A92C24B7905BEA3803296B,1981-01-01 01:01:02,16493125,com.zeR0.Injest0r,10,4,247668,2025-03-26 21:16:47.852351,play.google.com
7EC98D388B8983CF2298BDB8041FC858793F4C48D36049BF179F1B890C662F9C,2024-02-01 09:43:16,28002059,com.julyz.idiomccsec,13,4,7705132,2025-12-21 22:52:35.735551,play.google.com
7ED0A70A8DA215AA6CEDC85F399E5139AEBC3775FD5023667C8FB857E023DC11,1981-01-01 01:01:02,52684641,com.identisoftsolutions.cadpet,20203,7,8389184,2025-08-17 08:12:53.362073,play.google.com
7EE73E3B43F9236BDBEDFDCCA9A886D4425377A469A65097500D4EA6AB56E5AA,1981-01-01 01:01:02,18285747,dev.boonandmoil.gordianrings,2,3,12907300,2025-08-29 14:22:51.456810,play.google.com
7EF33DBB3E9806D1C2B5E1B5F6950D4B8FD7A9C89D2DD8C0A21E7FDBFDB9ECBA,1981-01-01 01:01:02,12308092,com.automatique.dz.univ,10705,3,6156860,2025-02-04 05:07:12.406590,play.google.com
7F321E0922390E6B6E996DB95A92A88A443FF4C0E5D8C53C9B034FCBFCFE98EC,1981-01-01 01:01:02,13650962,com.snapback.recovery,10,7,247668,2025-08-11 13:22:52.861882,play.google.com
7F73A385EDFA670BA801D95BFF3A0737BAB2F5F9FDB668E1676563A6278A6A55,1981-01-01 01:01:02,27440508,fastcharger.smartcharging.batterysaver.batterydoctor,19,7,8324460,2025-12-19 03:05:59.719900,play.google.com
7F7CC6199ACA9D0A6EE293CC10C3291280BE199259C8F93615874B45B74E76A8,1981-01-01 01:01:02,31249366,com.growatt.mygro,27,5,9371724,2025-09-21 12:02:08.876960,play.google.com
7F85A9511950D6A401A12CBE1A019C33BE3A14F4A7A8E6D096E6A7CE5773D02C,1981-01-01 01:01:02,2235242,com.buzzato.virudhunagar,32,3,1595288,2025-10-02 01:15:57.552887,play.google.com
7F9C431323EE4603603DD7A14EBEFD53F75915FACEB2A7E3E20DCE5B5BC5D308,1981-01-01 01:01:02,23668710,myfiles.filemanager.fileexplorer.cleaner,83,4,8009852,2025-08-26 22:38:03.430389,play.google.com
7FD81A4221EE070A2D2F068EC90570403E626CC233A9420A9830B1D211CF0CF5,1981-01-01 01:01:02,47501517,com.andromo.dev391844.app379168,1018,6,7966636,2025-10-20 02:12:05.020790,play.google.com
8013FD2F4325A0E8419CCDE2E5B564B86D9F417CDBA5835FDC353469A193E4EB,1981-01-01 01:01:02,21418148,com.shadeed.familyultra,44,4,1892,2025-08-07 04:07:12.041646,play.google.com
802CB130ECE29034FD44B31268947302A5CCD1807AE48FA69C986CE2C3D4B0E3,1981-01-01 01:01:02,8447582,app.seniorsafety,184,6,8324356,2025-04-05 14:45:46.607532,play.google.com
803ED655862CB1E42465F37D929CA6C46D13C55BED886A31BAE521835933A191,1981-01-01 01:01:02,7626601,com.jg.leafnjoy,23,5,9209804,2025-11-15 04:05:45.530514,play.google.com
80436EE15D0572E9A78DFBC607FB8726D0EF23F8ABDD0B80A58AAAECC25B0E4D,1981-01-01 01:01:02,22552740,com.foxplayer.shadeed,46,4,1892,2025-08-08 22:33:13.210084,play.google.com
80450BC6ECB23EC56D30A57CA0D708DEF4093D03448A88C71A05DB13326313C5,1981-01-01 01:01:02,30385263,com.alldocumentexplor.ade,1101,3,8034100,2025-01-24 08:58:58.018863,play.google.com
80467FEE911DA87615CFED0CCC95FF052CAE00F3CA36BF33696FDC10A6D6BBD1,1981-01-01 01:01:02,16146049,uk.blueapps.igbo.bible.player,1442,3,8575568,2025-08-13 19:25:53.893697,play.google.com
804CC802A7B9E9B7F642DF433329513DEC0CBA7300DC17E0CE22914AFA741C34,2025-06-04 20:21:30,8785277,com.alhezron.pgenerator,17,5,5466484,2025-09-27 18:07:45.615985,play.google.com
8051BAB6C1F4B36C6D1DA7DC699DD908C7158584D79BD602C5DE9BFD7B5D5484,1981-01-01 01:01:02,20222351,com.wifi.passwordconnect.testspeed,9,9,247668,2025-10-19 04:25:01.302967,play.google.com
80526CCA3BF635E750A0DC1885128E3E331449D25AE85AE6A45E4DD1999CF9DC,1981-01-01 01:01:02,85516249,io.papergames.app,36,3,7865928,2025-08-16 14:18:21.199930,play.google.com
80B41C60D9B17FC48F888B23DC874406F32FE05744E108EB744D646C2C112805,1981-01-01 01:01:02,9192827,com.yamaha.ydis,25,3,3440568,2025-08-06 19:33:43.006734,play.google.com
80E19D440C6CBFB5930FA0C5DAA26ADE65E92927430D45B87F1C4C3383F32715,1981-01-01 01:01:02,44701880,sismobile.parsisplan.pt,33000217,7,6143484,2026-03-24 07:46:45.618940,play.google.com
80EA784A8320ECDF02E4CD72828BAE2193FBE2301971FE7719D553630BB44A82,1981-01-01 01:01:02,47432966,glamour.potion.parlor.mystic.shop.card.girl.dating.love.story.game,100,3,11031679,2025-04-23 23:44:39.462496,play.google.com
80F26109C395A22C59CA46FA9C4B676E6E403518AACD3ECEC676ADD768195CD1,1981-01-01 01:01:02,26432016,com.equipovision.evision2,4660,8,4588036,2025-01-28 17:30:34.928330,play.google.com
81379A039D27702514650D750B1675FE8E4FD7C612A5AE0E64E48FF41C802261,1981-01-01 01:01:02,35615491,com.app.uengage.tossinpizza,45,6,9590836,2025-08-14 07:33:47.191055,play.google.com
813D4658136EE2D822741EF5D902F0A2979E548972A1755CF8760C0DA5674FD3,1981-01-01 01:01:02,68529124,io.cheelee.app,135,6,10633762,2025-08-02 02:56:04.937051,play.google.com
813E299D2228815BA9BBD23CEDFB14454E3A3816A8E840F0E1B7B452FC665451,1981-01-01 01:01:02,21191089,com.c2t.fscardriving,69,5,8986464,2025-09-17 15:22:33.429058,play.google.com
816C037507C8DCCD60EB92CDB5FB9B7FD70FE29AEC982E2D1AF113725571BF60,1981-01-01 01:01:02,40595053,com.silverbat.knightage,208,14,3705832,2026-04-15 17:38:32.899608,play.google.com
817E4D92327244C1ED1C9211747F2BCC5CE9A6A5FF45B86086F5870F900DDB0D,1981-01-01 01:01:02,127471190,com.andromo.dev391844.app742745,1013,7,7966636,2025-10-22 00:12:38.827904,play.google.com
8188EB0073BC8DE0F2F6E3523DEFFAE4B884A774172DEB38A50F44283B735050,1981-01-01 01:01:02,5991650,com.smstudio.lottery.sambad.result,115,3,5105460,2025-09-12 11:40:39.057004,play.google.com
81A7B6982336C64F98E4403DAEEF8BD518520E842A580FA5EE4E76A264964A8F,1981-01-01 01:01:02,59926068,com.wondershare.drfoneapp,901,3,9224752,2025-08-10 03:47:28.574343,play.google.com
81BC702C787BD50295F9C3999BDA21C50C98E98AF6443EE77874499E5F2BB7C6,1981-01-01 01:01:02,130846354,com.odindevmods.KawaiiCraftMod,20,5,6988616,2025-06-24 01:23:39.259559,play.google.com
81D85E92B879ABF3B218CADDD2711BD302E2420F49B19AF4BDDEA1EC18977688,1981-01-01 01:01:02,6218347,com.mb.ss.mb,1,3,5466484,2026-05-24 03:03:20.173829,play.google.com
81F08E86BDAD7FAE21E8721E2E208FE72EDCC9959389FB51CB89CF56908086E0,1981-01-01 01:01:02,18079452,com.nimbusapp.allrecoveryfiles,11,3,8804996,2025-09-26 06:38:26.069097,play.google.com
81FDE6893A86AE11E05976A582F384989E9FD4E48DD5E2ED0395AB4F8CDA0A5A,1981-01-01 01:01:02,129176458,com.andromo.dev391844.app756855,1017,14,7966636,2025-10-19 22:35:19.549391,play.google.com
820AC1DF178671DF2BEB4C8600D29FAF5407BF1564EFA8259AB39C4FBABC7536,1981-01-01 01:01:02,35557969,gr.hoteltoolbox.guestapp.almyra,10000,3,8563768,2025-08-11 15:06:00.083706,play.google.com
8242ACAC71DB8874E8B096F7A0782BE0B680701906133F28DECFB1201D7865E8,1981-01-01 01:01:02,10678528,com.snowstorm.timmy,63,5,4951476,2025-10-01 00:10:04.988808,play.google.com
82498F3B9E05035F83A405D19EAA6654F6C13F299A2C94D52FF867AF76F4ED6A,1981-01-01 01:01:02,23408804,com.shadeed.nasaultraplus,43,3,1892,2025-09-08 13:31:16.417558,play.google.com
827004A3D3B7075D9588FA01B9BB071E87F97087EA626EFCE7BDCB05E5C23EC8,1980-01-01 00:00:00,12738912,chat.girlsonline,71,4,8839812,2025-09-10 08:29:42.525490,play.google.com
8274FE728269E2127B0BA868F1B2FA8B855B0A494A47A143528D397B59255492,1981-01-01 01:01:02,25322586,ru.supremeapp.namozvaqti,1614,5,8769540,2025-08-10 14:26:09.414712,play.google.com
8286C5A3EDFBE44AC75A63ECC9BEB7E2E88C0A098364F38D46E55FBA2190B415,1981-01-01 01:01:02,85003969,com.love.vone,426,3,8777316,2025-08-15 21:09:17.162902,play.google.com
82A3BF4C9C2D31000453E4787C01B9254F3189204B42B6C6F3C21CBD60D37387,1981-01-01 01:01:02,16821034,com.my.Litha.Samith,6,4,5466484,2026-04-10 06:07:20.344862,play.google.com
82BECB4CCA570F364BB36DB0F77AD0F680C2CAC3D7198B2360B8E93862C16696,1981-01-01 01:01:02,12131284,com.diacoipj.friendship,24,3,8320400,2025-03-02 06:07:41.245363,play.google.com
82C129323DB782BF73C4F13CA74D7D4E96C74DAB3950C675EB1A25D026DAC035,1981-01-01 01:01:02,23820167,com.socksliteplus.pro,6,14,9304252,2026-04-01 23:18:10.773299,play.google.com
82F8E3369FE053F859B6C0B9AFDFE0DAF975B273DACC6B07E6CB3C6FF75EC527,1981-01-01 01:01:02,24327029,com.digital.shashangcheng,17,3,5252728,2025-09-22 19:11:24.287600,play.google.com
8320E7E2C200748545336A6D6657BB2B116A700653EB1B281F085DD97118DDCF,1981-01-01 01:01:02,51487777,com.tfy.cila,48,3,8884676,2025-10-05 04:14:08.756355,play.google.com
8323F40E14B4BC08B6E066F484C5F46AD01D913203F4DE5AA496E25F93449484,1981-01-01 01:01:02,120966248,com.vipera.nbf,30033,6,6863708,2025-12-23 14:42:30.620975,play.google.com
832EC9661BB571D17AA6316F389C6ECC7D12E930D8A957B7564681930E60A8EB,1981-01-01 01:01:02,12757495,com.collapsar.sakwila.toolsmath,5,3,7741336,2025-09-21 09:51:00.479953,play.google.com
833093D82CE342CB87E496DB6E91FF28AFC9C8E6BD6FBFB831327F85AEE547CD,1981-01-01 01:01:02,12972578,com.hybridassistant.metameteo,66,3,6224912,2025-09-09 04:20:20.235689,play.google.com
8344BD954A85A21057C6FDFB457A2993331B296FD926FF8874C175736D906756,2025-12-25 14:26:00,97532456,air.hk.openknowledge.rainbowone,2008411,3,3855524,2026-01-02 09:22:07.911611,play.google.com
8349FB62A0E65467024505036DA7C48D61E3CA81C9B4B947268C28A720EE123B,1981-01-01 01:01:02,21827814,com.egendroiddev.craftsman,109,3,8462752,2025-07-29 13:57:34.112485,play.google.com
834BEC3E9FEB3A63540F0EDF947E011C4FCA701B128F65AB0E0644C942A9AB13,1981-01-01 01:01:02,9256553,com.routethis.superloop,126001010,3,7221804,2025-03-18 20:43:06.063006,play.google.com
8370171A5B12AEBC20D3590BE4A63D624043D9B0CB0ECBC0C8EC7B95D4AD26AF,1981-01-01 01:01:02,4626875,com.fsdev.wallpaper,5,4,1060984,2025-09-14 01:58:46.643470,play.google.com
8374D7D536D2D2506F1DCF17BA47D530147B4E7CAF025DC1635C6B42F6F02FB8,1981-01-01 01:01:02,8297064,com.hj.watchtime,6,3,5466484,2025-07-19 23:50:04.068643,play.google.com
8382113BDC425C91DAAE787B9B8B2DFA2CF6AAD8F80579EA02AA871FE46648A4,1981-01-01 01:01:02,20059646,com.app.uengage.bikkganebiryani,7,6,8390412,2025-06-13 18:55:40.471678,play.google.com
8399523F67DE53582024E85785478D25A0235E2F9B21C42895104B74F49B71F4,1981-01-01 01:01:02,8551376,com.sbi.allswell,12,3,8653232,2026-04-07 20:55:41.878622,play.google.com
83D9A58EDB2F601815AB8F200BDDED9C44EBF49D286A28F6F386B8BEEE2322BD,1981-01-01 01:01:02,5564171,com.sbi.ada,19,3,5812176,2025-09-07 06:07:39.356862,play.google.com
8448469CBD635E301189E8C5446AFCAD7530BCB4D78B3EB5A140CB31FA0C1BFD,1981-01-01 01:01:02,10507806,com.metax.browser,110502406,10,7221956,2026-04-19 11:22:51.894952,play.google.com
846A958CB9D2F50A073761999E9CF5EC3345D558BFC03781CC484C8D7934269A,1981-01-01 01:01:02,9197370,speaker.cleaner.remove.water.cleanspkrwater.speakerdustremover,6,3,7298424,2025-09-27 06:28:05.612183,play.google.com
8474E65DFFBB4175000D7EAFF6B64F62BCB91EBBB66B954E56261C41C41C4B9B,1981-01-01 01:01:02,12489745,com.apksrebrand.smarters.oaktvpro,1112,6,8987524,2025-10-14 05:02:08.958634,play.google.com
847D6B7F932FC0D73C9FEE370D9E7990F99B20BE4032FEAEF17D380E6E521B05,1981-01-01 01:01:02,92297630,com.andromo.dev391844.app448951,1003,12,6912948,2026-04-13 17:41:40.609985,play.google.com
847EF3E8D9ED19A19C2F97F27041ED6A98A096A2DADA22791D72C0A5A40D9D5A,1981-01-01 01:01:02,108144578,itm.ma773.kcmthd2,50100,3,30442316,2025-09-11 11:10:41.156244,play.google.com
848CBE45CFABC2BC1975485C983AC718C9A2D3B2CED216E3ECBE6552A311FAFA,1981-01-01 01:01:02,3237102,com.flexapp.iiafc,340580002,4,2222760,2025-04-28 17:26:30.914976,play.google.com
84A35A3AEF330E98BF2A363BB87014C04CB31B375127A2165C48600E5C6C8E24,1981-01-01 01:01:02,72532917,com.iproxy.android,57600,4,8619776,2025-12-21 00:34:03.237570,play.google.com
84F0AF97186E5F313A134CCDC9F14480C5455B156B6B3C9B2685A290B7CD72A8,1981-01-01 01:01:02,54311883,com.ezonwatch.android4g2,25101017,3,7389476,2025-10-18 21:43:14.100010,play.google.com
84F45F20CFEA5EAAF308D1B7D5376955B398951FA2821B5785CF841726F876EA,2025-07-16 10:03:20,5014622,leagueapplive.sapphire,108,3,8494340,2025-09-02 09:45:28.526591,play.google.com
850087E0ED970756860936D8428962719208E7F0F7C9C625B702CBB677133DD1,1981-01-01 01:01:02,74846928,io.cheelee.app,146,6,10612422,2025-10-02 23:47:43.635442,play.google.com
8509863AEC47107600D0C20C1F1A34A35FF0F6499D2CFA255239BC28BE90E4E1,1981-01-01 01:01:02,40512197,com.hrs.decibelmobilesolution,462,7,10107952,2026-04-28 03:59:28.495935,play.google.com
85467CB59C79BE734C632E18D3493E0EFA869C0D4CDBCE7C7D70BB166E6A3968,1981-01-01 01:01:02,19445441,fonts.ikeyboardart.keyboard.fancy.stylishphoto.picture.theme.coolemoji.mykeyboard,18,3,8949284,2025-02-25 00:52:18.392331,play.google.com
854B87AC50AA7439EDF4CED5DC3D2AFFD97AC12866931121E9108043D9226F46,1981-01-01 01:01:02,22315238,com.apptool.mod.craft.vvip,483,3,8462752,2025-08-02 03:33:08.360203,play.google.com
8553097EC04A37387680BADC8D7A8EA3ADB6AFB880447CAB0D2F0D1449DFA688,1981-01-01 01:01:02,12925892,com.smartsoftware.hotla,9,4,9589236,2025-08-14 07:59:25.806839,play.google.com
85553C78F8D3792584A2434D440A73D4EFA931C8C34A74DCD7E35A3E0A09C68F,1981-01-01 01:01:02,144232350,air.com.playtika.slotomania,771140020,3,9366644,2025-08-05 17:13:32.430417,play.google.com
857464FF27F183864F0B859170A6D90F28F027729B401949BACB410BBDCE2FF9,1981-01-01 01:01:02,34058158,com.liotek.lannbible,30,3,8382860,2025-03-26 15:20:40.777634,play.google.com
85DF46554BFE991AFD7B132CB24CFFFC00F05C396B1287A6F9F8B6C297DA2E4B,1981-01-01 01:01:02,25791685,com.shubhlaxmi.option.stoploss.target,7,3,8152220,2025-10-15 19:33:37.735002,play.google.com
85E6EE47AFBD2E0E7D194B08D19E153B29E3CFB4C80D6DE37917275982B8A6F4,1981-01-01 01:01:02,6129803,com.maaintegrators.maa_integrators_2023,4,3,722168,2025-09-29 07:02:01.068549,play.google.com
85FE3EAF1CD26E1468E04543608238E20BD63BAE0F4D69E5A24C4673D1C87595,1981-01-01 01:01:02,5995294,com.adendev.rwaya31,7,4,5466484,2025-08-31 12:38:32.298035,play.google.com
8600D55B328482E1E6DFCAF65D57FB72F37F8777C5A2CC69D1D2708D81DA7C01,1981-01-01 01:01:02,25984210,com.shubhlaxmi.stockprofit.calculator,3012,3,8152220,2025-10-19 07:12:57.396259,play.google.com
8613E5E448A4F49221B3CBCE920D9CEA39320C7EA2821227B60D9E9B96ED6628,1981-01-01 01:01:02,1258706,org.medicmobile.webapp.mobile,107009901,3,1199104,2026-04-13 20:45:24.665602,play.google.com
8614AABF38AC4906F8A9D4FF1BE6FBB1776E11F78E8B7D6B8DCC3DEA5B1A3863,1981-01-01 01:01:02,6741561,com.hj.hazrat.ali,3,3,5466484,2025-09-07 22:05:22.577764,play.google.com
8651641CF49DA4E9C8272C567686B13F83E2973890FDB15FF5410E4BCAFC9592,1981-01-01 01:01:02,56143010,com.andromo.dev531271.app508164,1016,5,8576068,2025-10-08 12:10:59.014705,play.google.com
86C58EC062E228841C1441E6DCEC3D4F067C9868EF33011DF71E7C8751A16FB4,1981-01-01 01:01:02,143251348,air.com.playtika.slotomania,771061920,3,9366544,2025-08-05 17:05:00.503627,play.google.com
86C91E59181B03EB8D0814B86C17A2075FD8EA903735CB9BC447369B90536132,1981-01-01 01:01:02,5768537,com.my.pointero,89,3,7592336,2025-09-14 19:57:12.192398,play.google.com
86F584D4C390FA8E9D003E71DCA57A0755893196E87F5A60C048658A99E342B3,2024-01-03 20:06:12,83267480,com.fxl.modernzhdict,37,5,11001284,2025-09-09 09:14:42.909397,play.google.com
86FD55781FF72C834EBCA09BB98171500463128A56FE9674ED0C5C6FB658D0E9,1981-01-01 01:01:02,10790771,com.metax.browser,110502414,12,7500664,2026-05-20 11:17:25.330001,play.google.com
8762906092E4E513E1B4530813DDB442F3FA213F29E3D0277108AED9306FC781,1981-01-01 01:01:02,172232218,com.andromo.dev391844.app754498,1018,5,7966636,2025-10-19 04:59:36.069454,play.google.com
878B6D20944FAD0A3DEB4204152DC66C1E85CF0A9538844BB8E2817A37C8C73C,1981-01-01 01:01:02,26305580,com.typhoonkillerio.xgwz,1,6,8067896,2025-09-18 17:31:08.785413,play.google.com
87C0386DD3D59FBD7BB5B4EB040308805A670895024F2723A213AB27B809A0E3,1981-01-01 01:01:02,4984732,kr.co.chamsule.smartonepass_project3_hyconso,15870,3,2794368,2025-08-16 00:32:06.439828,play.google.com
87E9E2469C469CDB29B998C922810B0A1BBF61A3D82D8DC737CEB095DB696DAE,1981-01-01 01:01:02,33615455,com.hubbell.universalrepo,12,3,8604008,2025-12-29 15:20:17.292852,play.google.com
87EEA382C3083FC954611EE7B3E8725BC1248DF3F10A148CE67CD80DCD820B59,1981-01-01 01:01:02,13780649,com.wtoolsv2.com,55,3,6131432,2025-10-07 13:52:23.799126,play.google.com
87F59656995343DC62B2B2DD2A67512B2BDC3D9CE378307FE5AB55B3CE13E2EB,1981-01-01 01:01:02,7574974,org.cocos2d.monkeymarket,8,3,459664,2025-08-30 22:43:19.310137,play.google.com
8807F69999E40F241FD75A220CE58F8B07DD781C91813A2C6F45BA393AE1B6B2,1981-01-01 01:01:02,7535715,com.video.zeroshort,15100,4,55516,2025-08-01 02:24:58.215145,play.google.com
881BB34FCA8009009D090D31DFE0636556749AD8ED9BB25FE34F7861BE315240,1981-01-01 01:01:02,64383693,com.ld.cph.gl,161,3,8774692,2025-11-04 09:08:31.971745,play.google.com
88526FC957B3FF5C8B5C3E09233AB706153679815AA77157E8B75BBC3E675269,1981-01-01 01:01:02,8898431,com.huahuacaocao.flowercare,3102,3,9092876,2025-01-09 09:56:40.570531,play.google.com
88A3C20B87DE025129319CF47E91893E4146AE9A79C5037F959122CFD8160D80,1981-01-01 01:01:02,9203861,com.my.betta.fish,4,14,6636012,2026-01-13 03:37:44.174323,play.google.com
88AD0C02D46F4A6083D3BEE83E669B93215CBC238FACADD17B4DE146E2C3C83A,1981-01-01 01:01:02,50449509,mobik.app.tvfrancetnt,35,3,9207672,2025-08-30 12:56:32.760499,play.google.com
88C399FF54A82BB470F1E21366CC4FD6EB4BE099EE663AE51F90E0ADC102F13B,1981-01-01 01:01:02,9191017,com.routethis.nownz,126001010,3,7221804,2025-05-12 10:30:47.814399,play.google.com
88CC5358465B8DAAD4EE85D727F164C647CA89CDB430AEE677BD364B3AF453D4,1981-01-01 01:01:02,36865232,com.ahaworld.ahaworld,10213,3,9284080,2025-11-28 09:32:38.219164,play.google.com
88CFDA15B68EA11547740855A7AF9D31447C2BBE0D5F4C02DD2C41DF02921595,1981-01-01 01:01:02,30704913,xptvet.travel.office.procedures,2,3,5586756,2025-03-27 01:43:23.675674,play.google.com
88F2D5AEFF0ED1147FC40A873C8C829E1C768324CD1A8599771357589A60BBE6,1981-01-01 01:01:02,8060825,com.sbi.markbase,15,3,8647096,2026-04-08 16:51:23.773118,play.google.com
88FF22F5F9FF42C34F6CD325B6A2A8D0A57639D96CC9D7708800098E19083A3A,1981-01-01 01:01:02,59337573,com.hdfyna.clearfusion,110,4,10037681,2025-10-03 17:40:32.037809,play.google.com
8909F183537CD45ED9224BE57CA94CAA463136669D187EE7F0972E28B723B3C6,1981-01-01 01:01:02,90818914,com.ahaworld.salon,260761414,4,9615564,2026-03-26 22:57:43.668878,play.google.com
892FACA80E33D399DDF6872D27F0D235CF5715515A025C1EEEFAE9DBB470470E,1981-01-01 01:01:02,15714276,com.shdeedapps.galaxy,44,7,5441708,2026-02-16 03:52:19.738675,play.google.com
892FFED6A001698D643BD05D636A0981C4AE8738AEB86B64D590EF03F49C7DA5,1981-01-01 01:01:02,117040792,com.andromo.dev531271.app524964,1029,11,8649932,2025-10-18 22:29:05.175369,play.google.com
8934210FBD847FC37D1AC5C8E1539A00A1DB8ECD7D506FB346AC98B15D836A4A,1981-01-01 01:01:02,70914827,a.series.of.sermon,2,3,261016,2025-09-12 15:26:52.958816,play.google.com
8943FE6EA6DDA2AC02877251907D8BD9D39E88D8D20595BF83750241E3E70FE7,1981-01-01 01:01:02,22982027,com.Ks.In3ct2r,19,3,643180,2025-09-24 11:45:12.988192,play.google.com
8947DF43A1B14AC7CCEB10CDC621D92D52339D5BD78D59173FE06A94614EEC2A,1981-01-01 01:01:02,31341202,com.identisoftsolutions.clinicaalbanotome,20113,7,8533116,2025-04-08 11:00:59.241503,play.google.com
894D297932A0D60993F813C6EFA13A5C44950E98B5F62E0BA16B6564ACCEAA41,1981-01-01 01:01:02,79214507,com.andromo.dev391844.app577553,1016,5,7966636,2025-12-26 08:04:52.944115,play.google.com
8968FB92E9E59156DF4EC1679B5D52D669E212A6F208E53EA1B1AD733498263B,1981-01-01 01:01:02,2155150,com.kt.musicmafia,17,3,2907396,2026-01-14 18:36:22.856657,play.google.com
897DF79CC033593E06198A031B4DB11A29869FA3F3486676DD67E24EDE90211A,1981-01-01 01:01:02,68221733,com.nwezhakanm,60,3,7667260,2025-09-13 16:59:52.368086,play.google.com
897EB84DDC067E5ECEB6D5A6C3BAAEBD849AA772124278FD5D5BB2DAB6319BC5,1981-01-01 01:01:02,22843999,myfiles.filemanager.fileexplorer.cleaner,89,5,6840928,2025-09-17 22:46:31.100942,play.google.com
899AABFEBDC52FF0580C4010FD997D85584DCB31485D793502D37B0FE50F013D,2025-07-22 18:08:08,101572871,com.life.palm,57,8,5729036,2025-08-12 13:49:21.800082,play.google.com
89B8F89A5F9B7481E7F2DB0DDBE23E4482506999FC5987387DC16B2CC62FBCDB,1981-01-01 01:01:02,33133531,com.Ks.In3ct2r,18,5,643180,2025-08-29 09:05:41.521409,play.google.com
89B9DA85D53A920576AC7A115956C209DFD0C735219AEA2F9C2789513697A456,1981-01-01 01:01:02,16747178,com.powerqueen.android_ble,1010801,3,9369532,2025-05-22 19:04:49.882092,play.google.com
89CFC2C89525F4FF480E15EABA8AB83A5A6D1E9617893A9C386DAEE9AF321ECB,1981-01-01 01:01:02,17679596,com.wenasa.stone.android,10100035,15,5984,2025-10-20 04:12:44.261578,play.google.com
8A1EE5C5CFDDD5E25310A681EC981C1EA19B1B92A788E5C9B7591E4F9EE8DF0C,1981-01-01 01:01:02,29236928,com.perfect.persuite_crm,47,4,9115548,2026-04-21 15:32:55.531543,play.google.com
8A3B6CC475EE00E10BA7E3E04E9D63B9C89F7021BF8EC045ACB47784D05697F1,1981-01-01 01:01:02,60546769,com.second.real.winner.ultimate.soccer,36,8,8698752,2025-09-15 23:04:37.465175,play.google.com
8A453EC8FAFE530EAB7536192786CC45C1A3C389E853556F1C669B8D72EA8A4E,1981-01-01 01:01:02,8398727,com.grosestag.grotag,1,3,9514748,2025-10-08 21:15:22.399744,play.google.com
8A6B875CCAC616FC605810C32BEA8359C17FFB6303BD60EEA34D7479FF463F71,1981-01-01 01:01:02,7564056,app.optstore.com,1,4,7354584,2025-08-28 16:09:22.281652,play.google.com
8A8363BE71C1C8432E17D01D9A50428C334C13A91F74125E1621CEBE43F0EF81,2025-10-29 06:15:48,21332973,com.hawsoft.mobile.speechtrans,2048,3,8425772,2025-11-07 05:36:27.818667,play.google.com
8A9EBFBB1E45A102DD42EB3A4238BEDCED4CF62753D25E097A7BAD843EA5CA6D,1981-01-01 01:01:02,32290176,com.healthapplines.healthsense.bloodsugarhub,15011000,3,8830500,2025-03-30 10:08:23.044024,play.google.com
8AA14857EDFD012D752C4B4280ED83C3A543D775687DC4F9ECBFEE02F47DD99A,1981-01-01 01:01:02,150042825,com.andromo.dev391844.app726128,1017,5,7966636,2025-10-18 20:41:06.021127,play.google.com
8ABDA984B585FA205FC84B22F3C97A27896E71AF4219A13AE71AFF1BF5C14539,1981-01-01 01:01:02,5953278,kr.co.chamsule.smartonepass_project3_theh_evcharge,15375,3,3879844,2025-08-10 21:31:24.343085,play.google.com
8AF868AE1275B622F30EC5623A8B1ADB7A612BF85B99FABB82977706D76658B5,1981-01-01 01:01:02,18544765,com.travel.slik,4,3,9331836,2025-09-14 11:24:30.476813,play.google.com
8B1A39F6F8516A87CCB8029F868B6E84DF22808835AFCEDB96EA64DF604C261E,1981-01-01 01:01:02,26440339,com.s2m.yemenpost.customer.android,91,4,11460572,2026-05-07 10:34:06.569807,play.google.com
8B3C3E8136F59D17DC17B4C5AF072A5ABC29CE0305FB57C96F51E74AE91C9BE3,1981-01-01 01:01:02,5816953,sleeptech.statussaver,10023,3,6236892,2025-01-27 12:04:13.237679,play.google.com
8B423B43DB245C5AB42DDB073E746B2A77AC04B29E7F73A5A9C56A9235E8D43D,2024-09-28 17:55:38,72670741,com.ko.toeic.challenge.jp600,6,3,5779524,2025-09-18 07:06:54.092354,play.google.com
8B52883B557E1983234829DA46EB484EA9612A72F37358653092A6EDCD07052D,1981-01-01 01:01:02,80384163,com.shadeed.gioextv,36,4,5039792,2025-12-20 08:20:03.288202,play.google.com
8B6C42BA14B06E297625DC5E207E8AD21B5FDB1C513F9C550DE12A79189063DE,2024-07-30 16:21:14,9967244,com.leagend.bt1000_ancel,7,3,8572344,2025-09-21 18:40:20.402976,play.google.com
8BD9D6FC9461EF5D9E646B0F9D8763288BBC8DB8A460336B3616902066908DC2,1981-01-01 01:01:02,98848242,com.andromo.dev531271.app532006,1014,16,7966636,2025-10-18 21:11:39.516243,play.google.com
8C39068521BE154A7E5F5BB13B38EACE99828AF35E9C4242C7ED13E10E71588C,1981-01-01 01:01:02,70534118,com.lianhezhuli.olywear,13,3,9102244,2025-11-18 00:17:44.278065,play.google.com
8C3F43AA8DE0E6B1CAF4A494BB920BF55DF8E5589D1F3764B5F0B2B358681ADB,1981-01-01 01:01:02,16033675,com.icecream.mania.foodmaker.dessert.artixson.games,99,5,9129045,2025-09-16 02:51:30.446133,play.google.com
8C46461821A3D10136F64F8E348E04C029859C1E60686BDCE33E664F06BD9FF9,1981-01-01 01:01:02,136500691,com.bgeneral,193521,8,12389920,2026-04-22 03:22:25.056332,play.google.com
8C4A285A7E0A08C8EE45E620F83A0EFC2929B6996D11C431F247585F412E355E,2025-07-25 15:36:52,7955775,cn.icelamp.pro2048,17,3,7884392,2026-05-22 07:16:48.942991,play.google.com
8CD607AC59AC085EE22DA62D76E856E8012C5FB4202289C1B5B026020C088697,1981-01-01 01:01:02,18928400,com.sebkort.corporatecard,170,3,8317248,2025-04-11 20:27:39.876001,play.google.com
8D0BF3C3E2FA6D58F8929969F220BD113B2E01BD274E60E0FE09E0463145514B,1981-01-01 01:01:02,93239684,com.psb.omniretail,126,3,8538480,2025-08-30 00:26:08.195328,play.google.com
8D19BC499BCD9CD7E2F4D5179F8CF16042B8CFAC6CA45C279371102135D3CA2E,1981-01-01 01:01:02,7753417,com.cl.efectivo,7,3,6946804,2025-03-01 17:46:33.490059,play.google.com
8D4A5DEABD229A081CC1BA37794C6B87BD86273836C4A20C6F2A4188B11BDDB3,2015-10-05 10:28:48,10753294,com.mostajadat.alwadifa,16,13,7410384,2025-01-23 18:02:17.743625,play.google.com
8D7354DFB84213ABA12541C818DE4500ED1B100F4ADBE4334704BE6D638C5DC3,1981-01-01 01:01:02,30469771,com.credify.client,8,6,9289112,2025-10-03 20:06:35.565288,play.google.com
8D79F6601541FF72D7B96F3222E3C7AA3169AD45AFC3E3C66477EBF63DBE170E,1981-01-01 01:01:02,86625881,tw.com.taishinbank.ccapp,90292,7,8908792,2025-01-07 11:47:19.027165,play.google.com
8DA3A855A0228A618355C4C7D8B1BB0F8FEF3EC0702E56D541EED2DA11C123FE,1981-01-01 01:01:02,17386800,com.uascent.ulamp,117,3,9716880,2025-05-16 00:16:45.555187,play.google.com
8DB452D2DE173FB8B4C2D517A1BBFCFD9F46DD475BB4429312A16E8D0D3B93BB,1981-01-01 01:01:02,82050647,online.cyberrussia.game,179,8,13443608,2026-05-17 08:53:03.297561,play.google.com
8DBE82CAEDD4ED66AF11246437193BB6FD34EB832776C86221D22D1DC69445C7,1981-01-01 01:01:02,13349282,com.shadeed.aboyousef,44,5,9649832,2025-09-12 10:01:50.216918,play.google.com
8E23786E989EB864D8F53F9A003C270374674A10B9670A8452F2A646247AC4CA,1981-01-01 01:01:02,8289760,job.nixs.in,14,3,8128048,2026-01-12 22:10:10.227707,play.google.com
8E43407B309A1662FA503CDBE5234954EBF2FC3B5240CCB4ABC392FAEF42024D,1981-01-01 01:01:02,24568188,com.pdfreader.free.viewer.documentreader,10010901,3,8378376,2025-04-07 11:24:26.458492,play.google.com
8EBC92D9EDCB8AC36F7D9932829CB2C1EA4179D952091F504C84120C11D8053A,2023-02-10 12:18:36,41584538,com.lomolsoft.dict.redict,230209,3,4496788,2025-09-24 21:10:14.515050,play.google.com
8EE1796CCD08A2840F6E05C483333E7C727F2331B0B99FD6E28868449622B3EC,1981-01-01 01:01:02,68822772,com.global.habi,13900000,3,12159476,2026-04-01 08:54:09.850255,play.google.com
8F1F119A67AE2A873B514D6537AA08A62050F7C04CD521E38A4817F63C63F719,1981-01-01 01:01:02,204971755,com.jideos.jnotes.overseas.google,485,4,104860,2025-05-18 15:47:48.347470,play.google.com
8F533FB908764FC556A0564C48E685BF6E4C5179ECC76DC149CDD5684DB6B08A,1981-01-01 01:01:02,25634353,com.remote.control.alltv.app,10207,3,8459848,2025-03-21 12:25:53.201086,play.google.com
8F554FDA62ADD0EB9445C598AE4F6D9B112CE953A15306D3DD958C2FBB0FE307,1981-01-01 01:01:02,9346665,com.routethis.trollfjordbredband,126001010,5,7221804,2025-05-18 21:52:00.283500,play.google.com
8FC232A2178FC1E5CC9E8BB4F462034DDF95C9E177A158C19C96AE353D0C0052,1981-01-01 01:01:02,2206570,com.buzzato.etah,32,3,1595288,2025-10-04 06:42:33.235408,play.google.com
8FC5960EF0E02AA27B60A57557E61FA27AC76125FC0AE6400B0F91E1CF73A370,1981-01-01 01:01:02,6549030,com.peyman.dateconvert,80,3,8005188,2025-11-05 12:17:38.645218,play.google.com
9001D54A03FD3FB6FA23EBE7CC6B1182EE9C476F81339A99E8E78C915069B9A9,1981-01-01 01:01:02,37223007,gym.my.coach.workout.fitness,7,3,247668,2026-04-25 04:18:48.532060,play.google.com
90225554DCE288D8D68C42E2929C82102EF95BEE3B00F960785842C251961538,1981-01-01 01:01:02,93182983,com.tvdirectotv.tvdirectotvbox,101,3,8387500,2026-02-28 04:50:44.184359,play.google.com
90451CD809FA837DB373050F12F0BE308A04234A124B9A19BA6B78F59C243640,1981-01-01 01:01:02,113283250,com.love.vone,454,3,13989348,2025-08-05 22:01:21.658230,play.google.com
9052F50C7DA11D6945E8563519B768B8A70F8ED26E3B7D5CA4B7CFE93BDCF626,1981-01-01 01:01:02,60497759,com.andromo.dev531271.app508164,1019,8,8513704,2025-10-19 05:58:54.133537,play.google.com
90BCB8D94D886BEA6F4BDC3CBDA63D5B68E945D3DE60C0FC203ED7A3802E803D,1981-01-01 01:01:02,29184922,com.storymatrix.drama,201,3,8278044,2025-08-06 09:00:03.944042,play.google.com
90CA9FC5D628E4D584E882E86892A4F57EFAB8995A995C01BB38F9C4AC2AEAD7,1981-01-01 01:01:02,139788478,com.andromo.dev391844.app444084,1018,20,8527392,2026-05-05 06:21:35.684190,play.google.com
90CF4A76C9DAA350DBF3616CD459B7B5A1CBB6EFD2B68A70290A54AB4C23E11C,1980-01-01 00:00:00,13273235,com.signelabs.mypos,45,6,7535492,2025-10-15 08:02:18.903041,play.google.com
90D185F2301B1B1644394FB3D0A42D99EA8D3AF1E342EDC1F07AE89D0B593F16,1981-01-01 01:01:02,24743299,com.sfd.rondure_hump,30,3,8529272,2026-04-04 06:46:21.201025,play.google.com
9109396144E8A7DFF644203C6EAEE656C3467CC6B999BE70113EE47E2432F43A,1980-01-01 00:00:00,12940556,com.keeson.sleepassistant,62,4,8622784,2025-09-14 12:40:15.001618,play.google.com
91354AE6C9F05B29BD4346AA50AFBD3150920D093E6FE51F388A77391EECD5B5,1981-01-01 01:01:02,24925388,com.ucrm.upds,41313,3,9842936,2025-05-16 03:38:28.585799,play.google.com
915A409510E2A6D3C72DBD999D80B1EFCC2B6CF2E522F2BB62B897C8EB0DB678,1981-01-01 01:01:02,5544843,com.noble.biblememoryapp,4,3,8535476,2026-03-24 04:01:46.215570,play.google.com
918045F7E3FF9886E79A274DAD70D0CF63D3235257BB29D0EAA4FFE2A454F420,1981-01-01 01:01:02,25282816,playit.mixplayer.wxvideoplayer,16,3,9100460,2025-09-21 22:57:34.450844,play.google.com
9185EBF683B7C0519BBD404DFC887925F74FC8F13302B7D5C27DAAFBAD0D19E7,1981-01-01 01:01:02,24111958,com.andromo.dev391844.app447595,1017,22,7966636,2026-04-03 07:09:16.572512,play.google.com
91FC1E623D78A6584BC178D26A3D8D84D525FF1B25D0D790AA8B83C62D937934,1981-01-01 01:01:02,14480712,com.infoweise.vantagemdm.genterprise,47,10,8410340,2025-10-16 21:00:49.750829,play.google.com
91FF28683EB67D3FC5E427B029A161C5214CAAFF53A4A0C7EB4C402BBA73FC4E,1981-01-01 01:01:02,44687383,sismobile.parsisplan.pt,33000207,6,6143484,2026-01-27 05:59:58.350444,play.google.com
9230B785541539CF6311A869EC821B2160419CC095EF8B9EC6E96FB60D2C267D,1981-01-01 01:01:02,144823465,air.com.playtika.slotomania,771111020,3,9366644,2025-08-05 17:10:53.305618,play.google.com
924BC7E0409DB028EEC0B6E2760B9F35A699BB1B0B2C4C0F183451101704D275,1981-01-01 01:01:02,15540455,com.ag.tool.pro.ankur,22,4,247668,2025-08-27 10:46:58.000739,play.google.com
92544B6675D8E97990DDB9B861EC55D78ED94F485E7E0975D608F6860BF59F3B,1981-01-01 01:01:02,45158777,com.ahaworld.ahaworld,10230,3,9642785,2026-04-25 07:08:37.734688,play.google.com
92CAA75519A78F502B93501FD2A636438665B800B012F6B6FD376AB0EBC2A6B7,1981-01-01 01:01:02,4984732,kr.co.chamsule.smartonepass_project3_hyconso,15370,3,2794296,2025-08-10 03:47:57.077436,play.google.com
92E27C7BC6349506A71C616646A21E989FA52AA9EA243DDED82FF05B8480D3FC,1981-01-01 01:01:02,29319756,air.com.playtika.slotomania,771273620,3,9474888,2025-08-05 17:18:19.227376,play.google.com
92F3FA1FA7212FE3666873B9D9D7495ECAADB8C4628BA11269EC4C941F90AFCE,1981-01-01 01:01:02,37348427,com.app.android.qw.readink,10013321,3,34780,2025-08-09 01:21:03.055294,play.google.com
93013994FB99E0A6788E0408B4F67DE1853B5E0A8A05112ED1C8DF7C35396E8F,1981-01-01 01:01:02,65757201,horoscopo.del.dia,7,3,31339900,2025-09-08 21:01:16.132040,play.google.com
930409C923B494EFE7647C6EB1D56FBF496EFE0282DD3CDC00354C0A687531C7,1981-01-01 01:01:02,35857315,com.app.uengage.thebrookspizzeria,1,4,9389140,2025-10-13 10:18:41.351907,play.google.com
9312B059F414563D1E625E42FCA69ED1A97EAF09EAE1299CBAEF51897BC6C532,1981-01-01 01:01:02,70030129,com.wgame.codeg,3216676,3,13001528,2026-02-17 15:18:55.454777,play.google.com
933C0262D5259D3A98D7DA5B3B6C3B26B1386D68F7AA196681500930A003F466,1981-01-01 01:01:02,41978766,com.gonglian.tbay,208,3,9406516,2025-08-10 16:01:14.727007,play.google.com
937C4077DABA51EC6482C686CE28AF37DABDE773CEC9BD41A462D1B357588025,1981-01-01 01:01:02,15483154,com.viewlive.shadeed,50,6,9649912,2026-04-11 16:18:59.639965,play.google.com
9397AC036A5482FB59311A49FB06004F1C0EB88E90925ED3A39D1B6E06747C37,1981-01-01 01:01:02,18096075,com.tense.abc.all,7,3,6520292,2025-08-14 18:06:31.025059,play.google.com
939E33BEFDB760E48C9C7DDBFE96D3CA6EA970AF52B318B53D9416C18E37C168,2008-02-29 02:33:46,38864762,com.badr.english2021,450,3,923800,2025-11-10 11:28:42.006004,play.google.com
93C8F8FD41FDF20CB353D6487A2B8B66677E55AA21E9E773BCD335928C944C75,1981-01-01 01:01:02,11393633,com.epitglobal.OsesEuskirchen,10007,7,9419296,2025-03-03 10:25:56.858058,play.google.com
9421FBFE2AACF47740644BC81653918EE65994A69675493AEA0D17AC1B982AE5,1981-01-01 01:01:02,11829629,jiHello.ShoppingList,54,7,9374916,2025-08-03 14:34:25.157631,play.google.com
9469A1D9889254264E5E224D6DADF8575F2C1134B1CF2E9BE3426CF359093B3D,1981-01-01 01:01:02,8998505,com.routethis.networkanalyzer,126001012,3,7221808,2025-04-04 08:06:41.511743,play.google.com
9470258BDD54EDA91CBDC7286DB5D11E6CDDDF992DFA22A8407C0DDEE04F3069,1981-01-01 01:01:02,10519240,com.Fibrum.vrfall,52,5,1918452,2026-02-09 19:52:32.812087,play.google.com
9471D3F3F8F1353A768D3B34D76210255358213A785EC2F85DD10EC0F2D2B1FA,1981-01-01 01:01:02,70071089,com.wgame.codeg,3265172,3,13001528,2026-04-01 07:34:37.175041,play.google.com
94C644DEAFEA596E66D8FECD1A36E2F50D7991FC9F3E6E815536CEADE7AB4528,1981-01-01 01:01:02,6602299,com.adendev.rwaya27,3,5,5466484,2026-04-01 14:31:18.667322,play.google.com
94EA6EEF115C6ACCC5432CEDD08597568ED2BE9B035B325CB4C6105B703899FB,1981-01-01 01:01:02,2189323,kr.ckk.beauty.smartbeauty,26,6,3516308,2026-05-01 02:28:50.168621,play.google.com
95034A4B160044D6F7ED9EB2A496655027300B3316C38D5C038568010CC0E625,1981-01-01 01:01:02,15906326,com.coacsanfrancisco.pronosticosmovil,7,3,8625180,2026-02-14 20:27:34.361800,play.google.com
952B0BC70B2A66481FB525B17B9E39FF46025C20DC64691D210B8E9FE25E948F,1981-01-01 01:01:02,125840982,com.andromo.dev391844.app391602,1016,5,7966636,2025-10-19 15:48:36.737329,play.google.com
9552728335EA81AE430385BD90B42542521D053B5683830765A78F4B2789C4D2,1981-01-01 01:01:02,73880132,com.ahaworld.salon,251781336,5,9747071,2025-08-17 07:46:43.519877,play.google.com
95533BE6CEFABCA4C9D15EC1E3F43E521471DF7094A3E60F2143B63304DBC096,1981-01-01 01:01:02,71741655,com.iproxy.android,57506,8,8401476,2025-09-26 22:26:40.865648,play.google.com
955A62569309F2AC60A82356DD11236FD01C1D4578A4B5FADD317F129A16912E,1981-01-01 01:01:02,99902000,com.andromo.dev391844.app389807,1020,8,7966636,2025-10-18 17:11:12.226482,play.google.com
955B6BAFFDC21B08EE0998D8C949D07B528D7457B7F2DDD701DE71A2F4528E02,1981-01-01 01:01:02,2725394,com.lab246.remaining_filament,5,3,1218740,2025-10-03 16:48:48.336353,play.google.com
95C8A3E44D0A935AB9E414AF9DC460BA7607BAEBFF810EA1512DF800EBFAB46B,1981-01-01 01:01:02,128868293,com.andromo.dev531271.app532230,1023,5,8649932,2025-10-19 10:29:42.739857,play.google.com
95CA6F9A41A34659823ED787117403140D5A5502A578DA1286492CB481B64E71,1981-01-01 01:01:02,17138147,uk.blueapps.bluecast.joel.osteen,1190,3,8794284,2025-08-10 09:30:47.522379,play.google.com
95E0D4456FCE4F81317476BAA14EB162F0F12C5AAACC2AEB715B4B8A6BC53761,1981-01-01 01:01:02,16675295,com.danooshabk.vpn,3,5,6118038,2025-10-19 02:56:10.577717,play.google.com
95F10C0080A2B3234DCE519428B23775E4C9B5A1640B72C716AEDF85F0BF2BC7,1981-01-01 01:01:02,2222954,com.buzzato.balaghat,32,3,1595288,2025-10-03 02:28:18.152566,play.google.com
95F80B5178431D27376531EE80ECD6834E3183C33A444F79FDE27311375CF7AD,1981-01-01 01:01:02,73500908,io.cheelee.app,144,6,10610977,2025-09-24 12:05:16.690244,play.google.com
95FCEC07FB4A0B92E550D03D90D712A419D8B024B4F58CE52B67AC65A1D91501,2025-01-09 08:47:40,16199600,com.theotino.chinadaily,6000074,3,16197456,2025-01-28 00:23:35.159071,play.google.com
9605ED17A41D129AC838A8F569580CC6CACAF42A00BC33684E3E69D5EBDA5C78,1981-01-01 01:01:02,34171142,com.zeR0.Injest0r,13,6,643180,2025-08-17 08:19:06.178937,play.google.com
960EB5153B6C237AF2690DD669052C2374CDBB91C5C2938CE15FF8F7B1C923F4,1981-01-01 01:01:02,12966896,com.my.slatk,1,3,6173696,2025-10-06 03:50:33.026458,play.google.com
962021048FF5A86CA998DABD73FA4475F15C65FE0DBB610660AB2993C77DF206,1981-01-01 01:01:02,19247384,com.trackmyphones.upipaymentannouncer,20,14,9127504,2025-08-30 21:54:25.089667,play.google.com
96301E71A68C1CE7C586F88A3FEF677CFFE1E025A48A15E6AC14A8EE3FEF70A9,1981-01-01 01:01:02,139195595,com.andromo.dev531271.app502642,1017,3,7638436,2025-09-21 13:34:20.104577,play.google.com
96460A9D40035FEC51642BE5908839A872B8A763D805449CD8A24B7719E8D499,1981-01-01 01:01:02,48848229,com.manjuapps.fullexcelcoursenew,55,3,3468772,2025-08-10 12:45:26.276084,play.google.com
9654039D35C3E70C28A89DAC5D79BECE5A225E17A7092A55F6EC6A20A9BE4129,1981-01-01 01:01:02,56471758,com.perception.soc.en,17162,9,3577836,2025-10-19 01:08:23.843327,play.google.com
9669242F5A049C01C78E3FE7D66CD2446559A21EC7B0A24ABEFE6FC62EE231C3,1981-01-01 01:01:02,5709106,com.suvsoft.mose.pro.modem,1411,5,1236180,2025-10-01 18:31:47.816103,play.google.com
96787380E2A91555DCA2DE946DC71EB8A0A00B8A98D779489B3BB962C76F9B35,1981-01-01 01:01:02,8468536,com.coopresapps.free.antivirus,87,10,7861160,2025-08-15 22:33:09.798893,play.google.com
9683F198969B7FE3A8E9CF6E638DE8FF28173507BC5D0F2A8BF5B98C3FC7E984,1981-01-01 01:01:02,24693989,com.wiringayebari,4,5,1065148,2025-07-09 14:34:06.759231,play.google.com
96B2F7FCCEA6686B13276AFA2648CF887AFAF5A4CD66AFCE9AEEC86613246620,1981-01-01 01:01:02,8455861,app.seniorsafety,185,13,8336712,2025-08-01 09:37:12.228387,play.google.com
96BDD80676C2E169165DF8ACC86C06185DDED41107AFBD40091A6627FCF3DA6F,1981-01-01 01:01:02,6974736,com.equipovision.evision2,4600,7,4313148,2025-09-19 21:01:25.960628,play.google.com
96C62C7E98F439152D7DA6EB677608320E881B5A44A52EB751E27119819A509E,1981-01-01 01:01:02,5200621,one.valleyshop.crd,7,3,8202376,2025-03-08 10:18:33.453996,play.google.com
96F031C8CAFF2E01B5D8E1423153A02660CC917CA861084154FB54082145AEE4,1981-01-01 01:01:02,16701634,com.oyunman.pro,35,4,6445152,2025-09-09 03:32:26.311847,play.google.com
96F8FA78A6FA9D39E5EF53B277CB13B34864E7FBC6D0F48E4AE0473E14300E96,2021-11-18 07:32:12,52067064,com.apiture.xpressmobile.pbmcmtn.sub,1637219823,3,7052932,2025-10-13 19:53:36.179889,play.google.com
970AF9EA6542EA2BD86A25B119912390DF77F3806110285E9526B135D187B655,1981-01-01 01:01:02,13014826,com.truf.flerush,1,6,11003572,2025-08-14 23:19:15.839548,play.google.com
972653569711D8D1D5C58BEFB305FD505A8B2588355EF4B52E042BC432EAE972,1981-01-01 01:01:02,16190611,it.csystem.android.pess.elios,42,3,9185752,2026-01-26 12:20:47.074195,play.google.com
9728DCC838E9B4ABEC17B91C8BB59429810E422CD956A853CEE673B06F13E999,1981-01-01 01:01:02,56305820,fastcharger.smartcharging.batterysaver.batterydoctor,18,7,10796204,2025-08-09 01:36:34.236883,play.google.com
974F2EC0991A30C756FD3DA0F20935FAA3D3CCAA6D986E1E452F2419C1A05DDB,1981-01-01 01:01:02,45785318,com.yamet.app,1020,4,8605404,2025-09-03 12:01:03.090979,play.google.com
975A45B1D1EFF37EB88BF32A76FA58358ABBE3690451E59C9275057610C9F491,1981-01-01 01:01:02,125525435,com.love.vone,476,3,13680092,2025-08-05 22:07:11.322926,play.google.com
977D8502C05F10D92D8024945DAD867E41D0B5B932249D495D58F4433AC01F9D,1981-01-01 01:01:02,30129065,com.tomato.bptracker,3,5,9341384,2025-03-11 10:44:14.801258,play.google.com
97A9D7D47A0CEFB1374C54A1C00D7E5104A69EE9BAF4A572A2DF1B9FDD0342A5,1981-01-01 01:01:02,29104777,com.ebookpdf.pdfreaderpro.allpdfviewer,203,3,14851536,2026-05-20 11:22:56.398907,play.google.com
97E24C588CFCF884F4DE1C6B134E145C47777659276F823C19BC02F980EE239C,1981-01-01 01:01:02,109265457,com.heshu.shanhaiprequel,10,4,4794972,2025-08-06 14:25:08.781085,play.google.com
97F57F9BD6CB4DF788B2D98180C973BC46F88EC763EFFF828BA9E6766F0E280F,1981-01-01 01:01:02,53778847,com.tfy.cila,61,3,9583448,2026-04-01 05:11:54.476753,play.google.com
97FBC913610F344D81E52D29C1C6A91B38EBA270467F6B0D9D132DF6767C7358,1981-01-01 01:01:02,14209233,learn.english.from.hindi1,60,3,6824980,2025-11-05 13:07:16.590764,play.google.com
97FEE265569C9F0BC70F32D05D6B65DDDAF3EBAD7BB708AE32757EAF299163F3,2025-08-11 18:06:20,51678748,com.isprint.mobile.android.cds.customer2,96,6,9076392,2025-09-07 13:46:01.586289,play.google.com
9846B0AC8DD4239021447F553598BDB22059BF1D28BD9FA59549AD06070660C2,1981-01-01 01:01:02,62846032,com.facishare.fsplay,940021,3,9055404,2025-02-19 18:22:52.963046,play.google.com
987067900BC53A61CC086E3786888D1FBA79D45779A35BA32294B5F703C42186,1981-01-01 01:01:02,9630932,com.fibrum.ghostsvr,8,5,8772640,2026-04-29 01:08:19.448404,play.google.com
9886BADB3A2D23D902C5DEB0CC561865D56F54E80ADD8E8A0533D374813BB65A,1981-01-01 01:01:02,11478122,com.easy.layout.design,9,4,6880580,2025-09-07 05:56:38.221952,play.google.com
9899A01F117E1B44BF9EAF948D93A44B613B1F7FC0765B3A0174FEC1CD470B7C,1981-01-01 01:01:02,10696248,com.my.fakh3.altaab313.aas313,200,3,247668,2025-08-16 21:55:24.906019,play.google.com
98FE4C6C1CA922F89989E72A1FD55A269C244838FAB69DBD36F89311869E71A5,1981-01-01 01:01:02,3240370,com.mathystouch.multiplyby4.free,13,3,1232884,2025-09-15 14:41:43.517333,play.google.com
9964B0962ED4AC61E7B96B33511A8FA7DB48E58C36F060D8BFD214FCB69C53BA,1981-01-01 01:01:02,4513747,com.hizir.hizirbireyselkiosk,4,3,9125896,2025-09-18 00:30:07.152041,play.google.com
9970B02EE89B71349D62E71C6A3BB9D49A5AB0061A2A1EEE1980778C9FCFB8D1,1981-01-01 01:01:02,14499538,com.kadityaapps.commonwords,46,5,8997364,2025-01-07 14:56:59.230749,play.google.com
99734DB5D7291CB6D466BFEEA1CC48452166400592C7CA4F01D3CDA6B85BAE88,1981-01-01 01:01:02,19785456,com.ch2sec,67,3,1004920,2025-09-10 21:44:41.395749,play.google.com
997CAD927D2230F3DDCFE1152C2784F404632BA3FC13D94118419240A04B4B0C,1981-01-01 01:01:02,38970881,com.user.epse,88,5,7355792,2025-09-30 18:48:29.064845,play.google.com
99BE4D8408F5562FD88A2AB35C3054CFAA7A43555F13C40B60B91BED7F2738D1,1981-01-01 01:01:02,98201755,ljm.course.app,100108,4,3503412,2025-10-18 15:17:06.233925,play.google.com
99CA51CFFFFC5E52698E5F3A8DAB62C4C7F7AA9D648BB3C4ED51172BB14CE9CC,1981-01-01 01:01:02,6722964,com.pltaxi.mapataxidriver,90,5,7686732,2026-04-01 10:29:25.026458,play.google.com
99CC09D9E34D48B69539F3C4A1E9BE53B4A26560E0211AEA2DF2BF011F30211E,1981-01-01 01:01:02,80421763,ng.com.fairmoney.fairmoney,500,3,9680852,2025-03-18 09:25:45.238872,play.google.com
9A33F7464A6A3323C1ADEBA06517BFF4C37EEA6E37104E50F4F50DA8569C9CF5,1981-01-01 01:01:02,22293191,com.reelrocket.short.tv,55,5,9280656,2025-02-07 02:02:34.603965,play.google.com
9A5CF4B791828054D5253129B86D2EA2135CC74AC9ECF2C3129CFB80C83F8C38,1981-01-01 01:01:02,17781416,com.shadeed.familypro,40,5,8641120,2025-08-09 09:52:45.545160,play.google.com
9AD552218C7D2F8F27EC48EF08C7EC3CDAAEC7ED096E5A9833CF73983EFC24DA,1981-01-01 01:01:02,29805085,com.snugapps.messaging.text.sms,45,6,8818016,2025-08-06 19:44:56.581981,play.google.com
9AD9B4317AC37E1D12E3ED17A0B429852A1CA149F7783E32423341748D87FD05,1981-01-01 01:01:02,8990313,com.routethis.sure,126001010,4,7221804,2025-05-24 20:35:08.051314,play.google.com
9AE754187FEE7E98156BABD2E5786DD5C5BBD23C9735DA20CD3747BCD7572F7C,1981-01-01 01:01:02,12509436,com.thoughtbloc.firehydraulics,5,3,12216132,2025-06-22 02:24:11.136267,play.google.com
9AED1E7A9ECEE0BE8067BD78B195978B1628F4232CEDEB7D26C848CD79F3F3D1,1981-01-01 01:01:02,59477239,kz.home.capp,963,3,9442376,2025-09-28 23:40:32.586969,play.google.com
9B0F2FD91E57F64D8CB3DA762896ADB1C1410CFFF82615E4C8051AC367C72DC6,1981-01-01 01:01:02,19829241,com.sfd.ergomotion,29,3,6092720,2026-02-20 16:44:37.520281,play.google.com
9B144384235AED17B51B298D48D8FD0655BB21BDB993CAD1CF8455A0F5A8AC3F,1981-01-01 01:01:02,48020319,com.hrs.decibelmobilesolution,450,3,10149752,2025-11-30 07:29:10.948887,play.google.com
9B705ED6EB96CDF2EFF706F35ECF082B4283D11A42CDF4D48924151C44B70FD7,1981-01-01 01:01:02,57397692,com.filter.pictures,40,3,6920940,2025-08-10 14:11:07.889543,play.google.com
9B8454D9C107368CB3FDFA3A40BD88009197D648243C0498EF4A98571334D72F,1981-01-01 01:01:02,17846171,boxnmove.mover.driver,56,6,9533496,2025-08-15 00:46:05.543772,play.google.com
9BE1EE528D3C88E22F0CEBAA6CC548BEB7A5F40A9594CFF4A9500885D9DE7059,1981-01-01 01:01:02,11590940,com.projectx.mripl,21,21,4683924,2025-09-19 02:56:02.357667,play.google.com
9BE29FAB5E8E3789FAA338BA2D09B0B5644F5F0891F652405917710BCDD4E60E,1981-01-01 01:01:02,7423920,io.flatcircle.runwaysaleandroid,240,4,5215408,2026-04-10 04:38:20.251354,play.google.com
9C4C3BDA0FAC84DD2BC063EC4A50A8A2F8651094617F94BA3CC3805B4388DE58,1981-01-01 01:01:02,32066518,com.hdemoji.lend,6,5,9821838,2025-12-21 11:32:01.834501,play.google.com
9C842F8030D56B4341B0890A95BD6DD31F765EC684AE96D8B3B2252CE8ACDB4A,1981-01-01 01:01:02,10821668,com.fagore.tahminx,12,3,8490784,2025-04-24 16:59:34.868920,play.google.com
9C940A9429CBD027F2323EDC36F7E3AF047F3EDBD7DB9309A95BF1B799288171,1981-01-01 01:01:02,41082956,com.szfcar.ancel.mobile,32,5,8481396,2026-06-01 15:54:10.455478,play.google.com
9C9EAC06263E22D415E89A6841C1E4B0C3A32FFAEC4536E3B8BE7436E8FFF852,2024-12-01 17:44:08,87699572,app.cake.dragonplugin,112,4,8907284,2025-08-15 01:21:40.616796,play.google.com
9D608878133B1A4E58638F6DD73367B1F9B258665D336ED694D62E6E63049FB8,1981-01-01 01:01:02,46929641,com.kct.fundo.lxwear,20,4,8786244,2025-03-11 16:22:41.257846,play.google.com
9D671C3E313D2980815A7D63594E0FFE96C94B253B6C52910E6D15D72ADD78D5,1981-01-01 01:01:02,16009697,com.m2049r.xmrwallet,41062,26,8519404,2025-03-07 23:00:02.255438,play.google.com
9D950216EBF2913E249AB8EF48BCD09C5A2DC655CA2CDDE766322FD7DBED2B9E,1981-01-01 01:01:02,131066271,com.andromo.dev531271.app527910,1015,4,8623160,2025-10-09 00:35:44.721035,play.google.com
9DA45D9BBE880E7EB6BD9869A342D37FF85EF8A0ADA51E45143A869EC71A713D,1981-01-01 01:01:02,25685831,velo.twist.velotwist,3,3,8764148,2025-06-22 09:57:28.884019,play.google.com
9DC4D7CFAA13DEA2F93A215E5544D6E211871696D2DCC5FCED7BA46D6F342E26,1981-01-01 01:01:02,12664833,com.akoplayer.pro,7,7,247668,2025-07-20 15:50:08.714239,play.google.com
9E05A303FD0E61442124628C9E9C1737E497DBE3A50596772A91888934FE597A,1981-01-01 01:01:02,17119265,com.x.future.signals,9,3,7537312,2025-09-14 04:43:41.187651,play.google.com
9E2058792273917280124C347ADEF61C0447BD5DF4C0EE7296B38184C717A2F5,1981-01-01 01:01:02,10487622,jp.co.benesse.petpass,45,3,9562792,2026-02-02 11:08:24.230013,play.google.com
9E237A5EECB44EC810C88635A304CAB7126B863779DD88A7BC0EE37366675D5B,1981-01-01 01:01:02,24716218,com.rxmedia.link,39,3,8711620,2025-08-15 10:54:00.123595,play.google.com
9E325F1C613EB693EDAEFCBCE23522215E641CC7C33231EBE195DE3296FEFFFF,1981-01-01 01:01:02,61194251,tunnel.entclass.vpn,2000208,3,7431852,2025-08-28 17:05:57.434007,play.google.com
9E45D8C771C94F06B760BDAEEA858A035CD1514C00E30C2283CD76847993A9B4,1981-01-01 01:01:02,10059162,com.aldarga.nehaea.arabic,10,3,7775916,2025-10-17 02:57:46.559181,play.google.com
9E7FE7065881893F85CB04AE26CEDD616C4131D1D5AA998CE45DACA31F7DFDEA,1981-01-01 01:01:02,11073889,phone.contact.call.phonecontact.phonecall.contactpp.dialer.contacts.dialcontacts.calldialerpad,30,3,8563488,2025-03-23 00:00:41.407494,play.google.com
9E886FE39A53215673EB671CD8FAD7444B4B14BD9E26A143F85127B0527C1EA7,1981-01-01 01:01:02,6412847,com.a1392191062.dvc,208,4,3871504,2026-04-13 22:15:20.043010,play.google.com
9EA7F8394D3B0F1B4F11666A7B323AE76A2FE58A95F210A9857D0B37A5426F05,1981-01-01 01:01:02,29225333,air.com.playtika.slotomania,771261620,3,9474888,2025-08-05 17:17:16.508923,play.google.com
9ED20B7D11CDAD5B9BE6AF7DC34E8B4E9C3591DEDF3FDF989E58A948A2255C32,1981-01-01 01:01:02,14054968,chat.girlsonline,85,3,8654748,2025-09-10 08:30:29.741853,play.google.com
9EF60A74C6157C8471E8F1408A31840C41924F1CB48A29E118C59B9A4E9D3756,2023-10-05 13:24:38,9155928,ctm.downloading.free,17,3,6679884,2025-12-22 18:20:28.782970,play.google.com
9F81F05B1ACD2696696E61900106BE5D5A6FFF084B52DF5A60DA42F5C82B86D6,1981-01-01 01:01:02,38302220,com.VortexAppx.LogoMaker2023,25,3,4483772,2025-09-15 23:12:35.207004,play.google.com
9F9C4780F917E41BB6816BDCD182BCBBD7EC023B21DC3349FCC09E460E0C83CC,1981-01-01 01:01:02,114849152,com.andromo.dev391844.app844474,1019,3,7517768,2025-08-29 08:23:44.981246,play.google.com
9FCC190269A63DE508AAA5EF7C87A35E500256E9378D244C5AF11694F94AE9A1,1981-01-01 01:01:02,15783873,com.ag.tool.pro.ankur,19,5,247668,2025-08-11 10:02:04.950542,play.google.com
9FCC24EB3EEF748020B18EE5EF4676441BA4CD00F283CE38B9ABD64E276F78DF,1981-01-01 01:01:02,42747200,com.bekids.gogotown.music,151,3,10482949,2026-04-29 02:00:14.586286,play.google.com
9FF7AE3AAF3E447D95FD01DCDF74D534599F616F35242A0055211FBC2C771092,1981-01-01 01:01:02,7336764,com.kt.android.PolytechnicUniversity,511,3,4919900,2025-08-27 21:56:21.544728,play.google.com
A002CE8BD3D3E0F93A4DF7C5922B31958AF9835D9B8ECFCAD847B1D191AD9D05,1981-01-01 01:01:02,34240444,com.VortexAppx.FFLogoMaker2023,25,3,4479284,2025-09-16 17:25:03.952204,play.google.com
A0140ED64797FB98EEBBDC3478EAB72647248B8244D959457163EBAF40BE978F,1981-01-01 01:01:02,94246704,ljm.course.app,100101,5,3503412,2025-08-28 13:20:17.781745,play.google.com
A026B5F610139AF465767E82BE32321D1008DC9EBA168132F44DD6283589F1C6,1981-01-01 01:01:02,140611158,com.andromo.dev391844.app742612,1013,8,7966636,2025-10-22 00:14:11.712725,play.google.com
A0360284DE893DFA3B9DB777F6B40504AE2A127F413626F0517211008CAC8EEC,1981-01-01 01:01:02,49830494,com.tfy.cila,43,3,9035624,2025-08-27 00:19:35.651948,play.google.com
A040E1E0B80ED936CC1F362EC1105AF7D18F307B82626E9E75296F33484F8FCC,1981-01-01 01:01:02,6841455,com.sevenlucks.mavegame,3,4,4345936,2025-08-29 09:48:02.725017,play.google.com
A07AD95CC6C52211390F1D2E9F4A7227D93988C0FEC094B62F4DD763ED90B2C8,1981-01-01 01:01:02,29724223,com.ar2sec,60,3,1033004,2025-10-14 15:06:26.723696,play.google.com
A080848EF09A6A10A29436A0A75037D033A9D5169BFD66E1D72DA843C3F7A88A,1981-01-01 01:01:02,49559383,com.fillcontracts,10529,6,8218728,2026-04-06 09:29:45.759786,play.google.com
A09B0F0965795BB3D52ED20BF2984C6D3B845515EC85E3340A4B17BE26E4941F,1981-01-01 01:01:02,11628555,hamsterchat.uz,49,3,261148,2025-09-11 09:12:48.468168,play.google.com
A0AFBF20D2DE9B1E81FB0F7EB153339EB4C248CDE28ED36D1B2B20310FDB9CB2,1981-01-01 01:01:02,29405921,ru.kslabs.ksweb,92,5,6274612,2026-05-01 00:31:04.886292,play.google.com
A0F114A6E0D462C9B28D48B1BCFDB9A1A512EA980EA737E0799FE8F2DFD42538,1981-01-01 01:01:02,20720980,com.yurenyoga.com,407,3,11857896,2025-09-14 22:18:56.956012,play.google.com
A10693654FDFB878491C473801A6D532B89BEC377084022FB055740401ED947B,1981-01-01 01:01:02,6951549,com.love21.stories,11,3,926176,2025-11-13 02:17:44.746808,play.google.com
A1126AE73C0EEF149D15CB533EFD3DEC3667005F4B414140745E34AF071EEE5F,1981-01-01 01:01:02,48664707,com.identisoftsolutions.diasaudeapp,20209,6,8281316,2025-09-20 13:43:22.491785,play.google.com
A16ED61592D006703F0B01265EBF8728DE612AFD397B7FF1A019B6B9E96697CC,1981-01-01 01:01:02,77679088,com.tbow.oa1,381,3,9132116,2025-07-26 10:08:33.752083,play.google.com
A1C239C199A3B3BAE60FD7D11EE38E14BD6656AB39C2338DD320B7CDBADB6CB5,1981-01-01 01:01:02,37399548,com.kuaiyin.tick,1015020,5,9819016,2025-04-18 01:42:59.934612,play.google.com
A22D6D7F6834650350409D3F6158BFA0C58C3E8610C82E13B702606C8CD4D4DC,2025-03-31 11:15:26,4928137,leagueapplive.sapphire,106,3,8485280,2025-04-21 13:27:08.923025,play.google.com
A22E8B4E551C93A5B1421B692A944DAFABF58300655F163726D731CAA6237BBE,1981-01-01 01:01:02,30804733,com.globalvisum.globaltrack,7,5,12618968,2025-09-08 20:52:02.469322,play.google.com
A231505E7F5855C6BB5FD91370058F9892389CCD4E4D40E2C36B6DD20AC40E93,1981-01-01 01:01:02,35729662,net.atntechnology.NureMath,74,5,5811852,2025-01-06 16:23:09.772080,play.google.com
A24206D645AA5B0A2EB750F6A617A91204504300AC16B45D0F561AB69D7F35FA,1981-01-01 01:01:02,29349267,air.com.playtika.slotomania,771280020,3,9474888,2025-08-05 17:18:39.641304,play.google.com
A27102C140499F2E1554825E8A82F11A0E513605B1EDEC308077B3B63C07A8F1,1981-01-01 01:01:02,9698115,com.jsk.photoresizer,8,6,8278784,2026-03-28 04:51:39.496858,play.google.com
A297F0BDB384FA475E9AB0BF494E1C883162D6483BC0AB987BA7EF2B0B4A5593,1981-01-01 01:01:02,4742642,com.thecybernanny.adroapp,585,5,6581260,2025-01-07 11:14:43.481896,play.google.com
A2DEA68AA8811883E426F0AEBA6FAA20DBEE28B82C37F0CC42F0581EE3AF5FA1,1981-01-01 01:01:02,124302025,com.andromo.dev391844.app748658,1030,6,8623160,2025-10-13 09:48:21.192246,play.google.com
A2F6899C50C6447B1C3CA0B9DD83201BC1550B232B55A56D284FB805B82A43B6,1981-01-01 01:01:02,45951151,com.tfy.cila,52,3,9360380,2025-11-26 00:44:37.548995,play.google.com
A30273A71443573AA3FFC8542367DA4B748D80C3683FCEF5865F6727DB3E0853,1981-01-01 01:01:02,39150004,com.zeR0.Injest0r,17,5,643180,2025-10-07 16:27:50.124455,play.google.com
A31777A48B36724AA9FC5BA4B586DFBD04AEF9D0C12B3C96114EFD66B286F128,1981-01-01 01:01:02,6535400,com.saviramapps.caltofit,8,4,6321712,2025-09-21 11:10:07.707507,play.google.com
A3199A90578626060DBD5613A23966B1DE797A2BDCF3BACFBB3708B2A5336674,1981-01-01 01:01:02,9578882,com.bestzippers.heart.zipper,100,3,6723244,2025-06-17 16:30:46.493865,play.google.com
A38973623DB7EDA67ABBCC2C355A4DC84E284D95BD9AB8539D09F8D5A1F118E7,1980-01-01 00:00:00,10710851,com.goodev.volume.booster,56,3,8598124,2025-09-16 00:41:39.912580,play.google.com
A3D2BDA9F3AC5AC1FDC3504A28E536E793F003555258E27FCBB7518F5466240C,1981-01-01 01:01:02,55053230,com.giantturtle.dextop,29,4,31688216,2025-08-07 22:19:40.877628,play.google.com
A3E53E5A6A2E2F7A63060A07327137707EE595C067B2961A3FB94F0D95CA29C0,1981-01-01 01:01:02,29633204,fancybattery.clean.security.phonemaster,80605,3,9137264,2025-03-06 17:56:31.458771,play.google.com
A3E62EA753DD7F3190DF85F2FE882B41DACCF8FA22DC7718FCAEF0C954D872D8,1981-01-01 01:01:02,2447129,com.woosim.webprint,3,8,1300460,2025-09-18 04:14:05.851869,play.google.com
A40CCDF8AE8C6B45725C7BDC11209F1A4B0866B4EC5C98D4363BB39A85DE32FC,1981-01-01 01:01:02,11391601,com.video.zeroshort,17006,3,55536,2025-08-29 18:44:15.989951,play.google.com
A483AA32752742EA4238073B5A2EF84C1A34DEC2EB3118D8B1F57DBF857353D1,1981-01-01 01:01:02,37800446,com.smart.paypay,32063,3,8955576,2025-08-14 16:11:06.547179,play.google.com
A48C2943BE82C85C8C14F51E982DE9D4B63B78F6BD6076C29DF2DB743FFE6AA9,1981-01-01 01:01:02,8299217,com.video.zeroshort,16004,4,55536,2025-08-16 17:30:06.106467,play.google.com
A4A0D93D8B9F7CCC8D53C9556EDA51F8A2CFFC2607F892D4A90CE8473BD7A8F7,1981-01-01 01:01:02,5145405,com.sbi.markbase,14,3,5823292,2025-08-10 23:58:13.133620,play.google.com
A4D5BADA4B5435B6AD62569A844B007F0CA85A166DB1CE45287C59935F4A5958,2023-12-13 22:38:14,10429925,com.bibliacongregacaocrista.android,20231214,3,8815540,2025-10-19 21:37:27.575439,play.google.com
A4D9E229AF8DBD74DEE4CEE29EAC5D3C9D5034927662B11973F533391104C91D,1981-01-01 01:01:02,129868357,com.andromo.dev391844.app461409,1005,5,6912948,2026-04-08 17:00:17.334195,play.google.com
A4E08318B831219B8112ED46B335D651AF5660373FEE6753E85558968928AF4D,1981-01-01 01:01:02,18522236,com.kingsmith.chair,10009,3,9123256,2026-04-19 23:29:15.615380,play.google.com
A4FBA050FF0EA46CE53B8DABCF371C4EA7643EED3A4FF349F39330E52A5C7650,1981-01-01 01:01:02,21862856,photorecovery.videorecovery.filerecovery.recoverdeletedphotosvideos.novarecoverypro,52,3,9094908,2026-01-03 05:04:21.954242,play.google.com
A4FF7F41208B83C22AE16BF7BF8BE2611DA59FAB55793C5B86AF90199325C18F,1981-01-01 01:01:02,5954437,com.keeson.rondurewifi,22,3,7818756,2025-10-05 12:09:57.403297,play.google.com
A50380907298FDA962B89889B39D21E15FACDF7FB31435AF3E38058E06CE79AF,1981-01-01 01:01:02,11813699,craftingtv.how_to_train_your_dragon_mcpe,801,4,8580284,2025-07-08 03:57:12.415211,play.google.com
A52442D21834744C3B5CFBA27515933F4B451193AC25D56A660B2A092D27AE16,1981-01-01 01:01:02,6470674,com.snapback.recovery,1,8,247668,2025-03-09 12:41:09.751018,play.google.com
A542AF890F6CB4E3CC8E4F7F954D5D9C3504ECD01EA6133AD1FFABDF17D378A1,1981-01-01 01:01:02,43761183,com.scanport.datamobile,290031,3,8617168,2025-10-19 11:34:56.555389,play.google.com
A547498F1F0323C8C71D29169C7FD006BEC8323237DFC8C551A2F3E71B6F4FE8,2025-10-06 17:54:48,69820040,com.qiushui.android.app.chdir,251006,3,9882480,2025-10-19 21:29:54.931168,play.google.com
A55F8C8DE77E4287A8DD130C37FD37FCAC11CB772484547429758013BEDC1F31,1981-01-01 01:01:02,86664479,tw.com.taishinbank.ccapp,90306,6,9281864,2025-07-28 11:01:49.828702,play.google.com
A56C44F0CDAE7B52A7ED9B0989EDD9730164774CA69770C3E62110C6D92CCCC9,1981-01-01 01:01:02,18544765,com.dvetwrj.uaccscq,5,3,9333484,2025-09-08 00:11:35.502941,play.google.com
A57A49A812A6E35F5F56D9B05B80C02722CDF12FAB410650EC7C7B88194717F3,1981-01-01 01:01:02,5074438,com.showami.showamiapp,102,3,8720304,2025-09-20 00:24:03.693793,play.google.com
A58E92606CE252766B5F05829A0693F7EA17DA66B9643B0890FB47225ADE0C38,1981-01-01 01:01:02,48806438,com.manjuapps.fullexcelcoursenew,56,3,3448588,2025-09-10 15:58:13.881464,play.google.com
A5C8E4A41F5C61671CC0A744C4B941D3D3A4F18554EF0CE02075C3E233E581E7,1981-01-01 01:01:02,56554994,com.perception.soc.en,17163,8,3582536,2025-11-15 00:56:19.325498,play.google.com
A5F670716B1A03D022F7C6F841798E48B9CA0DF090BEB1C3746EC0C30C2FCE6F,1981-01-01 01:01:02,12184921,com.vedaversity.kirtan,20013,3,7031448,2025-07-12 08:46:31.100533,play.google.com
A6315DCD450B470F8C0E079F81ECF3A87032575BF03DEBFFC5E6BADABCC13309,1981-01-01 01:01:02,92339222,com.ahaworld.salon,260852130,4,9659520,2026-03-30 06:32:34.524256,play.google.com
A64CAD84FA690E643B845C8878085C23F89DFB6B0D19F6B18AC1D6763E3FDBBC,1981-01-01 01:01:02,25268094,com.GoldenFish.rewaytshadelqasem,5,3,6904924,2025-08-10 12:12:40.898447,play.google.com
A67634E5D8A8FB352FF7BEB252DFAA356E1CA814211676B917AEAE5B9142482D,1980-01-01 00:00:00,11959451,com.equipovision.evision2,4414,8,8907968,2025-09-19 21:01:13.517598,play.google.com
A6DC7012E8CC4B846089628E02323C798EA333DD2C6CE2F0BB0D811C461415EA,1981-01-01 01:01:02,12174460,com.apksrebrand.smarters.leontv,4496,3,9014732,2026-04-21 00:40:11.153344,play.google.com
A758883788A037A2CC5494EA030C1A7078B57BE7E731CB8D0C03DB1822D93C08,1981-01-01 01:01:02,6779764,kr.co.chamsule.smartonepass_project3_hyconso,16070,3,4583648,2025-10-17 19:27:28.098192,play.google.com
A76724257FD6EBD91B86DDD6EFD1FC09FFD5AF639FEFFC104F3B05964753C240,1981-01-01 01:01:02,34322188,com.cyulpuxi.haunted,1,6,8266788,2025-06-06 08:04:11.347933,play.google.com
A77F67071900DB5D61C4C862F1F4829E892A4AEB608DDBEEDAD87ED597053B8F,1981-01-01 01:01:02,143811639,air.com.playtika.slotomania,771082020,3,9366580,2025-08-05 17:07:43.305357,play.google.com
A7BD0F3BA3D3B6F64261F46AA95C96627E68A1D088BEC00C1115F72AFB5A7D16,1981-01-01 01:01:02,126021206,com.andromo.dev391844.app731781,1017,6,7966636,2026-02-06 14:36:33.189251,play.google.com
A7BE0D34C9F7DE422DF1FA61FB60C0764B529D71EDD830E1A3C60DFDF2AC057B,1981-01-01 01:01:02,17487482,com.cometpremiumplayer.tv,8002,3,8703532,2026-04-17 09:04:22.910097,play.google.com
A7E44B5B498A6E706C5B93E4BF8C09D5B5EA8C107822E21DDE211FC15BAFE928,1981-01-01 01:01:02,67753693,com.tiens.pocket,120250425,3,9694020,2025-05-24 21:02:48.203213,play.google.com
A7E66B423CEB8D79FEBB505CFF324CD0D748BD04B9AD00E96E09233BDCE3E617,1981-01-01 01:01:02,6812473,io.wemind.membre,20,3,3240632,2025-09-25 17:00:04.283677,play.google.com
A81B605C84E6D97A728E3F27AFDC5EFFA01A0BB65955C00F2361884E40CFD467,1981-01-01 01:01:02,26679203,com.cupid.soulmate.pouter,9,3,9115372,2026-04-26 12:59:14.008885,play.google.com
A82E993626785E8C4C88530D6F51D0E0C113AC94FC34B3CB9B8AC39777C552BA,1981-01-01 01:01:02,20413140,com.idaratracker.android,97,4,7311632,2026-01-01 18:24:19.938976,play.google.com
A842ED472E0E1FEA476BA2FC9BFA2FC3CA2E18DA8843AD6D1645EC7672E527CF,2023-07-15 11:09:58,12588151,com.baicaosoft.erp,411740,6,1432844,2025-09-09 00:03:30.172904,play.google.com
A872472BFCD2E6B98734574FF9270331E9EBDA08F5E4574F20B7A5C53DF21DBD,1981-01-01 01:01:02,15705922,com.lilian.sai,7,3,8246866,2025-04-23 07:10:56.449154,play.google.com
A89288ED6177398A2F2AC2B7AD85CA34FDDD049A9FBB9BFADF8EEDB51B3568E2,1981-01-01 01:01:02,12178417,com.apksrebrand.smarters.fiberprostreaming,4466,3,9012680,2025-04-12 20:39:13.787312,play.google.com
A8B2C71058A90CA2739D04BA0BA1B2302C4B8BC8F9C2612C48A6E0A355E17D97,1981-01-01 01:01:02,4613939,com.yj.yongjie.finaltheorytestsingapore,24,5,3314084,2025-04-18 04:26:56.372878,play.google.com
A8BD38CB324F5591FB13EAA5A30FBFCB3FC163C9C2120691C78CF5DBC7055E41,1981-01-01 01:01:02,73718009,com.mountain.monitor.killer,113,5,7746272,2025-09-27 07:06:48.683615,play.google.com
A8F8D24B8C6463796C5AD371AE3A19D34505215F05C704AC033E6C8274AB9CD7,1981-01-01 01:01:02,2719731,com.llzsgtc.lldhyds,1,3,406472,2025-08-17 10:30:51.635351,play.google.com
A91B0F25295839F052BDCE4CF9B3C35D9C5CD648FB923E45D328A6E283B3D37E,1981-01-01 01:01:02,13193043,com.domlohikmatulloh.tj,2,4,5466484,2025-08-11 17:34:55.771176,play.google.com
A922E620595B666EBEC22E120B9842D5B64BF2E3E6D223063603E9CACFCCF2F6,1981-01-01 01:01:02,69950508,com.andromo.dev391844.app448785,1002,16,6912948,2026-05-13 03:58:00.127489,play.google.com
A93987B4B7CF62F287781C569984125B3080B4F06ECE707D730EBE10A7FF9118,1981-01-01 01:01:02,30888767,yu.neo.cleanse,3,5,9634414,2025-02-06 23:06:44.632210,play.google.com
A9B5447283784D50B403F23AD67CDC0FD9C2CC32DF8C8810F95BE00C27E8468D,1980-01-01 00:00:00,42098788,com.salisa.gambarsalamucapan,12,3,7829920,2025-09-16 02:28:37.927210,play.google.com
AA08CAEB9C473C4D8CA5C8FBFC9F8A82B4D6647738F5FAC3946E8521AC7C80CD,1980-01-01 00:00:00,4919036,com.flexapp.salesorder,340630000,3,3783572,2025-10-19 13:11:03.237577,play.google.com
AA123263DA310A40D1D607945B0C05095F72266CD1794FBFB23DDD74D85606A9,1981-01-01 01:01:02,18659241,com.app.uengage.meatlane,4,4,9389760,2025-03-09 04:39:12.292110,play.google.com
AA1BAF6C0593FBA4198ED356AC89E56D6E488D72075C30BB175AE3B9B5F8BF89,2024-10-21 13:44:32,76916878,com.lomolsoft.language.learnvietnamese,241021,3,8503908,2025-06-17 23:42:37.893766,play.google.com
AA2340F5A30701C92DA9D66FB3C735193995C61599F2DA25437A84821653F99B,1981-01-01 01:01:02,10329601,com.botaotrick.app,10,3,5466484,2026-04-30 22:15:03.794985,play.google.com
AA246A6A6CB5BAD5B66A788DFDFC7657F69B5A5891D73C38BED84F354D2C80F4,1981-01-01 01:01:02,138286681,com.andromo.dev391844.app377950,1013,5,7966636,2025-10-18 07:36:01.323946,play.google.com
AA31E0860D8504CC6EBCA709DB9FFDFA7CB58944655D85D43848DB11B93E138D,2025-06-05 01:53:34,9267674,cn.trinea.android.developertools,8800,3,6791112,2025-06-17 09:05:48.689265,play.google.com
AA4B9941F7C8330F67CC372AFE01C74C5B49E3D45BA5FF6F712A98CCEF394643,1981-01-01 01:01:02,2156469,com.betacore.volleyballscoreboard,4,4,1342816,2025-12-29 13:56:50.310372,play.google.com
AA4C17ADF5C95F56A0696D053946296935B0687AE18D02EA46BCE09FB08F15AF,1981-01-01 01:01:02,9818040,com.nirud.indiasstrugle,3,4,5466484,2025-10-22 09:59:19.356227,play.google.com
AA644253FCBE10A39011585138B09C14449D12A1411DAD58BCCD199AF9224FB2,1981-01-01 01:01:02,25759949,sszj.bibifatimasakikahani,3,3,8908668,2025-08-07 23:22:23.124907,play.google.com
AAA3015F9C7BFD72655848284DDB89DF78FFB3FEB9C7041BAAADB549981FEEB8,2025-10-01 16:55:58,84682714,com.grupoavaloc1.bancamovil,7034,3,8584796,2025-10-18 12:39:07.027182,play.google.com
AAC0DF6E73BD588440D521F96DA019F33339B3F59CBA26087804A6471439AC43,1981-01-01 01:01:02,84855823,com.square_enix.ffbejpn,201,3,6479208,2026-05-18 13:07:01.995546,play.google.com
AAE8B9DAB8992026566A09313FC508C549BCEF9E6C1AFDA6105C0B633C1B39A2,1981-01-01 01:01:02,67284041,com.Slbazer.Craftsman4,972000079,9,4455204,2025-01-11 03:45:54.793752,play.google.com
AB131B12FD96AC7C22E14A8B0473BAECEAB962B26ED946DD2DB79BA66F324046,1981-01-01 01:01:02,9792860,com.modpubg.turbogfxbooster,10,3,6804460,2025-01-24 12:23:22.069043,play.google.com
AB13D0CD5918F8A6214D25CC7EBE1A1B419CB3BD46EFCCEC1E0B349254AB6F87,1981-01-01 01:01:02,8079071,com.bestzippers.camouflage.lock.screen,100,3,6723244,2025-06-27 17:54:53.618640,play.google.com
AB354EBC2B6EF77BF1D0978AB482005E26FE6A8DEEAB072B8E761B4C4D3C2D46,1981-01-01 01:01:02,84791901,sismobile.parsisplan.pt,330000226,6,8941020,2026-05-16 17:12:57.814016,play.google.com
AB820566B9CA9BE341046F94F67400A5B50EADD312CF672885ED1611A4932A5E,1981-01-01 01:01:02,9032336,com.bits.masafi.consumer,40035,3,9144240,2025-08-10 02:37:54.876657,play.google.com
ABB1F0F553C7FD2240792D06D2AAFB39E014CA7A418EE93121AF091C201AAD09,1981-01-01 01:01:02,8679203,com.pcsensi.app,6,3,5466484,2026-02-10 03:12:52.085260,play.google.com
ABC6F61D388907475DD3FED4BDCFDA4D30B8967899D0FCCBE20E684B9F7E6B89,1981-01-01 01:01:02,145320679,air.com.playtika.slotomania,770980020,3,9220872,2025-08-05 17:01:04.417930,play.google.com
ABD187C1B734614E5934F34A5386EEC98F307B56F67424E8429904F9C5B69BB8,1981-01-01 01:01:02,145512491,com.andromo.dev531271.app502642,1023,12,8649932,2025-10-19 20:19:52.655418,play.google.com
ABF05771045E5F435684041413804614C940B2896073A33A7D860AA19AF8CC01,1981-01-01 01:01:02,62243211,com.facishare.fsplay,925026,3,9048928,2025-02-01 17:51:04.136182,play.google.com
AC080576C09BDBAA48199E5CEA68DB6F01A37A7F5D879D4FF121E9BF20D38070,1981-01-01 01:01:02,10376984,translateapp.chinese.english,2,3,6876824,2025-08-14 18:53:21.784269,play.google.com
AC197E90CF56D88AC46C0D38106BEF55BE84A48310C2121026D172719B92312D,1981-01-01 01:01:02,17806292,com.alfanetwork.cloudmineapp,146,4,247668,2025-02-07 10:45:25.874677,play.google.com
AC47BC93353E0D4D54A72A0075FAE6A28EC55DDFC41633425D10581D2340BEED,1981-01-01 01:01:02,108668866,com.jacapps.wdjc,50100,3,30442316,2025-08-29 05:45:49.049435,play.google.com
AC686C23CE47763CF9025F4003960E76675751ACFB48CA121453D187DE1F16A3,1981-01-01 01:01:02,44675287,sismobile.parsisplan.pt,33000198,7,6143484,2026-01-08 17:28:16.793926,play.google.com
ACB639D9B27C563E9A21A5689845ABF81312DFFBACE0AEF954C0CE336AA415CD,1981-01-01 01:01:02,19938677,com.gamut.farvisionsalesforcer2,202,3,8778052,2025-09-13 22:24:34.048946,play.google.com
ACCDAE6B709D2F7835C28DAE38DA64D3998B8606249BA8D2CB01B65F5EDB7275,1981-01-01 01:01:02,5597174,com.ajthebillionaire.build_a_beat,22,6,8982256,2026-01-03 16:02:54.425530,play.google.com
ACE8E1F8BCCD0E19A3929A1E7E681DB9C1F9994B66FA29411A6066229B294035,1981-01-01 01:01:02,5923752,creatorsupport.roy.com,7,3,7566428,2025-08-28 13:11:09.362775,play.google.com
AD03B5C979DC30019F4D8977146C9CB2E424A758367B475B16A1BED41D7EEF8E,2025-08-22 01:57:34,11410183,cn.trinea.android.developertools,9000,3,7951504,2025-09-02 13:39:45.824706,play.google.com
AD1A7FB9A4BA817E5AE21ABAADB1D3FA8FACCD6AB8C28A81F475E7F1FF08C005,1981-01-01 01:01:02,6264348,com.bitgougou_g,26,3,4395368,2025-10-20 16:32:37.009680,play.google.com
AD31DDF75155D80D884C575CECF1B1042DF17D433A09C9C643549C9B1617F1A4,1981-01-01 01:01:02,19604886,com.app.uengage.aasifebiriyani,9,6,8409468,2025-06-13 05:12:16.128309,play.google.com
AD3D3AF810280F7C3264B1633F3CC2E2E1F7985F1A0459D9F1F87D9561E77652,1981-01-01 01:01:02,98238907,ljm.course.app,100115,5,3503412,2026-04-03 12:23:05.022070,play.google.com
AD5E2457E300C7222B8AE1465E3FECCB904559DF9EF466C489E78C4F30F5329A,1981-01-01 01:01:02,103206486,com.andromo.dev391844.app742129,1012,6,7966636,2025-10-19 13:47:41.634721,play.google.com
ADB3B34AA6F6996D886B585AD1F7A3DB14C1F5DA5BE46665634AC8E08607A209,1981-01-01 01:01:02,51562679,com.andromo.dev531271.app508164,1011,6,7491544,2025-09-21 18:07:38.972835,play.google.com
ADB8D3724E04ADB09298DD332742EBF5273AF8CEBFFBCAB9CDBF27B519EEA70A,1981-01-01 01:01:02,31135673,com.donttouchmyphone.antitheftalarm.alarmphonesecurity.anvianti,26,5,9074060,2025-08-14 13:01:51.357958,play.google.com
ADBAE72E1D761F3BE5A87D962DE4281EBFF12CA9888DA7D1D3200BEF275A631A,1981-01-01 01:01:02,14176864,com.androidbull.incognitobrowser.lite,666,4,7158240,2025-06-08 10:49:08.370161,play.google.com
ADC2B5206A7B17EB3FC409E2D8A9374711464DB8BF00335770BE6098EBE81DEA,1980-01-01 00:00:00,3324022,xyz.appmaker.vxuyiq,1,3,796700,2025-09-27 23:39:30.736130,play.google.com
ADDD5653BEBF935B07636E53C8822647F87E4450B1040C1C9AFB2DDE0EE237DC,1981-01-01 01:01:02,19763319,com.video.videodownloader_appdl,1522,3,8489880,2025-09-11 08:37:26.336543,play.google.com
ADE2761BC2D4BF8C783C14B069D6E187747C1FD4C0563DAB7640625C79AD90E8,1981-01-01 01:01:02,9480175,cloud.helmuga.tracker,45,15,6775488,2026-05-06 14:14:49.811434,play.google.com
AE3879F06FB717B419BD0B66AFD5E4694E7847FFC146A9F0EF4E6AFF636EDDE8,1981-01-01 01:01:02,19467151,com.video.videodownloader_appdl,1520,4,8763828,2025-08-09 12:21:12.481208,play.google.com
AE3E2176B926F4E784EE82D332155ACA896DECFC100B0D26D19197BF9FD0DCEA,1981-01-01 01:01:02,17882783,com.metax.browser,110502202,3,9160004,2025-08-05 23:47:19.686232,play.google.com
AEA47D15952A3131FD096D11D897FD49BF4077ACD193A66A98B6383789AFE15A,1981-01-01 01:01:02,7562746,com.focuspoint.capadvantage,11104,5,7131476,2025-06-30 15:22:43.022095,play.google.com
AEB2420D68690C8BE9F07409401009C1BD83E4775D14BCB4F390DCF415535C61,1981-01-01 01:01:02,29608944,com.all.document.reader.my.pdf,18,3,9995988,2025-07-05 01:12:32.742194,play.google.com
AECCF1A6B5FC9E05ECA665372E2E263DBBF1FBEB1D94A810204D592DB4120CDB,1981-01-01 01:01:02,34541673,com.solara.filerecovery,20,9,8855308,2025-08-07 00:45:15.524642,play.google.com
AF2551BAEBB915D1798F93F2224C5F13142E6F547DDD6E22DD3E034CEE8E50D2,1981-01-01 01:01:02,14419819,com.higuddu.metasploit,20,8,6365932,2026-03-20 01:50:58.833675,play.google.com
AF7A8BD2408DDAE34E80DC32668F941B47741AA77FC30F547062C9409EF6152B,1981-01-01 01:01:02,11069930,com.dualem.dualem,65,3,8730888,2026-01-10 11:30:00.308801,play.google.com
AF95750E20A53D4E578B17A712ABDA137F5EB4AD1881BCAD6797BC9C87D36A4D,1981-01-01 01:01:02,27959699,com.aircraft.flight,3,3,7920180,2025-08-26 20:45:29.234289,play.google.com
B00CB9F6B8B69B095F63E2728ABCF63F1C20BAA9A014B06A6763609A714777E3,1981-01-01 01:01:02,4967391,com.nftf.nftfminter1,15,5,7244448,2026-05-28 17:09:05.979711,play.google.com
B04B0A60CB91DB07249C3BE61156DA7AF04D65263D748BD3657C5A59CA6AF748,1981-01-01 01:01:02,9459836,uk.blueapps.john.macarthur.sermons,1315,3,8779284,2025-06-12 17:41:30.074220,play.google.com
B06BD15DC26BD16FDA306CE1AB7AC165C1976E637B8AFCA205B6068B0A559569,1981-01-01 01:01:02,21976819,com.phy3sec,59,4,942304,2025-09-10 05:36:50.832687,play.google.com
B06EC34401ABB53C271834AEC6C74B3A1A5B89A2B543FBF79DA027058152F0C3,1981-01-01 01:01:02,4347432,com.uk.ama.informa.littdrugerruption,10005,3,8648680,2025-07-08 12:29:18.757151,play.google.com
B08C5FA2F3912C1E84DB645F8C7BF6C12D90D9343CB0FA464674840CD919D402,1981-01-01 01:01:02,144635141,air.com.playtika.slotomania,771090720,3,9366580,2025-08-05 17:08:48.757854,play.google.com
B0FC8098BA51DCB234EF1E35A55B2CF5B14A56A092B6A2370A7771CAD8003887,2008-02-29 02:33:46,46078616,com.badr.english2021,503,3,929332,2026-03-22 11:54:19.315014,play.google.com
B130C094A3FC78A251982B01BFF82C141BAD8A9ECDE8A7CE0349932B6B2C47CE,1981-01-01 01:01:02,88265468,com.herogame.gplay.kowtw,50070,4,9520520,2025-06-09 06:41:13.687900,play.google.com
B150502EC3E2BEA741BCF8604BC5FB73017C4D68E2E4C0DCD5BB9C7F1AF8C055,1981-01-01 01:01:02,30001978,gr.heron.myheron,2507280,3,7891432,2025-08-13 07:48:47.840704,play.google.com
B16431C3F5DCDFF6179AA017D0D47560A85178D178A77DF4B25700327CEE4891,1981-01-01 01:01:02,32524130,xp.powermachines.n5n6,17,3,5604228,2025-02-25 22:36:23.808836,play.google.com
B16AFF030A4F914BEBA44F8B56BCEB4ED573F00B19EC38BA14393BCADE0A7FA3,1981-01-01 01:01:02,18857933,com.torun.hero,12,3,7585684,2025-10-18 05:44:41.601080,play.google.com
B19920C827E3E67B4F11C906F42AB3380A2F0BAAF9C43A41008070588EA9A7FA,1981-01-01 01:01:02,10375495,io.mais.vida,4,3,2536128,2025-09-26 07:52:55.820708,play.google.com
B19DEFB54ECA10B528CF72B8464BF64145E3DBE54FDBE4725157C045087272D4,1981-01-01 01:01:02,12295529,com.androidbull.incognitobrowser.lite,630,3,7238652,2025-03-23 16:47:35.613069,play.google.com
B1A22189D41DF986466B45ECDC28E56810A272FDC20295A65F3F4FBBE4A5A37C,1981-01-01 01:01:02,12686712,com.shubhlaxmi.pivot.points,38,3,8196808,2025-08-19 04:14:27.621131,play.google.com
B1A90237D1CE36DB7B7A0DEA7D96BC6EE1FC24DB42D209ECF93468C35B90CA50,1981-01-01 01:01:02,15485539,aneh.my.ag4.injectod,9,4,247668,2025-10-07 14:13:34.139710,play.google.com
B1B721D5B232D1BD63B37E6926C33B4B54D166E21A2C2D4FBB3EEBCE8C2FC0D9,1981-01-01 01:01:02,8711622,com.hgbtok.zhou.gp,330,7,6094724,2025-11-03 00:52:38.953429,play.google.com
B1DA43D0EDD793E8916DD060B5A76421E59C4D4B87CE47499884117707B20670,1981-01-01 01:01:02,13853987,com.edupam.user.ictech02,6,3,2568028,2025-10-18 13:22:40.176202,play.google.com
B1DE9F45DF2A5BB0BD82367D96BBE43FE5E5BD0504531D2518F6A84E6D704111,1981-01-01 01:01:02,20615551,com.ewfaceapp,12,3,9234000,2025-10-08 10:17:07.796187,play.google.com
B1E55C0A411F82F62F4F4D05F2E867D1F5166349EB25229C086C6E9A16F357D5,1981-01-01 01:01:02,48324538,com.app.securekin,29,3,9269540,2026-04-18 20:01:56.439249,play.google.com
B1F1774D2DC988F00428F7DFFE8AA03C85D09DE56AD5942C715FB227E8C4CBE9,1981-01-01 01:01:02,7070234,com.adendev.rwaya22,3,4,5466484,2025-12-22 13:57:32.396715,play.google.com
B1F5CEE6E332F92AB711FA5541741DC7DCCF9C6C7EDC8CB025E5B6014F4F6825,1981-01-01 01:01:02,26604303,com.equipovision.evision2,4668,8,4588036,2025-08-05 08:28:29.120074,play.google.com
B2048A7476B7DC17551F57F426679AAE6A6D6AB8EA03B56AAE397992C3BF2E86,1981-01-01 01:01:02,14260597,com.shubhlaxmi.nsestockstrengthmeter,115,3,7116408,2025-08-28 01:44:23.751977,play.google.com
B20DCB20791593E225A5A42E49A5862C64B90D761009F704DBEB17E53676EAC3,1981-01-01 01:01:02,83998888,com.lianhezhuli.hyfit,170,3,9020688,2025-04-29 09:48:59.250006,play.google.com
B2138339792B1D6863363ADF282344F482DD6BB9276393B3BA4CEC7C296774C2,1981-01-01 01:01:02,4059205,google.android.a25,3,4,6566752,2025-09-10 16:08:21.714945,play.google.com
B22C095DA02DC241D9A61A39C5A418BCA304DBE64C59DF6A53807D960DB34023,1981-01-01 01:01:02,31125384,com.spinx.dev,101,7,247668,2025-08-09 06:59:47.832814,play.google.com
B26A59E01FAD95C2FE9BC9AFA553D9BD78D14975C13543A8B30E432AF06C0AE7,1981-01-01 01:01:02,11266892,com.routethis.networkanalyzer,260500000,3,8143420,2025-08-12 14:13:25.455450,play.google.com
B27ECC5071707A6D614368127ECFA31D5E9303B155F25E51A8784BFDCA239C25,1981-01-01 01:01:02,34514887,com.nimbusapp.allrecoveryfiles,5,3,9078936,2025-09-10 19:07:31.835609,play.google.com
B2A57570E64FC778DAE0903F8D2779A98C51D155DD2B1B04D6DC3A4087488783,1981-01-01 01:01:02,12610171,com.csgroup.ringtone,2026011014,4,8379408,2026-01-16 15:44:47.858013,play.google.com
B2A6AF102691D554B93EA5EB290462C752A8AD427AFF74257EC22B152C7C2465,1981-01-01 01:01:02,88126796,com.herogame.gplay.kowtw,50068,3,9520520,2025-03-31 08:21:45.383104,play.google.com
B2BD20E0A72BF7AE45416221B8F84372504EA75E9FF3057BF877EC215B224137,1981-01-01 01:01:02,32548270,vn.beehive.driver,250916010,6,9246352,2025-10-20 02:51:37.545985,play.google.com
B2D90684C5B72120AB81899EC4FFB10AB8CD03F1AC5432EB6C8C4D43FF455E8F,1981-01-01 01:01:02,30213834,com.webfic.novel,2511134,3,8591892,2025-09-02 19:13:07.019852,play.google.com
B380C92F446FEC0262121A0FCB9268AA9548C7085A7FB209FEB038166D74E610,1981-01-01 01:01:02,58989919,com.hidemyip.hideme,229,21,2350208,2026-05-11 06:09:07.844551,play.google.com
B3A7E10FD2FFA48B456DFD79B68130C193A9274BA4641F255E18B6261862B3F3,1981-01-01 01:01:02,199829523,com.craftworld.blockcrazy.vip3d,12,4,8837032,2025-08-11 23:42:59.363997,play.google.com
B3B0E8E38C69D9BE1AE86AF53E005490A3A7C982A0ED9C6A6869B4E6924E0473,1981-01-01 01:01:02,106107348,com.heshu.shanhaiprequel,13,3,4143640,2026-04-01 01:42:59.190243,play.google.com
B3F0BA99F8DC619609CD47CA0972C427544E0EC9C50DCD3EC3741963CA27313C,1981-01-01 01:01:02,111053078,com.andromo.dev391844.app756844,1017,5,7966636,2025-12-27 05:15:18.144142,play.google.com
B41FE07987F64060234E3DB306D20E506B63C2A18902A51A5885067CCE6D21E9,1981-01-01 01:01:02,31400100,com.giolivpro.shadeed,43,3,1892,2025-09-14 21:32:10.872226,play.google.com
B428EF90EA109CB9E6E6DA4145A9282E36BB52798CBAACD9AEF6BA918E184461,1981-01-01 01:01:02,6436195,org.followmychallenge.tracker,88,15,8824876,2025-09-11 02:16:41.392087,play.google.com
B42FB28F60055FDD1874A6F25A4F78DFF8931ED7DE859F01A8C8C71E8B4C8AD6,1981-01-01 01:01:02,72779716,com.iproxy.android,57701,16,8609204,2026-05-20 01:02:48.963222,play.google.com
B43E337FC4A4F34AD3F37A4E2905EF00178ABF54255EDD66FF30B6EF89DA1E79,1981-01-01 01:01:02,8338385,app.safecam,21,12,7221780,2025-06-02 16:51:56.807847,play.google.com
B44D2F99D27AAD0A371D08A0E2B028DAF21FD3D78747754AA492EC1ED8AFB98B,1981-01-01 01:01:02,18406327,uk.blueapps.motivations.success.speeches.mofos,1475,3,8779284,2025-08-27 02:47:30.824579,play.google.com
B47BC64E7B30797DD39A95AD25B19CB3BA0DEEBDE29BF213B7A1BCF7BAFD9D3C,1981-01-01 01:01:02,9925166,com.metax.browser,110502274,4,9129780,2025-11-16 23:18:14.325046,play.google.com
B4971C7ECC26C9682D6E1A8F9AC84B111D0918917CC7009A05FC600DEC1E6907,1981-01-01 01:01:02,11457678,br.com.w12.shadowapp,20809,3,6281276,2025-12-23 22:44:35.823944,play.google.com
B4B893ED3604263531E66E6D63E342AFDAF0013C34C3C61262E90DE0529591A5,1981-01-01 01:01:02,75590789,au.com.allhomes,90060,3,7605144,2025-08-12 10:34:22.318878,play.google.com
B4EF890F6F345ABDB02249CC15FEDEE90AC41662DF948AEC191979FB485EB350,1981-01-01 01:01:02,6637112,com.my.fakh45.alfadhaa313moh,200,3,247668,2025-10-06 20:11:57.854682,play.google.com
B50B78979D2FACBDDB4CD47B42A3CB1E17E910C233616DD5BAE75A04E3AF499D,1981-01-01 01:01:02,93183318,com.synpulse.pulse8app,156,5,7577896,2025-09-12 01:19:16.033016,play.google.com
B5426B147C46CC9F4A93169F262889B6F13F8F1D508EFC7E9D955E0D778BA051,1981-01-01 01:01:02,24571180,com.documentreader.free.viewer.all,10010709,3,8803720,2025-04-07 11:31:24.277215,play.google.com
B553B6E5CBAAA6ACAD61007C003EBB17D38E4F650AE5007817DD8972041DF1D0,1981-01-01 01:01:02,12672544,com.diacoipj.friendship,32,14,8464920,2025-08-17 15:47:17.256396,play.google.com
B559E30E2586537E78779455093DA164B98BABB02E2C4E8CB82766BD29F06288,1981-01-01 01:01:02,50995409,com.tfy.cila,57,3,9461720,2026-02-20 15:31:26.788810,play.google.com
B55DABF8DFE4AD7EA1441EAD83E07F0313A78F3505E57D426E4F428B7B7B6B9E,2021-12-29 19:12:28,47785011,com.simple.english.reader,46,4,6104564,2025-08-14 01:14:20.696845,play.google.com
B5A96FD3AD4FB4ED0F5A62720FC7A5233A4379312C30951E5AF4CB3543628761,1981-01-01 01:01:02,117728893,com.app.eos,300152004,3,8877680,2025-09-14 03:37:49.644167,play.google.com
B5C3051B5BEA12F25ACFFE9BA50AF60CFF1CF3A2722910BB7A9AC9B36075BCDC,1981-01-01 01:01:02,30999743,com.sleekp.sleekpoint,28,4,12980528,2025-05-30 18:20:58.960715,play.google.com
B67424AC2F41E4BBE72569332BCD45FFA157E495E79766BEA685F74707656FB1,1981-01-01 01:01:02,35737932,com.VortexAppx.LuxuryLogoMaker2023,25,4,4478568,2025-08-31 13:09:01.240694,play.google.com
B67FCE5E3BB4F473AF8D9F561EF0E404910DB0B7CFE6F0E1831E43A454CE1784,2023-02-10 12:03:14,44103578,com.lomolsoft.dict.iedict,230209,4,4497716,2025-07-09 21:12:42.771564,play.google.com
B6890BC2DEE9E52D72752B38A64B03128F7B836872200DEB7E505E9BD9CD9248,1981-01-01 01:01:02,6949496,com.isprint.usoclient,22,5,1803299,2025-10-19 15:53:12.857563,play.google.com
B69FFCE120EAE894315B506942FF93DD30B4B061AA562DDA01D08B565098BAF4,1981-01-01 01:01:02,39208505,com.my.fatoaa.khaat,200,3,247668,2025-08-16 10:27:56.512316,play.google.com
B6CC043DFF3DF9AFD91B3028B53C19086588DDE5C6F6C8CBB19ED4FC1691A639,1981-01-01 01:01:02,46032676,com.jago.digitalBanking,6381,3,13702176,2025-01-11 06:23:46.629040,play.google.com
B6DED5FAB1C58D86974EBCFD57D66B10D4E12E973C74CC4EF3994AD8F33476B5,1981-01-01 01:01:02,9010793,com.routethis.wightman,126001010,4,7221804,2025-04-30 03:43:14.368621,play.google.com
B72B73388F8843648B60814413DACAFD992223B7B44465C050D243E75CEA7C47,2022-01-27 14:27:56,47785515,com.simple.english.reader,48,3,6101200,2025-08-14 01:14:37.519566,play.google.com
B7656B8F1F8704AAD68327FDEE4685F259D413335148FA02AF928BDDF84344A3,1981-01-01 01:01:02,8477329,id.langit7.app,1,3,5466484,2025-08-08 06:17:51.461879,play.google.com
B78EA5C1FC1F5D13219280F02BAA93F0D8456519AEBF833485878F8FC4E89473,1981-01-01 01:01:02,4564755,eu.daan.werkenbij,7,3,2791712,2026-04-02 07:35:08.647899,play.google.com
B7A76B940146D3E1372B637A5A81AEFFB9675784954D732C864F784972AF1352,1981-01-01 01:01:02,26205064,com.smirnov.utilities.simple.code.reader.quiz,5,5,13130840,2025-09-07 09:55:41.725454,play.google.com
B7E28CA83B511E264D87BFE69D93B59818200BF0FBDAD7FBE349BEF078E7D339,1981-01-01 01:01:02,12214546,com.viewlive.shadeed,40,6,9649912,2025-10-15 03:22:20.863209,play.google.com
B7F9802F9184800024A76309345AFF30D327ECC1A6DD2FCB089F2BDB361105D0,1981-01-01 01:01:02,46466859,com.edupam.user.lbs,91,6,7355792,2025-08-08 22:46:20.868708,play.google.com
B80A8937F467BDB63FB686B458A6430EE1534C395DA4E4D0DEE270864600AC4F,1981-01-01 01:01:02,36313505,com.egd.MarsAlienRescue,1,3,7943932,2026-02-14 12:16:06.781629,play.google.com
B828C4F0E5F893E7180D11C431F2E1F34B586C7E61F9D2EA2C84EF5CC5170167,1981-01-01 01:01:02,64268053,com.ebos.ebos,504150055,6,7988696,2025-12-22 13:00:25.628126,play.google.com
B82E420416F9D79592DF4DDBDCF0CF33AD23E93F77B0E6D990890BAEF7D0716B,1981-01-01 01:01:02,21123347,com.hungama.myplay.activity,613,3,9388632,2025-02-23 23:56:30.675797,play.google.com
B85D38D05B9296D7F49027C40A296B437B12D1DB2A8E7E0DD2D781645B342DEC,1981-01-01 01:01:02,12894092,com.androidbull.incognitobrowser.lite,619,5,7243744,2025-01-10 08:36:25.998724,play.google.com
B8A6E2F9664ADFD666318A4D3B66E15D1917BD1FDFF8D6CAAC3858DE425BC963,1981-01-01 01:01:02,26400204,com.x.secret.browser,10108001,3,9037364,2025-03-27 19:01:16.207430,play.google.com
B8F5216FCBA85DB3B255F4013E716C2B375217CE99A8538204CD2FC7562E988A,1981-01-01 01:01:02,27142072,com.amfmph.aug_202308162050,3,3,8960892,2025-09-21 21:18:42.005191,play.google.com
B8FDDB5605BF6A41D9DB31AC2BEFBE7076AD748CD60B2DDEEFBAE48C45F4AAF0,1981-01-01 01:01:02,9447454,app.cybrook.viewer,3842,12,7868188,2025-08-12 03:02:11.478601,play.google.com
B90A3623B181958733F667030CC6C480D6A836A67EEA5A686AE8314545BB7B03,1981-01-01 01:01:02,7701458,uk.blueapps.gnt.audio.bible,1426,3,8418900,2026-04-27 05:32:29.453013,play.google.com
B90A788C6AF86FEFC46D6C706A49D9EC6508D4DC47B51547C51810AB9DDBB0C0,1981-01-01 01:01:02,19246064,com.app.uengage.umafoods,14,6,9590876,2025-06-04 19:24:27.327327,play.google.com
B9119493CC7E252BF0440C81D0AEB7118A7B243542A417E7C8F5ABED662F74FD,1981-01-01 01:01:02,109731835,com.duaqunut.alqunootoffline,1024,3,8513704,2025-10-20 06:26:03.058716,play.google.com
B930AA59ADB62F51356186AD5E5804C45D5CF7344BB46EF60B325636C9684430,1981-01-01 01:01:02,18227545,com.dar.pro,45,5,9550860,2025-10-08 09:51:41.121044,play.google.com
B9C7B1BD536CEBD0D329D61A09ECDDDCBB034D57573A67244DF0465FA81F7003,1981-01-01 01:01:02,72751424,io.cheelee.app,141,7,10624456,2025-09-07 02:25:30.424869,play.google.com
B9F37B47791951F4B19293F68F59027A8F88E6EC213ABF8647B98F9D8316478D,1981-01-01 01:01:02,4446429,kr.co.chamsule.smartonepass_forena,13775,3,2411776,2025-04-23 07:16:44.620159,play.google.com
BA30E205C4E06882499AB5B4849265ADC30164D8DB8DD1C67A2718EB63934B05,1981-01-01 01:01:02,84794332,sismobile.parsisplan.pt,330000229,7,8941020,2026-05-31 03:27:16.556023,play.google.com
BA37EF9F6503B0E0DCD166B2461493757ED951DE497F7E65935A131439CA5110,1981-01-01 01:01:02,21304980,uni.UNI72F100C,227,3,9173128,2025-03-21 06:06:00.593238,play.google.com
BA499C853B135B6866CEFCC5A92FC8E7662A5AF8897C60F2B50B52A8EED43A93,1981-01-01 01:01:02,29458870,com.backrobo.bc03global,3103,3,9123160,2025-10-18 10:47:40.325287,play.google.com
BA4CE8440E4947B465D5E54F566803795D8C88A1992BC57E36DE4E092B83F89D,1981-01-01 01:01:02,12542116,com.pinbus.app,10307,4,7833508,2025-09-16 18:05:14.826413,play.google.com
BA5373E12AFEEB8BF65F6325C6D5B2DE4EC01BAA7E3D9106E64E8FB05072F313,1981-01-01 01:01:02,40624724,com.HC.jecTo0r,19,4,643180,2025-09-02 15:50:56.257063,play.google.com
BA685AC3595FFAB82F4D501621D4D0E065D8A858519800064F3D417A1FBB6A46,1980-01-01 00:00:00,1817137,jp.co.axseed.bcagent,4030800,4,2191328,2025-09-17 02:39:09.228094,play.google.com
BA855577856DBFD501D641A85E985EBD46B21B83AD1DE1E43903CFAD4EDCF55F,1981-01-01 01:01:02,52300726,it.bigstudio.bigstudio3,3800002,3,7562348,2025-10-14 14:39:35.161681,play.google.com
BA86367884B36D1AF619D977356DFC8A977AE55D27AAA8EF0031B88F19FA4076,1981-01-01 01:01:02,45333299,com.ytransparent.localwallpaper.livectspop,5,4,8591384,2025-07-29 11:38:29.284437,play.google.com
BABAB73F97E3AEC8F7D958D70970245C92A94FE7413AE1D7E08A69FC596FB93D,1981-01-01 01:01:02,144235848,air.com.playtika.slotomania,771130020,3,9366644,2025-08-05 17:12:11.050615,play.google.com
BAF7F612670471BA2696CFCA16397C3DCB64FD7CABC1187669A76D64134FE505,1981-01-01 01:01:02,16696112,com.shubhlaxmi.pivot.calculator,23,3,7550840,2025-08-09 22:58:09.387374,play.google.com
BB0229BE53815938331AB546F705DB488021F087C7370CEA9C2A0C2ECBDEE75D,2021-11-15 17:42:26,52022006,com.apiture.xpressmobile.mbwimi.sub,1636997308,3,6491568,2025-09-19 07:55:29.308430,play.google.com
BB21E47F5325771BAAA11610BF5B80ADF7B3190C91867BD3565E593E21AF4EA0,1981-01-01 01:01:02,36656394,com.ahaworld.ahaworld,10219,4,9239483,2026-01-09 03:51:58.501955,play.google.com
BB3F6B904659653CA44C3A904B9823AA5EAD91ECE8C543756F42D3D5208C12BB,1981-01-01 01:01:02,9895203,com.keolot.printonator,12,7,8973692,2025-01-27 21:17:29.577749,play.google.com
BB410A7F742E0EB167331F949E79035A46E63ADC201776DDA8FABC17107C8533,1980-01-01 00:00:00,20557368,in.startv.hotstaronly,894,3,8964480,2025-09-13 03:46:13.091782,play.google.com
BC0409F1A25EA5AA66A1B18CCCD220517E5CE1BE77AB84C398690CC5F46A08EF,1981-01-01 01:01:02,107804610,itm.ma282.alpervin,50000,3,30442316,2025-09-11 05:19:39.048878,play.google.com
BC25D6DDCE77B1EDB65F882A57496D7B903F884C8080748194160BE21930BD7A,1981-01-01 01:01:02,170668142,com.andromo.dev391844.app376072,1022,12,8513704,2026-05-06 06:45:26.079657,play.google.com
BC38ED72A905F01B7A3EFCB4DDCC94BB4D1B97E43ED4E214FB3A1D72770F6861,1981-01-01 01:01:02,14480712,com.infoweise.vantagemdm.genterprise,46,5,8410268,2025-10-01 18:44:25.146745,play.google.com
BC8C35CFA1D8F436D519478A5D62E061D276A100422473B2ABB348C6E0F2061D,1981-01-01 01:01:02,6501177,co.median.android.breakn,6,3,3240632,2025-09-13 14:42:58.462054,play.google.com
BC9DE04E90F454CF5E5DD02181D588F3072C94F7BABAFEBF0421BE2C2B3CE2C6,1981-01-01 01:01:02,5447489,app.simple.goal.planner,2,4,3402764,2026-05-28 09:16:15.555568,play.google.com
BCFD22940CA58A5064C01346D8C41FAD302B219FFDDB1B5A119776C7F2FB8223,1980-01-01 00:00:00,26645517,com.keeson.sleepassistant,104,4,8749360,2025-09-14 12:40:46.915439,play.google.com
BD0D91830963811356687E1BDFE7219503569EF370660E3DF4560F0DC6D5E367,1980-01-01 00:00:00,2878301,net.justinkumpe.apps.uvt,14,13,5296,2025-10-15 09:46:03.036631,play.google.com
BD3563786D5A88E8179BAE0E62B535675A33F4A7441B3811C93A2E0A40CBEAA3,1981-01-01 01:01:02,88960347,bbl.intl.bambulab.com,5111,7,10628661,2025-11-03 17:01:18.923586,play.google.com
BD4F45310C34A3A51DE8524BE190626D7CBA272B5711E9894354E023928DFC20,1981-01-01 01:01:02,116447713,com.andromo.dev391844.app741676,1024,14,8652068,2026-05-16 09:09:56.722680,play.google.com
BD5BD8F58B4426496EB0F7882BCE342C2C61BF73F500FF209B35134ED580FBC5,2023-02-14 17:49:02,65578503,com.lomolsoft.language.learnenglishus,230209,3,4429616,2025-07-17 00:26:39.839421,play.google.com
BD5F0EA14B3A74E5AF744C527F3031A5BDD58A86FBCE009779C8FF5FB8A88DEB,1981-01-01 01:01:02,26502463,com.vm.injector,10,4,247668,2025-09-24 12:05:40.808005,play.google.com
BD6F313AAB0677016B0EBF951BC29481B680326F7F1258F1EC1AE461258C9CD2,1981-01-01 01:01:02,14709051,com.myguitarchord.app,8,3,247668,2026-01-12 12:03:47.244051,play.google.com
BD7F45FB63BE565374C199BE01065B2CB2DB949D24811F70058A934D47E849BD,1981-01-01 01:01:02,10233846,com.gisas.alsahabhh,6,4,5650852,2025-09-11 09:48:05.059914,play.google.com
BD935B2FEEEF1D56591C09FC9178AD94600913325917ADCBEFFD23D07F51D9B5,1981-01-01 01:01:02,19578711,com.gcm_call_sms_tracker.updated,27,22,9004644,2025-08-31 01:52:52.564344,play.google.com
BDCD00503A594020444D031D61468EEDABCA7DCAED36935A7F0643606BE8BC00,2024-10-11 15:57:36,11288799,com.kt.KtplayMobileApp,27,3,8664828,2025-04-17 08:18:37.226042,play.google.com
BDD58284BE63513C6AAB29EA189AD0964B6F6BBF4E441DFCC5D240D5E85B3229,1981-01-01 01:01:02,111516775,com.kareemtkb.husaryfullquranoffline.mushafmuallim,1023,8,7966636,2025-10-18 16:35:13.200830,play.google.com
BDE81815DC2DA3B5A4C508DFEAA2650628B5A1E4281FC8DC380860DD9718A55A,1981-01-01 01:01:02,10499781,com.metax.browser,110502396,7,7230416,2026-04-03 08:02:25.912441,play.google.com
BE029D8A99C6F26686E03746F8C64D01F233FE5E33064534B6D55F431DAEC4DE,1981-01-01 01:01:02,8250209,com.wealth.data.analyst,4,3,261020,2025-04-03 17:28:49.694807,play.google.com
BE4A9D3AF20D560DCF9FAD440B75B92A3ED09D16E6FC135AE21D09FEC5D1CC41,1981-01-01 01:01:02,23140527,com.quix.vpn.private.proxy,88,3,9820504,2025-08-15 14:36:15.806184,play.google.com
BE7B6864297ABD5A61BA13086591B8F4AB00B932ABBC25CA7502D36BD91E78D6,1981-01-01 01:01:02,48530569,com.fillcontracts,10519,3,8090540,2025-07-18 14:53:53.281835,play.google.com
BE859C53C2C42E0E0571DADFC5676074357CC04063E00B500C14F086C9483892,1981-01-01 01:01:02,14852672,ro.fleetmaster.fmmobile,169,3,8504848,2026-05-01 02:47:40.980553,play.google.com
BED3D68447996F9138E2FBAEABE8EEB36A370B342417A3F29669762B866FC64E,1981-01-01 01:01:02,3394505,com.flexapp.iiafc,340580003,3,2223600,2025-10-01 02:08:56.971552,play.google.com
BF1570721A40CAB267CAB4AF45B439E74824C9FEF02E85E56E12A2FBB07CCBE2,1981-01-01 01:01:02,7665668,com.cl.ezpeso,24,3,6948848,2025-01-13 07:32:20.725522,play.google.com
BF753F8EDB2242B1006C928B9DE1F48D7A87DB18195AA2E59A4F784EABA45D9C,1981-01-01 01:01:02,80764122,ng.com.fairmoney.fairmoney,502,3,9548560,2025-04-12 14:52:22.041857,play.google.com
BF890EEF753235EB93D2C7EF52C121ABA67DCD747764CDCF34B5182F1F6F73B6,1981-01-01 01:01:02,21326380,com.bambulab.cyberbrick,4042,4,8441690,2026-04-18 10:09:00.039040,play.google.com
BFA6DC516A4892AA21F5C7223819BBB91B96CF96795058E6872AA4FE7E9DB994,1981-01-01 01:01:02,8606462,uk.blueapps.don.moen.songs.videos,1333,3,8542280,2025-07-15 13:14:47.751503,play.google.com
BFF62FEB92DB5865D509B4ACB5676B3735DB714FA8B25B37A8E705BE532018BF,1981-01-01 01:01:02,48505691,com.fillcontracts,10212,4,8090460,2025-05-15 16:16:40.446315,play.google.com
BFF97C679226DCD9EB4782E7C07AA5B444D1188BCE326B0EA967485C586BB272,1981-01-01 01:01:02,26432147,com.s2m.yemenpost.customer.android,87,4,11457004,2026-04-04 19:16:07.156308,play.google.com
C08BD8AA288A4070CECBB1807A7E9B9446ABA92D04D741111FAFCB0ECF273903,1981-01-01 01:01:02,17156353,com.samiksha.tallytutorial,5,3,4811028,2025-09-19 10:36:12.167856,play.google.com
C0CAA458E8088FDA41B5AF98A75A8068AFFCE8C62066CC2FA6B13EDE8C4405D5,1981-01-01 01:01:02,29995011,com.chlegou.bitbot,77,5,9216816,2025-01-15 00:44:02.479201,play.google.com
C162EA66AD59E8C7C1C7D06C2215420B3DE643D457E638A4C0997F52832933AF,1981-01-01 01:01:02,17565424,com.ch1sec,66,3,1004920,2025-09-10 06:50:33.255369,play.google.com
C16574F5F5D4CB9B4AC71CACB9F493037A6A6D364981F96D7F36616D2F3B0D7A,1981-01-01 01:01:02,54102671,com.perception.soc.en,17147,10,3450756,2025-03-05 16:08:25.975717,play.google.com
C18516C19320CA8E6258B578F319B66609291D0DAEAA166F0E4CB041C77E232A,1981-01-01 01:01:02,21813704,photorecovery.videorecovery.filerecovery.recoverdeletedphotosvideos.novarecoverypro,53,3,9082668,2026-01-12 10:51:54.972355,play.google.com
C18E27BA4883DE97FA980528B774E565CFC77D7170C3720491ED2591F3C6D6A7,1981-01-01 01:01:02,91410287,com.suv.offroad.openworld,3,3,9754528,2026-05-03 22:30:52.757388,play.google.com
C19CCB56ABAF5CA5A0A1F7FFEF72232906243BB349FA1A08FCBCEE09F9757951,1981-01-01 01:01:02,38390115,com.RoyalsTech.BookCoverMaker2024,1,3,5226900,2025-10-18 06:13:44.511060,play.google.com
C1E0E712B09585D8B012FC1C92F1938AF058F5B9FC026B04668F6ABCCAD567F0,1981-01-01 01:01:02,8972405,app.seniorsafety,187,12,8158436,2026-03-11 07:44:18.007313,play.google.com
C1EB3C60172BF0A0B767E3B8772C7B325C7594824CA61E63F44A45F1EF595DC2,1981-01-01 01:01:02,39443444,io.cheelee.app,131,4,14981251,2025-07-12 09:57:35.164615,play.google.com
C224404C96C0A88CA640CFBAE43D6CC119C25773382B14E8E9A3B6748945FA82,1981-01-01 01:01:02,17415041,com.Slbazer.Craftsman4,972000044,10,9758040,2025-08-06 15:51:20.481746,play.google.com
C24C9BA83F98309B4E46E071EC3627C7660AEAB8F7CBCD684B97A6D3A339922A,1981-01-01 01:01:02,99711077,cute.kitten.wlp,1,3,8290996,2025-08-12 07:49:33.654462,play.google.com
C25BBE7B53CCBE990133C74ED34CDD37B3079A31A95233D33DC5C709C1B1F3B7,1981-01-01 01:01:02,59921972,com.wondershare.drfoneapp,900,3,9224752,2025-08-05 16:54:38.428316,play.google.com
C263989E4AE6FEC6D19937A3A5F3F49DA4F1AB6C3D2DFA9F5AADD78AA1FA737B,1981-01-01 01:01:02,46040975,com.Slbazer.Craftsman4,972112404,3,126560,2026-01-14 04:20:48.373159,play.google.com
C28ACF96445F29E087CDCB503295680E72C713D8EFAE8C070C8FB2D5C6C52B8B,1981-01-01 01:01:02,9055460,com.hj.watchtime,10,3,5466484,2026-01-07 11:11:12.759398,play.google.com
C2C255009E45B484FB169D671D97074CE6443F61892E10F07F21ED8828D8AE91,1980-01-01 00:00:00,9889230,com.katakatasedihmenyentuhhatibanget.insurancelifeandtrandingforex,10,3,8397908,2026-01-14 07:43:53.218886,play.google.com
C2CA95845C2496AA3D2FC8A372F3C93D3C4F8808DF5F9CB4473044A654012A80,1981-01-01 01:01:02,16700301,com.torun.hero,7,3,7457192,2025-09-08 14:18:15.540937,play.google.com
C2CB55EE9B0BA6312C10EFE849B4C97BEC2CC8964B80E1B00A82B1F9AB516FD5,1981-01-01 01:01:02,72174019,com.think.earth,2375,3,10821632,2025-08-28 19:05:07.012022,play.google.com
C2D790FAA3CC4FD8BA11EC254B0E4DDB393B4AD94B7EF9830DD125AD790AB29E,1981-01-01 01:01:02,103776209,com.benqu.wuta,632,27,9163888,2025-08-04 17:51:10.013838,play.google.com
C2F769B5AF471F96CEE767BF2AE049550A7228D2F9684BACE76DBD5B58F3278B,1981-01-01 01:01:02,28955805,com.best.quick.browser,10202001,3,8938452,2025-02-27 00:33:29.065629,play.google.com
C3060D967F74426D2E0F3F72F2321AB69C54826425EBCBB926B5E01CFCD3918E,1981-01-01 01:01:02,140370201,com.andromo.dev391844.app756821,1019,15,7966636,2026-04-03 11:35:09.719769,play.google.com
C306B8BB67DA73B6452581C771BE669C437244EE95A182B79AC3794CE39E2673,1981-01-01 01:01:02,2497927,com.update.wificlass,15,3,1282960,2025-09-19 01:50:18.740424,play.google.com
C3135D3B194244AC6AAB1FDD7946921D74893BE9BE14DE76D86EF78BB24C27CB,1981-01-01 01:01:02,27102270,com.bgm.gfx,184,4,7153956,2026-01-14 05:48:03.263724,play.google.com
C324CA0537C47F3689B44A64510D6294FCCDA2323334EC773D979FD925E7CF58,1981-01-01 01:01:02,5081829,com.collapsar.sakwila.derivative,9,11,7847804,2026-04-11 04:02:48.009637,play.google.com
C365F7B7BB600B1F02EF6B6757347A8360FFFC200816CFEBBDC38B9B505D728F,1981-01-01 01:01:02,35006825,com.pth.themes.phone,1451,3,8185592,2025-07-30 04:44:24.334820,play.google.com
C3682A1C0961CEE41E6B786E948E5241F856830D38FF668EB41A0F2684B3FF17,1981-01-01 01:01:02,50282918,pro.protector.applock,27,3,8826412,2025-09-18 16:27:08.916630,play.google.com
C374684EB1CFB42573973EE3C085AFBC69E98F6CD879CEEF3D9EA6C16AD79608,1981-01-01 01:01:02,9340833,com.soomapps.screenmirroring,101,3,4929288,2025-06-02 12:44:26.532220,play.google.com
C37A5BCCE74BA384EBC046D71C82B54A8E201506987000946C2939028FF67171,1981-01-01 01:01:02,1982729,org.il.mashkanta.loancalculator,4,4,1266508,2025-06-15 16:15:02.272358,play.google.com
C37DB8B69A9C94D2E990A247DCB7989B29B5429010BEA6C1D9E7634392734D89,1981-01-01 01:01:02,7101468,com.peyman.dateconvert,79,3,8085956,2025-08-05 02:30:21.594993,play.google.com
C393A4084710DC1F8270179FEE5965427ED5378C4071BEECBB0D5570AD603034,1981-01-01 01:01:02,62185522,kz.home.capp,957,3,9478700,2025-08-29 10:13:54.747101,play.google.com
C3AA92D040D901441380BCDF2F7310B3D5ED0F7EC240705C0F06EBED77AD280D,1981-01-01 01:01:02,99903829,de.langsoftware.bcpill,54,3,30958052,2025-09-11 12:32:42.600364,play.google.com
C3DEACBA5AEB1A25AF72187455EEEB3F61D2A83939534F0FAC26D8258968161C,1981-01-01 01:01:02,5671436,com.showami.showamiapp,94,3,8678520,2025-09-20 00:23:33.384999,play.google.com
C40B2DB380BFB6D4D6D51636E41EE3612B2D4BEE66D95D6C86DFBC0BAD1B251A,1981-01-01 01:01:02,63574315,com.facishare.fsplay,955021,5,8894852,2025-07-16 09:40:43.295804,play.google.com
C428FADAF17316B80409D983DDE70596306C65DF84AF3E99E9B5C6A493128C8E,1981-01-01 01:01:02,66815577,com.ezonwatch.android4g2,25110401,3,7389548,2025-11-13 00:42:02.190056,play.google.com
C4427F6FF8A69063DDC0697EEDCBE1FC34BB197FA6690FC5954D7005B91D14DD,1981-01-01 01:01:02,21579450,app.bhupesh.armorking.tanglefree,102,5,8677768,2025-06-08 10:57:54.523786,play.google.com
C467443D91D97799863EB7A712A970A2E475B611C76EB7C609DE6C176C8B754A,1981-01-01 01:01:02,12509841,com.bestzippers.gold.lockscreen.zipper,100,3,6723244,2025-06-28 05:52:17.040476,play.google.com
C47505613EEA3B5619FCBEA89F9A4BAEBA34A11F10ECF19F9AD38DA96C60487C,1980-01-01 00:00:00,6471245,com.keeson.restonic,16,3,7449372,2025-10-20 03:54:55.898411,play.google.com
C4836F181EA3953C08CCFB2245B57772BED682F9BE781255E2744B29787D2241,1981-01-01 01:01:02,2085831,it.babyloncloud.alma_tv,11,3,1144552,2026-04-14 22:21:19.814955,play.google.com
C4BA0ED9A3DC6FD99A38B3278BC51CF0DEC850CC295EE378A40E340FAD23CDB1,1981-01-01 01:01:02,108173250,itm.ma914.kbht,50003,3,30459200,2025-09-10 06:12:20.038096,play.google.com
C50256DE0646B58CD144BB98A56C3CFC7E3ECFCB7A6A8572981BC6F6F06A9333,1981-01-01 01:01:02,13411470,jiHello.ShoppingList,56,4,9293220,2025-12-15 21:26:01.603141,play.google.com
C51EF8A93A1A1CD37D1A6AE975AA8970963B0D0D12766C421F2769A6DA3EAAD2,1981-01-01 01:01:02,11249986,com.eroblan,110,3,7032992,2025-10-16 13:57:45.486587,play.google.com
C523338ED8DC61D10FC3CF30D01372D25EB333C5A68F9324930A9C04C62A1F8A,1981-01-01 01:01:02,13857032,net.atntechnology.TaxiVaWallet,5,6,5965918,2025-09-19 00:36:05.186589,play.google.com
C52C7EB370EB6A41B90A15968DBA52538EE844FB05C857100B2204A3507820CA,1981-01-01 01:01:02,47853473,com.minireels.shortdrama,45,3,9315976,2025-08-16 19:38:14.100304,play.google.com
C541695D61C59CB908BA7C52C91730DBB2F7C71B2EE78A34F42E3363F5F24301,1981-01-01 01:01:02,6606395,com.adendev.rwaya25,4,4,5466484,2025-08-06 09:15:57.694909,play.google.com
C5EFEDED6FD158B595E36C7013086184BC9096D893A0243806DCF562D34BA5A1,1981-01-01 01:01:02,12600338,com.snv.biologie,10400,3,6154700,2025-02-03 15:21:35.233851,play.google.com
C5F969CD5D16FA0EEE499D832C4F80AA7D9B355EAD9CE2381B78243F484F580C,1981-01-01 01:01:02,5645797,com.legendsgtawallpapers,7,5,8395445,2026-05-30 04:34:29.348845,play.google.com
C653ED1C6E0AB7225D25178394360142820EE9775713B692485E24948458F907,1981-01-01 01:01:02,139434124,com.andromo.dev391844.app567093,1008,6,6912948,2026-02-26 09:04:31.776548,play.google.com
C66F91BBE958DC51661BDD4586C1FCE57417C6D71C975D413BB497B32319E57D,1981-01-01 01:01:02,23470351,com.tutuai.app,1050003,3,8237716,2025-05-26 01:28:19.653896,play.google.com
C6796F49B8897DCD0962443AA0183EF4C4E674EEDDDDEE0A612864E56073C988,1981-01-01 01:01:02,12764884,com.csgroup.ringtone,2025122414,3,9369364,2025-12-29 03:08:09.345478,play.google.com
C67D0C1C6DE73033F1EF86EA884B8C807708096025C7357DBF7337D58ABF9501,1981-01-01 01:01:02,60204993,com.gygefd.junkzap,2,3,9930549,2025-09-21 19:37:33.275650,play.google.com
C67EAF9476427FF6339E43C5CBDCC747323A4B53C96D8872A7F7435018C8619A,1980-01-01 00:00:00,18914831,in.startv.hotstaronly,1008,3,9474016,2025-09-13 03:48:02.815790,play.google.com
C6C0C1F491DA3C526E0CEE4FE799B6850954EB697863974197AEA59441DD871C,1981-01-01 01:01:02,40471252,com.hrs.decibelmobilesolution,457,3,10106868,2026-01-12 19:24:15.793374,play.google.com
C6C85F13A30FB7A144100B1912DFEAA0FF506F6C24BB943C3A3AD49BC0213420,1981-01-01 01:01:02,73207787,pro.cleaner.fore.breeze,7,4,9754283,2025-08-31 10:26:33.789714,play.google.com
C72B13EA9A0EDBC38A5967950554003B973E2D3D9DF9E36EF9612043BDE4423B,1981-01-01 01:01:02,18409597,com.krishmamanpower.kneat,1,8,9351144,2025-09-13 13:30:33.879254,play.google.com
C73DC4C48BFFE34FCD44CA75974D1FBCD08651EE93051DDC043EDBFB0255235C,1981-01-01 01:01:02,12184031,com.rvx.microdrama,39,3,8275144,2025-07-03 09:20:55.167126,play.google.com
C7906162B1A3E3D4572D4AD104E755E04D590AEA81A3E130798EFCB5846D9B7E,1981-01-01 01:01:02,1051613,com.carsoriginal.ifajrus,20,12,1694804,2025-09-07 08:02:05.269844,play.google.com
C7D51F4E525491FBA2F9DFA4F0FD3845C9A775897AB5F7D16E33A7A4215EB581,1981-01-01 01:01:02,58505914,com.telugueasybible,7,3,9056468,2026-03-08 14:32:57.059716,play.google.com
C80BEF800995D7D618923AC1DD8A062A936251B8CB1259F17BED99D2AF82C670,1981-01-01 01:01:02,34940096,com.newreading.goodreels,2442044,3,8729300,2025-07-31 23:31:19.606561,play.google.com
C81CD7FAF7A4A13BF5C55A791E6D30E9C2941A5FBFADAA9DE242C18B04D06F23,1981-01-01 01:01:02,40435541,net.wsapps.polyphonicmania,12,3,5242664,2025-08-31 00:29:05.236483,play.google.com
C846E6132BD2D03ECA47A7E1F69445E419D761D0B4EE252ABDE323DAD9E0C222,1981-01-01 01:01:02,5194917,com.store.on,20034,3,9484828,2025-01-27 16:06:18.198961,play.google.com
C8643FC7CC7DAB94D376A743E7BFC4A41392EFC9C9A987D80A37750CA8A5530E,1980-01-01 00:00:00,5710249,com.keeson.restonic,3,3,7326468,2025-10-17 04:44:07.222690,play.google.com
C86DD96744AD1D590BC417687BF1075A71914CFDDB7F64B04E2829EC299F90EA,1981-01-01 01:01:02,43444435,com.freshen.upclean,3,4,9786028,2025-08-15 18:12:19.043868,play.google.com
C86E8BE3003A733EC1B0E83AE690FEEC60C5E249B60CA477028C4F63DF38B6CF,1981-01-01 01:01:02,8494791,com.smartx.hub.loneworkermobile,8,4,7268864,2026-04-17 09:44:54.380464,play.google.com
C889851C3DA1D29BF405F7C6A5787D0F120607A585C987FC7D19260AAD19C0EF,1981-01-01 01:01:02,5759307,com.sbi.allswell,11,3,7653500,2025-09-10 22:25:50.046586,play.google.com
C8B599E7D6537535CD41315F058A72D3B76BF43297EE3B008CB364EC8A0EA174,1981-01-01 01:01:02,114193125,com.riot.hsjz.yijie,22,6,2384440,2025-08-09 12:39:59.676763,play.google.com
C8BBF7DB380FD06C920A71B55E585B346BDEF47C77D66024DEC06121271795CE,1981-01-01 01:01:02,122373115,com.love.vone,467,4,14187692,2025-08-15 21:09:52.347575,play.google.com
C91DCBC82F94872B1B31C48BAAD31F5755277F6D01BA16FA1769E2CD0F15E922,1981-01-01 01:01:02,8165853,com.infoweise.vantagemdm.genterprise,44,9,4796796,2025-09-30 23:09:13.795939,play.google.com
C970ADE151A945A55B385041881256F4D2312B6BB4FB279762BDFE24318AD1F3,1981-01-01 01:01:02,2236167,net.cubosoft.utilidades_pantalla,3,8,1237184,2025-09-10 10:13:45.087189,play.google.com
C9734F3D7593AB805AD7A9DF81147C8DF5DCE4D1829E4398397B6226021441DF,1981-01-01 01:01:02,4376127,com.my.dthaaf34.alansaan.amam313,200,4,247668,2025-08-16 09:40:31.001772,play.google.com
C97C55881DD4284476A36E7B1AC0B044419FAFD2BB29BCBF01E995F6E03E33D0,1981-01-01 01:01:02,26793051,com.coopresapps.free.antivirus,110,14,7939012,2025-10-11 08:22:01.729879,play.google.com
C9C2EEFE5EC4EEAD964768BD544AD7BDE88A01874BCBD4887AA2B68DC517DC18,1981-01-01 01:01:02,29689629,com.ce.android.brand.hottable,157,3,11281988,2025-09-19 13:09:18.763323,play.google.com
C9E39F70A4596DDD3CC4D7A9282CBC5E9B803F293213287B32C012ED64B3F70C,1981-01-01 01:01:02,27378858,com.alldocument.focus,1104,3,8033596,2025-02-03 14:57:13.847404,play.google.com
C9FC193E480643B9C9853C1956AF6ECE4826CF8C29BAF63F7A9A64BC864C3611,2021-11-18 13:18:22,52079352,com.apiture.xpressmobile.szsbmcm.sub,1637240600,3,6907656,2025-10-06 05:19:54.652662,play.google.com
CA139DF9DCCCDEA8A5CFBE46F51159BE8F5E72DB14537AD5568CB74B31D513D5,1981-01-01 01:01:02,3871209,bar.harmonica.app,29,8,11476,2026-05-08 00:13:49.597935,play.google.com
CA52826477CAEB84BFFF14B986CD6729DC894AB5017E8E6F3339A1F03DB0536A,1981-01-01 01:01:02,38021008,com.app.uengage.sitaramdiwanchand,9,4,8853376,2025-08-28 19:36:04.535857,play.google.com
CA5E13E488DD24EDAA8CD78D3521B8284251665A343240848B590449CFE0C513,1981-01-01 01:01:02,11851687,uk.blueapps.joycemeyer.podcastplayer,1540,3,8563696,2026-04-28 19:10:41.373781,play.google.com
CA682D69982FADE7695F52918169FE9AE6904AEC98395233452A4F3B82AD4097,1981-01-01 01:01:02,20860733,com.aizu.lite,3,3,9300732,2025-10-14 14:12:47.229257,play.google.com
CA921F4AD6AFB5B86FC55C10FF71220E9564A4C4A1690AF7C2A9576C16BF7E95,1981-01-01 01:01:02,6764471,io.flatcircle.runwaysaleandroid,181,3,4262796,2025-11-21 10:32:05.125881,play.google.com
CAA46671069E9E03F3EF4E489A6EE26FAC0BB3A6CF1564B82A11F3C2915159A4,1981-01-01 01:01:02,121839309,net.feelbit.fr,182,4,11791148,2025-10-19 11:09:37.579386,play.google.com
CB0EA42397593F81104608EE46647D5DCE4FAEC40FB07D2652D983A1A4B03DF3,1981-01-01 01:01:02,55243103,com.my.civilprogs,5,3,5466484,2025-09-29 18:19:41.583775,play.google.com
CB40DD98C9763FC89E851752401055FA02D611FBDE0AAFA669CADC9D3E2513A7,1981-01-01 01:01:02,120075191,com.mynecraft.miniworldcraft.adventurebuilding.survivalcrafting.mastercraft,25,5,8051068,2025-09-28 20:30:42.807217,play.google.com
CB4E8AB7CF0948A28075F4C6230920786013C08D69B81131C982C7F26B0CB484,1981-01-01 01:01:02,72532927,com.iproxy.android,57601,16,8622140,2026-03-31 20:39:53.492447,play.google.com
CB5EFD69EE3F0CA2F17E1EABAA8056ECD48ACE7C56D6E286FEA6720F68C44016,1981-01-01 01:01:02,36857098,com.ahaworld.ahaworld,10223,4,9239483,2026-02-14 06:24:36.613934,play.google.com
CB60F8F523BEA608ECC55074C0D84AF5BF1BFC052B51118A2618B3DAA8DBADE2,1981-01-01 01:01:02,21595379,com.bitubix.app,1,3,8707060,2025-08-15 21:12:00.939594,play.google.com
CB65F025DCCE5BBA753743B284F5FBED07D46F38E3B1DB9BB7AE6BB43301CC31,2024-02-02 10:05:34,97593596,com.tangerine.live.cake,220,4,11139632,2025-08-12 01:12:05.223893,play.google.com
CB8AD947DFED5DED907075C95D8B5FCA406A0D184133DFAFBAC106E5C24EB0F1,1981-01-01 01:01:02,72500134,com.huawo.heyplus,29,4,9247444,2025-06-19 08:10:11.556133,play.google.com
CBC67A54CD063C9995AAC369C4114525552A04E49B9080B8C8FF39164890861C,1981-01-01 01:01:02,8211679,in.deshbhakti.song.geet.hindilyrics,7,3,5466484,2025-03-08 12:35:00.262296,play.google.com
CBDCF6D77FFF1ACFB587B37E415E6357E444A18F6CC25525B1BBAB68B7D5062F,1981-01-01 01:01:02,27861128,com.best.quick.browser,10206000,3,8599000,2025-07-18 09:25:36.687478,play.google.com
CBDE1C3D92486874CD00E67BD5E14DB7EF57491E9D11582098C3C5CCF04B6910,1981-01-01 01:01:02,51438120,com.tfy.cila,47,3,8872928,2025-09-15 01:09:36.780963,play.google.com
CBEC9F928A1749483DC61864F3B2C58C261E5133B799035E110B4BA237C1002B,1981-01-01 01:01:02,7490832,by.soft.garageapp,10021,3,8805424,2026-04-16 08:21:34.871729,play.google.com
CBF4883F3BCD3CD8ADD179FD5A995AABCA35395CA37E6B9A341ADA1C7DBE83E5,1981-01-01 01:01:02,74881858,com.craftsman.city,981825353,4,8730876,2025-08-10 02:53:39.388559,play.google.com
CBFD862F4AD705C496B5B06916E5A0EF3B6326978FB9A4F6A0AE02668AC90869,1980-01-01 00:00:00,3710527,com.flexapp.mobildev.acil.care,33982,3,3782356,2025-01-03 07:29:09.919432,play.google.com
CC0C98669C660310E607243389D483D1FDD174C497B391D7694401D1C3DBEFD0,1981-01-01 01:01:02,19093409,ana.muslim,50,4,656604,2025-10-04 02:55:53.615124,play.google.com
CC16700F97F1B245536682A913D1564F0B422683F5B2DD22ACEF82BDC2E55118,1981-01-01 01:01:02,28017893,com.alldocument.hubhub,1122,3,8018972,2025-03-09 16:06:45.264880,play.google.com
CC27483F0E633FB6C4AD3120FEFB01DD068A191C401C97B3A0832FBEEC223A97,1981-01-01 01:01:02,1839263,kr.co.expos.food.cloudasp,10,4,1221968,2025-05-18 07:20:19.876769,play.google.com
CC41C504CC2C78192D95E3CFF14EC7A3F823235B14A01C8EE956D292763610AD,1980-01-01 00:00:00,45470635,com.fibrum.ghostsvr,7,6,915432,2025-06-06 15:42:45.153809,play.google.com
CCAA6F5477AD99E8983C5957BF8F89871100B0400A2619311B83B5E3BE9FA927,1981-01-01 01:01:02,32388679,com.voice.ai.deep.translate,10101001,3,8573616,2025-04-21 22:36:52.866812,play.google.com
CCB352767F592EE29E305661832DF727DFA3DD71A2CD6F94FCED0E75B4A4337E,1981-01-01 01:01:02,123649143,com.andromo.dev391844.app412828,1023,7,7966636,2025-12-26 09:10:39.898338,play.google.com
CCB6FA8FF22344F2C3B381B8324FA30B87115F0E281E6D6CF000DD470F47867D,1981-01-01 01:01:02,65784132,com.gprosper.haitiancreolebible,151,3,30365644,2026-05-26 20:14:50.436432,play.google.com
CCD8D5B130F7AF22524680169AA35C1FF069AC661F9AD99786D97E5AFDB659A8,1981-01-01 01:01:02,2786409,com.tanisca.parking,23,3,2028824,2025-10-13 21:52:39.798404,play.google.com
CD0121EC7630C8536315B0B107AAA11A3316237B64ED2E4F03358DCE51A91D06,1981-01-01 01:01:02,76694010,com.szfcar.toptekk.mobile,14,3,7458080,2025-08-10 15:08:46.852117,play.google.com
CD36249A1886766722946900B4AA71992AA578F6BF9C47AFFF615C4921F97324,1981-01-01 01:01:02,6885833,com.name21.necklace,23,3,923456,2026-04-21 06:55:01.313162,play.google.com
CD54DDAFA6D69411941F4EDA0A55AF41DAB890C0ADBD4CA213E1CB37FE5C70DF,1981-01-01 01:01:02,9274352,com.app.noxsity,10,6,5466484,2025-12-25 16:21:12.856784,play.google.com
CD7F1352A716D4568D0105F09E174B183C3D43775F5C2FA48182B1499E98E80E,1981-01-01 01:01:02,50565086,boxnmove.mover.driver,149,4,8879412,2025-09-02 13:36:29.560289,play.google.com
CDE2A601A2E6FDDCBFD32A84923029F04A7EED11C2B0604263FB5E5C47BEE1F5,1981-01-01 01:01:02,16184005,com.moojiang.bigbigwon.manasseh,1,3,91132,2025-08-08 02:40:05.439905,play.google.com
CDFF7F8BE233FFE04DB015C90197B60371B5D1C4669B5E0B9AEA0CEF1D65E666,1981-01-01 01:01:02,145291990,air.com.playtika.slotomania,770970020,3,9220872,2025-08-05 17:00:25.747760,play.google.com
CE11A504856703D1D5C44CB1D34D3237E7E57FC64D4539D42D4BC6B302789723,1981-01-01 01:01:02,36391307,com.app.uengage.slicelinepizza,6,6,9389760,2025-08-09 14:08:23.958274,play.google.com
CE2F354BFF5EACA8FFE01CD67D9C91F602B24E478866CD91C260729B0CF34F53,1981-01-01 01:01:02,42814683,com.craft.redstonesystemcraftbuilding,2,3,9173576,2025-09-13 02:11:28.979139,play.google.com
CE4248F3EE47F0F51971A5F4B2705C730E31684544E971FBC98E5C16F5F8EC5E,1981-01-01 01:01:02,125181758,com.love.vone,471,3,14190208,2025-08-05 22:04:54.467665,play.google.com
CEB7CE395EDA9EBDE492F7252B47C7E01FED77959A0E28D78CDBE10721B0273B,1981-01-01 01:01:02,121707912,com.klondike.zombie.townsurvival,543,4,9783924,2025-09-08 12:54:44.518550,play.google.com
CEC782D9106623E493CF2A57184404219D1D57F5FF2BEABF752A9C9B1C15B08E,1981-01-01 01:01:02,10507806,com.metax.browser,110502408,17,7223240,2026-04-29 04:16:52.946040,play.google.com
CEDCF21E904088F6400FDD52287B6B3F8C1CB05DCF19D686276DAC57C9B98EED,1981-01-01 01:01:02,6374174,app.childsafetytracker,55,7,7728364,2025-01-31 08:58:37.125196,play.google.com
CEF0CCFA5F537282780269B1B7482B7137A4A910C3DCF123F73F1E55EA449B3F,1981-01-01 01:01:02,23563846,com.chatease.prankwalls,1,4,2887644,2025-09-10 03:22:41.258063,play.google.com
CF09FB803997111AB859F505AB6C6E8AF9780B6E6EF23A0F4D802D7F69C75649,1981-01-01 01:01:02,94727426,com.kareemtkb.khalifahaltunaiji.mushafmuallim,1020,3,7966636,2025-10-18 22:02:17.992683,play.google.com
CF1EC3CA049E93A24CDB500B320CBE6EDF7EE41AB7A0DB9D4CC831C6ED39F010,1981-01-01 01:01:02,42532058,air.com.playtika.slotomania,771360220,3,9743168,2025-08-05 17:19:57.739298,play.google.com
CF6806C41016F31209E08ABD2E708B71CED2EA7A1C6DF57D26DF400C048A4BBB,1981-01-01 01:01:02,3771420,thisaislan.qrgame,10002,3,8216420,2026-04-03 14:42:18.704666,play.google.com
CF76A340AA572731BE76ADE3D813CE717585A397041418A7219FF45F2DD018D1,1981-01-01 01:01:02,19573861,com.nationaledtech.Boomerang,1496,3,7675824,2026-05-14 19:59:24.556385,play.google.com
CF9E6854C2168B5849AEC71EDA57341A2E13EE68A9D3D88815F2F941FD568B70,1981-01-01 01:01:02,111715066,fun.bluewhale.mengling,10,3,9221272,2026-03-31 18:43:03.081351,play.google.com
CFC34842C2850BC25D933058E868FCC0074CA451B4A7D1C5D78C60178394C52D,1981-01-01 01:01:02,107680381,com.bekids.kaka,18,3,11086531,2025-08-08 17:54:49.739235,play.google.com
CFF73DE12097042242822B9CAE21360E82BA1BC8F33031E2297CD55C86ADAE67,1981-01-01 01:01:02,8876353,com.akomovies.app,18,12,247668,2025-08-08 07:13:36.750262,play.google.com
D0266D79A91F654552CB08795E33E089412F0319C3D65085AD9DB20B3008491F,1981-01-01 01:01:02,74693442,com.craftsmansuper.craft,121053,3,8730876,2025-07-14 18:46:47.040226,play.google.com
D034401DCF94FEDFF95C60F44588B6D98E42E1E3A94104F8571872A2B4B2F47A,1981-01-01 01:01:02,8490243,co.paynexz.psng,4,3,5390416,2025-10-09 23:10:36.678227,play.google.com
D057D48A0491F200D134012502755D37874FF485B086D83E1E2EFFF65D21AF19,1981-01-01 01:01:02,17529226,uk.blueapps.john.macarthur.sermons,1330,3,8794284,2025-08-14 21:24:04.839752,play.google.com
D0A6316F5578DDBE1686F1813B2E15E63358B803D6E40CA7687C0D9099EA4F5C,1981-01-01 01:01:02,143251348,air.com.playtika.slotomania,771061520,3,9366544,2025-08-05 17:04:28.082758,play.google.com
D0DBDFFA12F8F450712C8CE0CF5CA99066127C09183E52E49D30362FAF89DB0C,1981-01-01 01:01:02,23012837,com.shubhlaxmiinvestmentgmailcom.gannsquareofninecalculator,175,3,7633840,2025-09-18 16:22:00.791163,play.google.com
D0E6F3B23E2CFFD627CA42F4B64EE12AE42B682793F51DA3CD4418BCF7CD85A4,1981-01-01 01:01:02,12775843,com.pinbus.app,10404,4,7833508,2025-09-16 18:06:22.240937,play.google.com
D0F70A8CBB95878FD0CB33482C999D689E3821FE747429A1C48D3DB385FC4956,1981-01-01 01:01:02,71382090,com.tencent.qqlivei18n,17230,3,14468204,2026-03-17 20:02:18.667506,play.google.com
D0FC66E7C61AF970D1A02C4A9807687ECE98406F8DD62E91389923DDE40AE356,1981-01-01 01:01:02,39083557,com.abstractsoft.hybridanimals,200627,3,8492380,2025-11-10 11:08:39.355235,play.google.com
D109993930E879C71117E43AA68D05BA4C5A8362BF709CE5B6ABEF83D4D59167,1981-01-01 01:01:02,62428293,in.hanafintech,71,3,48301760,2025-08-15 05:48:09.356437,play.google.com
D13D1FE87D7F25027F396F5968B185DE75FFF0C1EF53A8E792BA60185835C1AC,1981-01-01 01:01:02,7898558,com.ramalanzodiak.bstudio,6,13,6636028,2025-08-06 05:52:26.113048,play.google.com
D147DF467481CCD4D138B14D57012A0D172E3760476FEDD45FC5E80980ECC9BE,1981-01-01 01:01:02,94040870,ljm.course.app,10097,4,3503408,2025-03-04 05:44:58.541216,play.google.com
D17BA768D6E0E5D98EB772CF832D7443BA9D66E2317248F238A0CDCF243B9A93,2024-10-21 10:48:18,24820167,com.medtrum.easyfollowforandroidmg,112,5,10020864,2026-02-28 00:49:51.401895,play.google.com
D17C5DAE99257D89753B0A4C4B2F9073B1A88708D5CBF395702FCEEA84221E10,1981-01-01 01:01:02,58115409,com.tfy.cila,62,3,9639912,2026-04-16 19:18:24.917222,play.google.com
D1B27D50F8E9583E1AB8FAE883904A77BBCA13CE230A8386848B0A2A4A65A12E,2021-11-18 05:35:30,52374266,com.apiture.xpressmobile.fcbcawal.sub,1637212807,3,6840260,2025-08-06 07:34:37.066452,play.google.com
D1C3C0732FACDA3FFE375E3571BA821AA6D091DF70E678800BD74CBCFD36677F,1981-01-01 01:01:02,475597,net.rockdev.staffcounter,20,9,511156,2025-02-20 09:17:33.906944,play.google.com
D1E67EEB24274A36FB622ECBA205D692AE6B463514542523AE00511ED2E528AC,1981-01-01 01:01:02,19264848,com.aishwa.mbappewallpaper,8,3,8534644,2026-02-02 21:29:16.482502,play.google.com
D1E9C41DD9F4F6E8CD8CC1325D17FF72690F9F806B98DD361A816405AF3BC0B5,1981-01-01 01:01:02,9278378,com.turbosoftsolutions.avncpro,11,3,9079476,2025-06-06 02:14:39.991849,play.google.com
D25609767B812C225AB0CD41B04D4C48EA56E858E797C90B58DD876556D57D4F,1981-01-01 01:01:02,9402099,com.smart.physics.app,6,3,7775916,2026-04-21 01:08:39.996482,play.google.com
D26936648207DA85E8CF3C86E8C391EF32646DAAEC6412CBA58AC57A18E8109A,1981-01-01 01:01:02,9538480,uk.blueapps.john.macarthur.sermons,1331,3,8563696,2025-12-26 14:03:59.337752,play.google.com
D2A0BD74805A28D421BCB0E3077218245923739986BC0D389D5BE535937B49EC,1981-01-01 01:01:02,12559868,com.edutimentpro.rapidjapanese,2,3,2728112,2025-10-18 10:42:53.638232,play.google.com
D2A77192F0F3133DCD8C2D3D3E38879B93942467D0EDFFF237170DC00CE19BE1,1981-01-01 01:01:02,9961186,com.smedia.klimaset,16,4,8951072,2025-08-16 15:46:02.661531,play.google.com
D2AEC969B04FF1E33E4741B74458E41573C707BC377ED9C8787D31C366CCD1E0,1981-01-01 01:01:02,7998830,com.eprojects.myanmarfairytales,27,3,6670676,2025-09-07 10:28:33.163113,play.google.com
D2D31BD6FBC522763340E10486478A4D4A521B127D9FEBB66134919D2709A681,1981-01-01 01:01:02,6231580,com.ieatpear9,3,3,4409700,2026-05-11 14:35:35.066885,play.google.com
D2F22E84AA1ABEF0085D925115C4B86CCEE0F3D42C3AF7B284A95DB8C3439F70,1981-01-01 01:01:02,4847141,ni.com.bDFBanking.icBanking.androidUI,30,4,1357164,2025-12-30 12:03:16.216986,play.google.com
D30E9AB86BCFCAFF340A286A6EF5538A6ADF8DFE0A63AC8C07E05BBA4218E93B,1981-01-01 01:01:02,103915094,com.andromo.dev391844.app378024,1018,3,7966636,2025-10-17 04:18:33.714682,play.google.com
D313A2A418A01D1BF87B30311709AE3656D1B974A6A8A7AC15FF64ED30619890,1981-01-01 01:01:02,7334511,com.creditguru.helpcredit,5,3,7571520,2025-10-03 11:02:02.904808,play.google.com
D31D63BA162A0FEF9B1A7E95D0C5F7F9188576D4C96EF82C5F49199C2E87D6A5,1981-01-01 01:01:02,144277780,air.com.playtika.slotomania,771140120,3,9379928,2025-08-05 17:14:21.092574,play.google.com
D325EC590078E51A61394C9E9E66E493EA425E37997DF4B9DBCF9E68E8EFB4C1,1980-01-01 00:00:00,23816237,com.sfd.slim,6,3,6159120,2025-03-31 16:13:13.154540,play.google.com
D3285BA3D8DFE1C0BC06109A7CED5B6AE7DA38DFDE04CF44F57F529C4B7C7E1C,2023-11-19 11:20:56,4495631,com.nikparis.celiacshome,13,6,643180,2025-09-07 20:04:37.306547,play.google.com
D3410864CD757897605052381C9ECFD9B21D391C1CDAA8CCACA17283749E3E90,1981-01-01 01:01:02,35788677,com.trkstudio.wordgame,20,8,8079656,2025-08-10 05:37:29.900121,play.google.com
D37C77E4DE382666D07F8504C211078EE4374CFABEE97BB1AF970B9C654039EA,1981-01-01 01:01:02,13175345,com.soufianeelfe15.word.rich,101,3,9343940,2025-09-13 00:42:49.436665,play.google.com
D382B70A526446CBF3C2CEEC2A81D8DF3674FB57D3CB462ED4EB842C5E75714F,1981-01-01 01:01:02,1354671,org.medicmobile.webapp.mobile.vhtapp_uganda,107009901,3,1199132,2026-04-07 21:52:38.881077,play.google.com
D39BA86A87F75D0D6BFE1305CDB96C9DAC6C1A1C23533434299000E8FBE1B4FF,1981-01-01 01:01:02,37975263,com.AngryStickman.AngryStickman,7,3,127776,2025-01-04 13:41:03.922804,play.google.com
D3F36DB670CCAB6892AD4348D720C07575FF8D3DB1388F78EB22363E17F0869A,1981-01-01 01:01:02,9518523,com.thecybernanny.adroapp,604,6,6674012,2025-08-27 15:01:39.318284,play.google.com
D3F5A3D2B9D7500860AEB1607881678D3A7D9609BACB20D7A2801DA1FD22C877,1981-01-01 01:01:02,37041779,com.app.ratebyfresh,21,3,12711588,2025-01-16 02:14:34.876863,play.google.com
D405BFD21B3DC0CC41968313D02ECC8C79538FF89365BAC2C72CA64B905F236F,1981-01-01 01:01:02,119348358,com.andromo.dev391844.app755054,1014,4,7517768,2025-09-28 20:41:09.352263,play.google.com
D45D1FE913FD2EDC8A6738F65F72E494EA97B659992B05A16608289FF45BBCC3,1981-01-01 01:01:02,12600419,com.math.hydraulique.dz.univ,10501,3,6154700,2025-02-02 09:33:47.460118,play.google.com
D4A288AB22C885366164D944D6BA39B25B4312E18BE7F589F85B5477CC3A6DB0,1981-01-01 01:01:02,41393349,com.think.earth,2377,6,10944258,2025-11-08 02:01:26.395210,play.google.com
D4AA9CB55F5403A6A1ECB3B8DC11940F30ECFC2F11A44438C782BA733FE81DD7,1981-01-01 01:01:02,6537672,nl.eo.blauwbloed,300004,3,3234232,2025-07-06 21:48:18.133326,play.google.com
D4CB5B53372489F3A947B35CDB01C6D720FB4EC1F99EA20707DFAEDB5D4E8B65,1981-01-01 01:01:02,13242342,com.word.drop,7,3,5465612,2025-10-11 08:28:44.249516,play.google.com
D4E98DF4AA518B1C3E07788A94B5B27034045314999D874BC2DE9AAB1E458529,1981-01-01 01:01:02,130069110,com.andromo.dev391844.app567447,1014,4,7517768,2025-09-29 03:09:17.685311,play.google.com
D55777F0A293C1D4A3345FC803D988467DAA6A2F835B06DE4F6B98D09A4D0A7B,1981-01-01 01:01:02,50565086,boxnmove.mover.driver,151,4,8879412,2025-09-18 17:07:42.696032,play.google.com
D57A6896B503DC82D24E06B0F771CA63C76CF025F004B383D24D29B54015539B,1981-01-01 01:01:02,53823699,sms.sender.aladdinapps,3,6,1122524,2026-03-22 15:05:26.219667,play.google.com
D5A890031A576E0C66D99A2982126D676D39C391AFF105A2330AF7FE2FA2718C,1981-01-01 01:01:02,13058424,com.sasa.pathiraja,23,3,10050188,2025-10-20 02:07:07.582947,play.google.com
D5C09CA38F814FA2951643C89DDC3552CD502A206241E6F3DBF12A569DBDCEF8,2019-06-17 15:26:30,15474092,com.ozone.smartlock,8,19,4953612,2025-09-19 12:59:52.408338,play.google.com
D5F58C739911C6D9FCFE777A07D098F6CEBD1EBAFC13A606310188CAD9DC08B9,1981-01-01 01:01:02,5772058,com.macro.shack,2,3,5466484,2025-12-15 20:51:36.786634,play.google.com
D65EFC7B1C3DCD946D43A00C91132C866B5E7AD7E898787A8A9A5C841AEAE9CF,1981-01-01 01:01:02,10791204,com.belive.player,13,6,6679884,2025-03-06 10:06:02.453429,play.google.com
D6AD165ED9116C081D5147202C90258FA09C2EBC058BAC65AAF14B9C71F535D5,1981-01-01 01:01:02,45175369,com.read.goodnovel,3601270,3,10291952,2025-05-16 22:25:44.698414,play.google.com
D6CA5221A438127DE300D24D6744A084DDC654A444B3C0D978BB6CDA1DEA5219,1981-01-01 01:01:02,18484944,com.hey.stranger,5,4,7591167,2025-09-18 22:30:31.116338,play.google.com
D6D9FCD85EB6B265BD316246F2AD3B30ACEC5913674669C4D19E48504F3D9EA8,2020-03-25 12:47:04,8464571,com.shopping.uss,1,3,9905624,2026-03-11 14:29:01.016208,play.google.com
D6EF53CE15F18A4440616C1CD7E89143ED0E61A2D02C9AD59272917B731C2BFB,1981-01-01 01:01:02,167844717,com.andromo.dev391844.app756861,1004,12,6912948,2026-04-09 19:57:06.669678,play.google.com
D71330045EA62C3FCBADC67851D580BD03905C7D75E6E62ACAE9D1FA5C7A3782,1981-01-01 01:01:02,47372175,com.slbazer.craftsman5,972000077,3,126560,2026-01-03 03:22:17.803490,play.google.com
D71E0E6768270D5C0F1D8E1753CED29F924135A2FA688987ED68CE88912C06AA,1981-01-01 01:01:02,16516363,boxnmove.mover.driver,58,7,9300608,2025-08-15 00:47:15.065230,play.google.com
D73412DAF0C1DAC6648E1FC17151F4B065A6186A23C5884C2336D68CEAF5058E,1981-01-01 01:01:02,13698566,com.youmusic.magic,2000,6,11045892,2025-08-14 23:06:52.141105,play.google.com
D7409F5ED11742D72B1323DD078E6B7DD95EE9AD4C62FD316A93B647C4F8AD06,1981-01-01 01:01:02,34714073,com.app.android.qw.readink,10013313,5,34704,2025-06-11 10:25:56.160384,play.google.com
D7684A25E529C293E4199197E17C0CA02A7D1ABB9E261A9B51FB9AABAF150AFE,1981-01-01 01:01:02,31328668,com.inxitv.inxiplayer,123,3,7889748,2025-03-16 14:05:27.207912,play.google.com
D77D36C36F61114A3350411A7C0FC31C2FFCDBA8677B8CDDBAE1E2D02799A996,1981-01-01 01:01:02,13039471,com.jg.leafnjoy,19,3,9551664,2025-09-11 19:26:52.604482,play.google.com
D7A5EE31444A99EFF8A3C0C8FBFD26511F932037E3E3B8463D06FF08F3CAE8CD,1981-01-01 01:01:02,57509037,com.bambulab.cyberbrick,345,4,8952766,2025-09-17 23:43:01.916340,play.google.com
D7D7B386AA815626571CED7A639164A7C5AF3336F2A6A362C5367953328AC1B7,1981-01-01 01:01:02,135763608,com.andromo.dev531271.app489228,1027,12,8649932,2025-10-21 23:51:02.910632,play.google.com
D7D9C3E86D95464CF003E3D613770B95EA692ECACFDC8258B2E5E2D398A21A02,1981-01-01 01:01:02,34818202,com.app.android.qw.readink,10013316,4,34704,2025-07-09 17:27:53.771301,play.google.com
D7D9FE118BBED1151ED850A87BDBF4A349B3FE422899C3C34A7ACAA960D388C4,1981-01-01 01:01:02,41078970,com.think.earth,2379,5,10487500,2026-01-12 08:11:04.705611,play.google.com
D8077D6D3D7BF5E349EDF63157BC03DD0CECEB15EE72550621828C2A4F359815,1981-01-01 01:01:02,10617131,digitalclock.analogclockwallpaper.smartclock.clocklivewallpaper,5,3,2588360,2025-07-28 17:56:59.376328,play.google.com
D81341753BA79651324E89A63C449D7BC9058EBEA08BDC7C576F562856951E00,1981-01-01 01:01:02,141297408,com.andromo.dev391844.app581040,1019,4,7966636,2025-10-18 22:55:55.836285,play.google.com
D814ED2B64813181CEB11CDAB65532BE7AF97EC156CAAAB65E0CA937FCF0A317,1981-01-01 01:01:02,47815368,com.ikeyboard.theme.thunder.neon.wolf,242,5,9200752,2025-06-06 22:18:25.657326,play.google.com
D81610FB9AA28A3E4CF620CABD6D5B52C0E357CFCC6F51D1351B5AD3059AD801,1981-01-01 01:01:02,73382182,io.cheelee.app,143,6,10609719,2025-09-20 10:46:59.298221,play.google.com
D84EABAF834B45C18679490C4EF10C4BDFEF500609DF8DB8757DB0E621237A35,1981-01-01 01:01:02,11946826,com.kt.brilliantmanager,245,3,6351160,2025-09-25 14:12:08.078728,play.google.com
D862057378B0F017414D5DED4B13423986F65B59EE63612C65A13B368CE056F4,1981-01-01 01:01:02,56466639,com.perception.soc.en,17160,6,3572496,2025-09-18 06:34:04.052331,play.google.com
D86412F994B76F8AC8BEF2F2EBDAD093D474B0E155F67E4A686CAE348AE95C7E,1981-01-01 01:01:02,24484319,com.ar.canalzoom,1,4,8275144,2025-08-16 12:33:27.962517,play.google.com
D89123DA10B57187265E887E9F57E6F99A152D2A8A1F13B96D00DD889598CBAB,1981-01-01 01:01:02,56186135,com.andromo.dev391844.app403355,1011,3,6415576,2025-08-07 06:46:19.295980,play.google.com
D89690678058933AD5FF194EB4423C8571E5E2DB89D34FF0D99CFE566DAF133C,1981-01-01 01:01:02,19662122,com.valueappz.amarfastfoodandrestaurant,6,3,8408356,2026-03-22 21:33:48.524055,play.google.com
D8B8AB23998FD28D17B134EEDD82D06CEB1EC17B583151235CD4668E56E68E8D,1981-01-01 01:01:02,11099070,com.routethis.networkanalyzer,126003021,3,8091780,2025-07-08 21:43:07.729408,play.google.com
D8D70793F7A702617FA80A4E15DEA23A8C12D12EDD9B67C413A9EE1718A9C871,1981-01-01 01:01:02,39015879,com.edupam.user.imtl,88,5,7355792,2025-09-26 19:31:49.351623,play.google.com
D8E97E414701BF124E60AB61448158BAC88C4C55949C633F8B1CCDF462DD66DD,1981-01-01 01:01:02,11369289,com.otto.player,16,3,5705684,2025-09-23 18:32:07.474337,play.google.com
D8F5259277F10D125DE4A150ACD5E19E1B8EE20EE1B3FEADE1B019CB3CDDADAC,1981-01-01 01:01:02,13775998,com.samiksha.wordtutorial,7,3,4821456,2025-09-18 12:21:32.989228,play.google.com
D9354593CEBF700997AB478EF424726C1A2787C0FAB2467FBE735FE305FC8F2C,1981-01-01 01:01:02,91527030,tw.com.taishinbank.ccapp,90324,7,9071812,2026-01-26 12:57:07.754714,play.google.com
D97EB4B34388582601729F0B13FFAED1CAE69E890C0E260DBCF7F1EBBCB8E704,1981-01-01 01:01:02,7157306,com.my.fakh.almohtmaa.sadr313,200,4,247668,2025-08-17 02:17:41.141999,play.google.com
D99F0B09BF64462D97905142C7228BD5359EF630789B5D7D964F7C8C4B6B8684,1981-01-01 01:01:02,14937261,uk.blueapps.gnt.audio.bible,1425,3,8575568,2025-10-19 13:01:18.392299,play.google.com
D9AE808CB47BF15DB25C29D1329558B9F10C8D8F19B6C06BA5BFBF91515A3834,2016-12-30 18:55:54,4098965,com.clipboard.manager,15,10,3736148,2025-09-20 10:05:03.818993,play.google.com
D9E2D40DBFC781423A04E53A8D2EFEE1FB181E265E91AC67FADB3D177E8D9DF3,1980-01-01 00:00:00,22088508,com.sfd.row,11,3,6138680,2025-10-01 18:20:41.904154,play.google.com
DA851FDE47C0B1732A1EE7B7AFB74968CE2F52C62790DF4507EA920895D759D9,2008-02-29 02:33:46,45459810,com.badr.english2021,494,3,928824,2026-02-22 00:04:37.745422,play.google.com
DADC1C538529D3A4DFC7183BF412418671E4C3F74313A9FF8552B15C18810F40,1981-01-01 01:01:02,29249956,com.shortvideo.playlet,33024,3,8355304,2025-05-19 22:54:53.187197,play.google.com
DB01300BFC370C2F7A47377196846E43911751053F83E25A32FC920539E9CA5A,1981-01-01 01:01:02,28702973,com.adlahas.craftman6.horrorblock,32,4,8012944,2025-09-17 17:25:50.967626,play.google.com
DB19467E148D419DE027F53516C000B721D7FD8D5ECC08C8BCB5FB4DFA5F0CB4,1981-01-01 01:01:02,1085039,www.projapati.com,2022,41,975108,2025-12-26 16:08:21.098374,play.google.com
DB2C4DD70C394BA184D70350458527968B119A972837823C857D0A471FB9AE1C,1981-01-01 01:01:02,4969327,com.ajthebillionaire.build_a_beat,18,9,7235276,2025-06-15 22:15:47.166549,play.google.com
DB3884D511E92FD2334817764C3EBC3F0FE1ED2E23644A51699E04242A650DBA,1981-01-01 01:01:02,49559383,com.fillcontracts,10526,4,8218728,2026-02-21 15:26:46.141866,play.google.com
DB392F66E26F105652FDED2E1B13715DD870F563638EAB7F059522966DA1369F,1981-01-01 01:01:02,44735126,sismobile.parsisplan.pt,33000218,6,6143484,2026-04-01 09:39:04.742662,play.google.com
DB3E265CB5E8A6DD8332650E34BEAB4FE52F64B55E35A203FD490B1535E945C1,1981-01-01 01:01:02,133050446,com.love.vone,490,3,14108728,2025-08-05 22:09:18.694555,play.google.com
DB3EC160BBB095F1F5DB6F7AEA016945222E2C51A8FF40D4E5AFD214EFDD2D7E,1981-01-01 01:01:02,10980997,com.elsayad.footballfixturesA,5,4,8746728,2026-01-08 02:32:37.223658,play.google.com
DB51A7C81B63947FF8CAC153B86348F003A46E8A0D5305616BC941B2D83E4F92,1981-01-01 01:01:02,6348760,org.teamgps.client,21,6,8455716,2026-05-26 10:55:40.149558,play.google.com
DB53FFA7EE49BB095D53E157F3D6479D1D70EB7482A620356B290864B339E30D,1981-01-01 01:01:02,4265047,my.com.sains.bsmsv3,5,9,4219368,2025-09-11 10:22:37.673366,play.google.com
DB7A23D1E22A4DBE0BE919EB53C7562589F46175B963410B0D2DDF80738A0D61,1981-01-01 01:01:02,78370958,tunnel.entclass.vpn,2000211,16,8870544,2025-09-18 03:40:39.744722,play.google.com
DB920C6137733118E214F45AEEBC244033F8955EBB8E091C72766DA9EF5E2A0F,1981-01-01 01:01:02,11846060,com.maymaylabs.patrix.texture.pack,20,3,8641444,2025-06-02 18:44:56.862312,play.google.com
DC6DF930D945C25C8DEB3E1569611FE0EF8AC0A4EBB8CFCF0D304C665813FB86,1981-01-01 01:01:02,37374972,com.kuaiyin.tick,1015030,4,9828348,2025-05-15 14:58:48.832214,play.google.com
DC85D0B9065A03D80B68EC9D756BD94BE785D5ECE747AA9E05345BAEF74B6958,1981-01-01 01:01:02,18171258,academi.aldlfy.english,8,4,247668,2025-05-02 02:50:46.905229,play.google.com
DC92D2382C2FFBC4B87A7059A5D4C6BEDC0CEAFBD13747CB99F2E74234779D90,1981-01-01 01:01:02,36713738,com.ahaworld.ahaworld,10216,4,9239483,2025-12-20 06:39:11.518549,play.google.com
DC9CC16BBC8A25B0E1A66B89626DBCFFEDF6B398B65D325A299AC733BE76D485,1981-01-01 01:01:02,11445169,com.coopresapps.free.antivirus,99,5,8735464,2025-01-25 12:54:55.667293,play.google.com
DCC61B3EB2E178BBBCBD638D98FFDB74E100A9D3995B02126AF557480D9BA322,1981-01-01 01:01:02,11395697,com.video.zeroshort,18100,4,55536,2025-09-09 07:22:32.243981,play.google.com
DCD570ABB1C75E2CB2F31260FA12642C7C14A865BA545D30B60164A8D2538A8A,1981-01-01 01:01:02,64208698,com.mspy.lite,2024070116,3,9472592,2025-08-09 20:39:34.838428,play.google.com
DCE4D27F25B1156073FC3958E0B700EC3E02FA54E0E71A8933175600236317E9,1981-01-01 01:01:02,89954603,com.andromo.dev391844.app381668,1011,7,7517768,2025-09-19 14:04:56.375324,play.google.com
DCFBCE7C770036231B107BE480663C514E1B4C54FC704FBFF49E8F458B09C102,1981-01-01 01:01:02,42637711,com.privatesmsbox.calc,260401105,3,8079356,2025-09-11 23:02:39.315588,play.google.com
DD06A09EA96FF491C0CD79B6DA2703AAAF648E67F9F4FDFDEDA4D1F534A4F98B,1981-01-01 01:01:02,7946697,com.holonet.ZTChi,2,4,2464308,2025-09-17 10:31:58.138134,play.google.com
DD2F939B99E43DADEF1654A06E8D0CCC95EBFC4AF4BEB424C17B3BE2575A2CF5,1981-01-01 01:01:02,29131796,fancyoptimizer.clean.security.battery.phonemaster,80605,3,9158480,2025-03-07 04:02:00.264456,play.google.com
DD36B3B77F7D2B5B4835DB8C4531FBBE58BEEC99A1F18B3D822834FBD2A030D0,1981-01-01 01:01:02,33515884,org.mcenta.app,342,14,7657516,2025-03-10 21:28:43.227602,play.google.com
DD6B7606A30F177749CCE2A377F8B6D33C67DBAF39BC49F25F42F7131B8BEE57,1981-01-01 01:01:02,9041601,uk.blueapps.esv.bible.player,1446,4,8513704,2026-04-23 12:56:23.992200,play.google.com
DD7A0255DCF23BADADDB3551D79F1348E538B6690AFC824393C3F0EDD3033268,1980-01-01 00:00:00,50369968,com.yabb,5000969,7,8088576,2025-08-05 17:02:39.553702,play.google.com
DDB0AD3BCD87F9AEB715BB1C3E55B015AD6B9879D57CC8BEDF594CEACCAD319C,1981-01-01 01:01:02,57568111,com.shortvideo.playlet,35001,3,8290504,2025-08-06 02:58:29.019174,play.google.com
DDB7AB123F40E42758EFCC0D9A95D38F3BBB6C52CF5EA86670B5C40722793E4D,1981-01-01 01:01:02,13780649,com.wtoolsv2.com,54,3,6131432,2025-09-08 02:22:06.843657,play.google.com
DE0D9356AFCE9120CAC898AE6EF22375AB20AC7B284253A9228F88B5A2A594C5,1981-01-01 01:01:02,41767577,com.tora.vpn.app,9,3,127964,2025-08-11 09:29:18.754019,play.google.com
DE4D3B6F40DEB3298DFD9E549B7E4C3B509D12A000D7F88E9B7FA531F8706BB3,1981-01-01 01:01:02,12658555,com.joozan.kepwam,20,3,9394404,2025-04-13 19:50:33.981320,play.google.com
DE8CD4F4E9226B1D30AF7FF27DC3793DD6B4387F3B300CEDF27D306C6FE58EF7,1981-01-01 01:01:02,39409698,com.app.android.qw.readink,10013333,3,34776,2025-10-24 09:45:09.243570,play.google.com
DE9396A861DA5C64543433E392B59262C15114F70D990106FC4224FEBDDC71BA,2019-06-14 18:53:58,15494562,com.ozone.smartlock,6,16,4942312,2025-09-19 12:59:38.627792,play.google.com
DF1A0864BDCD7E34AB511956B6C37A4F9D3B1D7698E2835AABDC172D62F010B7,1981-01-01 01:01:02,8488291,com.adrenaline.alive.app,9,3,7775916,2025-10-13 11:17:52.765719,play.google.com
DF4DF7B29FFFA56A3F75CEAC7F943551723499F9017A5A7D81F7B3AF29D7AB33,1981-01-01 01:01:02,27346025,com.best.quick.browser,10205000,3,8903424,2025-06-08 11:08:47.879099,play.google.com
DFB8BDE35244CBD83ED536732B364C22DF5DAB348A9E63525C16C3E6B4F2EBCA,1981-01-01 01:01:02,108525506,com.lotusseattlecorp.kplz,50100,3,30442316,2025-10-12 16:41:13.922907,play.google.com
DFF2BB4A0F072F4A3F65BB5FE11158BA577E04C0A17929DEBE79E9565F710700,1981-01-01 01:01:02,55317027,air.com.playtika.slotomania,771272620,3,9474888,2025-08-05 17:17:54.494923,play.google.com
DFF692C4AB7771E9839E6EA035621BFE5BF153EBAB777D36E053D034CAC588FD,1981-01-01 01:01:02,7535715,com.video.zeroshort,15207,4,55516,2025-08-10 12:11:39.258291,play.google.com
DFF76F11DE7B343E2AE4A2A5BCF26FC7E6ACD84D7765ED02AFDEE818060A32BE,1981-01-01 01:01:02,79299179,ng.com.fairmoney.fairmoney,534,3,10822752,2025-08-10 01:18:14.128196,play.google.com
E004211CBCA7A542C28897F0A7C2CFCB1EAA8B8C32EBF55FD58C15BF5800A157,1981-01-01 01:01:02,21566550,cl.coopeuch.pass,16011,7,8381536,2025-02-22 03:04:06.534085,play.google.com
E06EC918922E5001AC13801CB8AFE79F6F092A863CEBF47A8A97E52DA6DAE9EC,1981-01-01 01:01:02,64129047,com.tp.markets.pro.app,510000,3,8843598,2025-08-27 12:39:45.585863,play.google.com
E0C441EB675E14B4162306685E0A959268C98EF0F8CE15AA26C9B38CE4987DF6,1981-01-01 01:01:02,10306860,com.metax.browser,110502318,3,7227776,2025-12-24 07:18:50.802958,play.google.com
E0E0F86F9E0D4BF633AB6E034291E50EDE3ED6D060A4D016377013E902B2EDF3,1981-01-01 01:01:02,134158246,com.andromo.dev531271.app502947,1017,3,8649932,2025-12-22 23:43:53.955246,play.google.com
E160FC46100A25E872430CACAFD1C58F91897CC0D935526816879AB401770F2B,1981-01-01 01:01:02,169583428,com.starlink.crushlive,26,3,9728220,2025-08-16 15:57:08.011609,play.google.com
E16CC7C4DC79F224B6FB2590ABE2F86D3F1FADCF7351D3DD7329C2C968A361B9,1981-01-01 01:01:02,13493831,com.samiksha.tallyprimeoffline,6,3,4873060,2025-08-12 19:16:21.301956,play.google.com
E18E62377E5C81D3622F0FB030BC093457A8CB0341E4C751563446C92E150C76,2023-02-10 12:23:50,46475162,com.lomolsoft.dict.sedict,230209,4,4495848,2025-09-02 16:46:13.526013,play.google.com
E1920DAAAB90B66549452EFBCB949C5B34207D433EB77676BFCFC1EC1E74856B,1981-01-01 01:01:02,6635110,com.sketchgit.cartoonforevertamil,12,3,247668,2025-09-21 07:12:04.435699,play.google.com
E193776E63177578733F35E987C3D511C5FBEDB27E6C3A7726D87E97DB8C34F4,2019-06-14 15:54:40,15523387,com.ozone.smartlock,5,18,5000964,2025-09-19 12:59:22.900071,play.google.com
E1AEA5F3FB05863B40BF3AD377B126671CAB157330C882EC70666E8F8CE3F8DA,1981-01-01 01:01:02,29150330,com.coopresapps.free.antivirus,109,11,8024692,2025-08-15 22:33:05.873366,play.google.com
E1C8BA14A5C574F0A20E833EE630269F51E547C69107C07E1E010CD5E96E825B,1980-01-01 00:00:00,3257245,com.alexanderkondrashov.tutor.pro,19,3,3109616,2025-09-16 15:28:09.848257,play.google.com
E1E7232658A36EFF117BBEF361B6C97B0425DA6D3B31C97CF4F68366C5E6B7CB,1981-01-01 01:01:02,18645416,yinjimart.app,154,3,9181144,2026-03-17 13:45:13.719395,play.google.com
E1F79F2FCE13DF1DD727C2348C0491B96AE990B2B6FF7890A6BB446131528FEE,1981-01-01 01:01:02,8678778,com.priority.organizer,1,4,5466484,2026-04-16 03:02:58.352491,play.google.com
E20707B3508B25E727132628CF872F114011785CB5A12CA00D6AE5597380C42A,1981-01-01 01:01:02,64890312,com.ahaworld.ahaworld,10202,5,9407256,2025-08-17 07:30:11.778319,play.google.com
E23B502DE5C6436C7934B86C947DF6B0175A73878ACA0898E6A6194E3D3CEC54,1981-01-01 01:01:02,116186969,com.andromo.dev391844.app728501,1023,19,7966636,2026-04-29 23:21:56.518357,play.google.com
E254AC64E793649313578F0B35C454BE4225BF4B982E9C1CB801EBB617A6CF3F,1981-01-01 01:01:02,123985494,com.andromo.dev391844.app756846,1014,4,7966636,2025-10-21 23:24:28.499121,play.google.com
E26588AFED774E7D917EF8C429786CA35CC4141B12526662F7F0455A9708B0C8,1981-01-01 01:01:02,9820665,com.vinqim.vinqim,104,3,9262528,2025-02-02 11:53:03.451678,play.google.com
E2A4F2525A4331A2DDFED7CCD86C4DB2905A1799F7A496B5871F42343FB721BA,1981-01-01 01:01:02,10128670,com.painelextreme,4,4,5466484,2025-09-12 08:52:30.592064,play.google.com
E2D142B95F08B1A25C8822B327DE871123D4AF45D890C2EA800A0B6F74ACD088,1981-01-01 01:01:02,40932030,com.it4u.polstim,9,3,1161704,2025-11-12 14:27:14.391194,play.google.com
E2E92B2E8464FB263C47C7BD284123D7B4144248AD741D1BFFA2695338516635,1981-01-01 01:01:02,2320942,com.hoptodesk.app,112,3,3926620,2026-02-02 08:41:20.800232,play.google.com
E2FA8C0981512D4D0282EB258775FA1C52787AC3ED45B8232D574686E393E02E,1981-01-01 01:01:02,3153117,com.rfelectronics.spiritlevelfinity,6,6,3036188,2025-12-24 02:42:04.211396,play.google.com
E3177C5F68A65D4D6A45C118E80769FC89229744394A8D585A9B2149DE2B346E,1981-01-01 01:01:02,48563337,com.fillcontracts,10520,4,8090304,2025-08-07 19:25:05.555767,play.google.com
E382B7C9294448CEE74376C26C8DE4CE19ACE68299436A64E7BF1C6F683F4097,1981-01-01 01:01:02,57194284,com.mockupfor.everything,73,4,8852348,2026-04-24 06:04:58.175187,play.google.com
E3A5F7D9460EB8EA91D0A3CAF1F67040E12EA366218BC977FA6E5322DF76EE1C,1981-01-01 01:01:02,9773274,com.winway.dst,109,3,8576036,2025-08-31 15:44:04.585376,play.google.com
E3AD86B1F2805B1F9A5F5C51AA6026B8443CC0ECFAC172FC69807C103F88F1B8,2022-11-17 10:52:06,53768648,com.ultrapower.roamwifi.changitravel,1211,11,11889256,2025-09-24 16:32:12.245765,play.google.com
E3BB0A868800F5007E5C51C796F362D0F0158B68782BDC52FD18ED1B8140FEF6,1981-01-01 01:01:02,9246263,com.my.shtheraat313.falsafet313.hussen313,200,4,247668,2025-10-19 17:37:04.892866,play.google.com
E4560FAEA68D747A5F16F0B1A818496018E451465CA987D97B77485F137F52DC,1981-01-01 01:01:02,24665596,com.zetasafe.mobile,300415,3,5216272,2026-02-19 02:22:55.755748,play.google.com
E4646446E320C31D78D4D85C994206F7873AC9F8885F13744F6204800084F640,1981-01-01 01:01:02,79565712,com.vrentertain.vrfishing,25,4,180576,2026-01-26 18:33:27.762947,play.google.com
E479F7D212412A5539C9A6CF12A593861194ED9DA279B605A8E239BBF4EA28C6,1981-01-01 01:01:02,320399,com.xlab.files,4,3,247668,2025-10-03 18:09:25.503243,play.google.com
E496C64A54607C76DC9580523754774D22F5F43B73F00FBAF8B648075BAEE4ED,1981-01-01 01:01:02,16703022,com.flyhigh.codingdecoding,20005,3,5748024,2025-06-23 01:23:26.574372,play.google.com
E497F5740FE45F85705080DDBD4D97C3B0EB00692C522CBCCF9F6FB61EC97558,1981-01-01 01:01:02,74796163,com.craftsman.furniture,952333338,4,8730876,2025-07-14 19:55:14.751508,play.google.com
E4A96F524E62AA9233097BFB93D7AD2DB085681EA091564171857F1312BBC9CA,1981-01-01 01:01:02,5762817,com.maxhom.stebanew,22,4,5907792,2025-03-10 15:00:49.945214,play.google.com
E4BE2AD6660BC934D8541DAFD34DCC87B3F32C5E6922E7B9637C833EF9843C8C,1981-01-01 01:01:02,110192578,itm.ma636.kcjj,50100,3,30442316,2025-10-06 03:54:40.650865,play.google.com
E4C080DEC68472DCE9BD5D334F68E82E1E0DB5EA18C48AA20E56D6294DAE2AAF,1981-01-01 01:01:02,72622293,com.mrsyx.clearboost,3,3,9796690,2025-07-20 06:32:37.252174,play.google.com
E4C0CF6284D8DEA901830718468ECB5D9E2B39A08D79275D9F0BAE9463E2CD8B,1981-01-01 01:01:02,9404353,com.appcristianas.textos.biblicos.imagenes.citas.biblia,20,3,7091232,2025-10-11 18:23:55.804399,play.google.com
E51B5A38ADF08A37B88028A5D524F791EFC0502A02F6F7A4D236B42B03F53EA1,1981-01-01 01:01:02,10798316,com.alfanetwork.cloudmineapp,178,4,247668,2026-01-12 12:23:10.112756,play.google.com
E5398B78936EE0DDD537100E8ED1CCA13825BFD824A0B25CF437C74AAA7659C6,1981-01-01 01:01:02,107656839,com.duaqunut.alqunootoffline,1020,3,8576068,2025-10-05 00:41:45.166508,play.google.com
E5C0100E5AB5405567650C44D93E68EDEC49D3BD53B2F0CE196E3674D41A1F4F,1981-01-01 01:01:02,64586015,com.gprosper.haitiancreolebible,146,3,30348768,2026-04-04 10:01:29.163093,play.google.com
E5FDA850A622376A23D69CA5B3EC0AC0287D0389C6BE3944D101D7674AE6D732,1981-01-01 01:01:02,50763183,com.tfy.cila,44,4,9086228,2025-08-27 00:19:14.034328,play.google.com
E60AC4B9FD70FD1A4832F2F64820CE6371FF1B27AE9605606275BE154F932B78,1981-01-01 01:01:02,15628453,multipleaccounts.parallelspace.cloneapp.appclonerstudio,203010,3,8952992,2025-09-07 05:01:16.984728,play.google.com
E6137993F4A7AC786077455E4BCB3CE6C3725C75955A73E99FC2C554DEDD1C25,1981-01-01 01:01:02,5399879,com.lightok,6,3,4553608,2025-03-19 19:14:51.386503,play.google.com
E69F69346124E4165ADC3DACF979CB9A8E2A2A57A6F8D9C8E9FB782ADF9DD595,1981-01-01 01:01:02,97839281,tw.com.taishinbank.ccapp,90344,7,8347668,2026-05-26 21:21:00.359648,play.google.com
E6AC464E96337EA80103DB0D2AD0C9F8FD149620A5029FB7B2784A86CCDC2A37,1981-01-01 01:01:02,1715051,com.kitabterjemahan.ifajrus,10,6,1694852,2026-05-30 13:31:04.535345,play.google.com
E6CE08490B479D2254F90BD4719866222F73955092207A81F53AA166C841B1FD,1981-01-01 01:01:02,4973349,com.ajthebillionaire.build_a_beat,19,7,7235276,2025-08-13 04:29:29.812265,play.google.com
E6D57742F0414AA7E4724C3400FFE053DECB0B51D384485A789657AAE79A71E7,1981-01-01 01:01:02,25232223,co.za.vodacom.android.app.mymuze,400000029,3,9780628,2026-04-15 12:39:04.699349,play.google.com
E6F7DAEBA04AB11AF1D6183BFB9BEA47AC417109C2FC65FFDB24375E1C0E240A,1981-01-01 01:01:02,28064196,air.com.playtika.slotomania,771230520,3,9410372,2025-08-05 17:16:53.022335,play.google.com
E6FDE8D1BFDE1E6C0821E2ED0D288899715805A3B9C5B69DA9ED573706A28D83,1981-01-01 01:01:02,116003678,com.hadjandomra,10,3,247668,2025-05-13 10:08:30.258721,play.google.com
E70C253465BB179EB2A104C94966AE22BD67984493B3A0CA40F4453AD8523C17,1981-01-01 01:01:02,27158546,com.best.quick.browser,10202008,3,8908392,2025-05-04 08:18:01.839140,play.google.com
E7246F40F9AFA2BC706CEC5119FB1CAD124FA7B29A2C7F7964A53806F4E5B2C7,1981-01-01 01:01:02,11417145,com.my.woman.alsadr313,200,3,247668,2025-08-04 15:23:31.907970,play.google.com
E76D44F5ECA418A0292ABC1C651B0BBA91365BC090C2F433CC60226F75D50999,1981-01-01 01:01:02,10134725,com.clearcover.app,278,3,8930504,2025-09-15 22:25:31.444598,play.google.com
E7709F2598118C925BA5EF797C1EA93AF6FF42550DF3546E091056717C514378,1981-01-01 01:01:02,22007869,com.appsw93.gold.lockscreen.zipper,5,3,9325616,2025-09-08 11:42:34.215404,play.google.com
E7785D50D21DFC20778AB45925AC2C90C855D0CDA557FDE86BC5938F17B8F412,1981-01-01 01:01:02,20282942,com.epitglobal.pompom,10012,9,9419612,2025-02-25 01:00:11.400162,play.google.com
E7BDAF84D029D3DC20222EF095F039D7D5469D42C2D4D0A0EF9413AA4ABBA405,1981-01-01 01:01:02,57384475,com.shortvideo.playlet,34009,4,8290504,2025-07-10 18:58:53.652711,play.google.com
E7DE6B9C161DA4FA018B8951D4D96218FBA1CB34A8B45F4A67970476B557A12C,1981-01-01 01:01:02,11929465,co.tapcart.app.id_0DQAYDmIil,142,3,8523756,2025-02-07 22:21:13.468715,play.google.com
E80A6A5A5E18D529FA0456F1D81DFE9361A5B0531F71331A5557E76374FBC439,1981-01-01 01:01:02,129940486,com.geishatokyo.snowballio,16404,6,8184560,2025-07-11 19:54:00.997054,play.google.com
E813743C1F6A2EE41883A4E8FAE7AC2FFDDDF60FF185774B3432B99DD40BF940,1981-01-01 01:01:02,34158499,com.othe.oMassage,415,3,2945456,2025-09-18 10:46:55.857011,play.google.com
E814877B8C324D79BC439EB24DEFDA94FD08B289FCA53E9C1BE82EEA74D43A7F,1981-01-01 01:01:02,11121350,tv.familynk,3748,7,7628000,2026-04-27 06:04:12.783527,play.google.com
E862618DD89B8289FCBF80EA4880324680B03778C69F54F306A1862A7E877EF7,1981-01-01 01:01:02,42623789,air.com.playtika.slotomania,771370920,3,9745524,2025-07-23 02:05:59.696204,play.google.com
E8638444B45B9B2450D12541B01A061C5BAB39C4209C8C6F9FE8891297562E2E,2025-09-23 12:01:56,58392661,com.mech.robots.war.hw,2000,3,9086572,2025-12-30 08:32:31.130030,play.google.com
E86FC2A75705700B6B7DD1D038DB51BF1047F658CA587B8D96FA16918F654866,1981-01-01 01:01:02,9262493,io.bytebenefit.app,22,16,8884424,2025-11-26 06:23:18.298112,play.google.com
E8863D9EA0F4D58CA71E844DB92613A0F8263FAE99C1DE6552E7BBA3B0A110F4,1981-01-01 01:01:02,24891181,com.localweather.radar.climate,10010602,4,7826176,2025-03-23 02:46:58.788315,play.google.com
E8A51C9FA9516FA36FA369170B742DF527A20D514457B559401BCE489A9E8312,1981-01-01 01:01:02,16220678,com.aplicacion.aplicacionpedro,1,4,13034868,2025-09-21 12:39:05.481393,play.google.com
E8F07E6381B706DE6A97546C0D83D92913F8984FF86A5F4ADFFE47052536210B,1981-01-01 01:01:02,4563772,com.kt.android.PolytechnicUniversity,510,4,4919892,2025-06-09 00:00:19.407227,play.google.com
E92EF6299525714BB5AF4EDC9CE9CC1A0FB8414F7CDA76C030DA22CE8B98F431,1980-01-01 00:00:00,9168334,com.kamusbahasajawaterlengkapdantanpakoneksi.insurancelifeandtrandingforex,10,3,8397908,2025-12-25 16:09:01.685415,play.google.com
E9448B0D5D28EBB0BC78D868DB485CFBBD32B8242E55F77A96C6C0C820050CF2,1981-01-01 01:01:02,56231149,com.perception.soc.en,17158,7,3568928,2025-08-31 16:34:30.498608,play.google.com
E95043556158A4A9A03D48C44D6E022213F96944832F7D85D884ACC5F3B70C51,1981-01-01 01:01:02,12775292,com.aisleep.sound,2003,3,9186274,2025-09-12 15:45:38.448526,play.google.com
E95B3BAAC047F473F15E9A0AF56B49B8E00E750EF09DA3FEA3529154A2ED7762,1980-01-01 00:00:00,26540684,com.ionicframework.hybridchart3871612,20200,3,2576648,2025-09-16 08:32:47.336390,play.google.com
E96AC57857ADB938CE23307554EB18C5E1C721B1F8FFCC80F1CAD4B882786219,1981-01-01 01:01:02,2227974,net.cubosoft.utilidades_pantalla,4,5,1237184,2025-09-18 05:17:22.871090,play.google.com
E971EA0492FBB4DA03700E34715CDA70F213BE1B48AF32D30A25F1F582AA5620,1981-01-01 01:01:02,197604395,org.coming.securesms,98000,6,9077676,2025-04-24 06:49:07.864238,play.google.com
E9C2BB8AB9463B33EB32E8F734F8AC1A4D151B4967767BA33CE1A4C8E7711075,1981-01-01 01:01:02,2476476,com.anu.developers3k.testmydevice,3,3,1480328,2026-04-13 16:50:23.294224,play.google.com
E9E6B6AF86839DFDD0C6FB0C0FAD24A4791640FBD61507893DD5A156D765CAC9,1981-01-01 01:01:02,14503593,com.live.thememetv,5,5,8993992,2025-03-18 10:06:25.620527,play.google.com
E9F389665C39A94EA657B5EF0CA175BA392CAE442927989CAFE0F9E94B5B8047,1981-01-01 01:01:02,80711617,com.wherecom.wiky4,172,3,8198116,2025-08-07 16:53:38.443464,play.google.com
EA191AC320862A93F8F4DCDBD147C80A09E6E04EE5672161B437F82231A90335,1981-01-01 01:01:02,52584099,com.chipster.crunch,800005,7,12830316,2026-05-26 02:52:36.260055,play.google.com
EA4290C8962A8F9C5E9E3148DEA82E1B090430B94F3A753DEA9E0E1C8B826098,2025-09-04 15:45:36,12912891,idea.online_hokm.two,26,3,9065064,2025-10-07 01:26:03.782043,play.google.com
EA8A32496468A3C9DD150E6A922DE658BD4599C4AE04D5B68478136B1F311C65,2025-10-06 17:58:12,47350848,com.qiushui.android.app.idiom,251006,4,9804568,2025-10-18 05:51:46.439665,play.google.com
EAA36A2F0AE0AD286E716D7D05E1BBB546A0C9289F99032DE8023BC59C78AEB4,1980-01-01 00:00:00,16260394,com.amalannudandalilamaliyahnu.forextradingplatforms,10,3,8306104,2026-04-30 22:53:48.031348,play.google.com
EAC16B59D4C17B0D6F28312718F262157C960106688A9A15239A779D4331A1A5,1981-01-01 01:01:02,8615320,com.my.duroodsharif,18,3,78736,2025-08-13 17:00:59.521387,play.google.com
EB0EDDA653A9948D2A4EDDB500C4E932EDCE99E3491FF533FEEDC1DE03C1B03C,1981-01-01 01:01:02,13577602,com.mbd.learnbodypartshindi,4,3,7786976,2025-10-19 12:32:36.008364,play.google.com
EB1C2641C32C4354489DA36CCB5717954B5B8D582316A21B16C6CB5A2CB6280D,1981-01-01 01:01:02,11952262,com.amertaindahotsuka.sweatgeneration,7703,4,8562648,2026-04-11 02:15:29.394966,play.google.com
EB403733331DFB3F7B80970E48A42997FA0971427F12EC450790C0D7C53EEC14,1981-01-01 01:01:02,29581621,com.pdfview.finder,1100,3,7837272,2025-03-26 09:31:01.728184,play.google.com
EB46D3A158D0D516609962A167BC17BF19D46BE2B9083E953BE99701D576CB42,1981-01-01 01:01:02,10654035,com.ibo.fusionpro,40,3,9568092,2025-07-13 10:07:08.364627,play.google.com
EB8EB2A1BF351D9301FFBD1088AEC0C76BA649BF4D5D7549726D0FF2826E825F,1981-01-01 01:01:02,21469797,com.solara.filerecovery,40,3,9076760,2026-01-12 12:11:46.717503,play.google.com
EBB79470AA657E4C9BA2894EE500B33F27BCB4938917B2B6069FB918C986F22F,1981-01-01 01:01:02,13954872,io.bytebenefit.app,20,7,8311552,2025-10-01 12:35:01.517728,play.google.com
EBC3B8E10988695C2C6D2B8F8B828FDA3A0DC47EFC51E5254BA2A969444BE70B,1981-01-01 01:01:02,27785680,com.file.manager.doc.explorer,1,3,8625208,2026-03-16 00:04:52.198801,play.google.com
EBC69A057B64BE1EA310A5704F6051B382E6F288849D7B3DB32B61BBF0308454,1981-01-01 01:01:02,3674776,com.app.protector.locker.pro,16,3,3250932,2026-05-06 12:16:42.249389,play.google.com
EC22DBC4AAA228075FAD8557340CFBFAD28DAA863FFAD6CC5E96F864ABE3E780,1981-01-01 01:01:02,10532410,com.my.alsserratt313.alkqommeeem313,200,3,247668,2025-08-12 05:43:46.968260,play.google.com
EC3B09A87539328781013EE175223CE6F22551011089647C7A5612E71538C927,1981-01-01 01:01:02,7352400,com.bhai.allt,2,8,5466484,2026-01-06 20:55:02.910749,play.google.com
EC462AFA37B6DFCD30FDF6EEFA6F4C884D43172EAF78A818E438A96C31ACE0D6,1981-01-01 01:01:02,38486217,com.gd.smartplayliz,242,3,8720812,2025-09-24 19:36:33.203378,play.google.com
EC78700DCE0E156808EA6E8636D15EFDFD1EDFC0CB7F8C14D40E23FF9176717E,1981-01-01 01:01:02,38987265,com.edupam.user.ictech01,88,3,7355792,2025-09-26 16:47:33.671482,play.google.com
ECBE0365C2D885221907987A0481A046185DD6BA1304D4292DB539C7A2F9983C,1981-01-01 01:01:02,69931613,com.wgame.codeg,3058280,3,12975912,2025-11-06 00:16:17.130093,play.google.com
ECDFB0C6BF777B2EA6EEA64159F151B9A7D81AAB8455ACE4DA3DF063C27B2670,1981-01-01 01:01:02,11899715,indiemcpedl.httydminecraftaddon,931,4,8580284,2025-07-08 03:28:45.356504,play.google.com
ECE5B1EABBA80E1769DC54DB3CF8A4833C6BEC46C4784115B165B814415CBCE7,1981-01-01 01:01:02,136486353,com.c2t.highwayracer,2,4,9152100,2025-10-10 16:51:56.707515,play.google.com
ED10B72694C6206CAC0347D8B4E8126998AA859DD3BD396BD90317098E09DA76,1981-01-01 01:01:02,31145446,com.growatt.mygro,26,3,9267824,2025-03-19 10:43:34.135227,play.google.com
ED2AECA53CECD5705A04AE80FAD7AC871E7103101F4A0713EE3D77B26EABEC1C,1981-01-01 01:01:02,7521261,com.Space.AWJDLK,1,11,6524212,2025-09-11 14:13:08.469230,play.google.com
ED956F57A13B8937184E3E7FD60FAAF3D0F50CE2CBC8D80B7F634D4C242E0CD6,1981-01-01 01:01:02,5991198,com.adendev.rwaya30,5,4,5466484,2025-10-06 00:03:23.680040,play.google.com
ED9FDC5B1248A94611523BC7CEB4F584C7FF8EF2056880B9B09C612B893EC588,1981-01-01 01:01:02,121795503,com.gtmedia.gtshare,25,3,1371044,2025-09-25 22:59:37.898056,play.google.com
EDB0E35EE92E1F8837ADB51A22CCB8DC6A23F5F43479907A59B92EF6AFBBDEC2,1981-01-01 01:01:02,144710445,com.vipera.nbf,30038,6,8024260,2026-04-16 21:16:18.334312,play.google.com
EDD43073D29B3CAC2FB7B656B03B057E2D89207CB94BBD1E1F29B73FE29FED71,1981-01-01 01:01:02,32725472,com.VortexAppx.LuxuryLogoMaker2023,20,4,4746544,2025-07-09 10:04:37.704786,play.google.com
EDECEA154D52F920406BEBB9F017406A3CDC5855B6631629B86034ABD774243C,1981-01-01 01:01:02,12672544,com.diacoipj.friendship,31,14,8464940,2025-06-30 14:35:24.807387,play.google.com
EDFE91D6F7CCCFF5776D0E41E8613DBA841D0E4003AC53C6F4AEE1AA9BA2F7A7,1981-01-01 01:01:02,87179539,com.andromo.dev391844.app567856,1016,9,7966636,2026-02-16 19:17:34.790275,play.google.com
EDFF479D847441AE21659771C2946DEE6C57D6490641320E9FDB275EFF87F775,1981-01-01 01:01:02,27478857,com.alldocument.focus,1202,9,8081984,2025-03-15 14:03:30.712561,play.google.com
EE4642D8CD27EA94F61A26B1B3C2447481298F2F78C18C83B677B1AC3FDB3EF7,1981-01-01 01:01:02,9892854,com.rs.project.store,62,3,7250492,2026-04-28 02:57:48.086478,play.google.com
EE529D7B7B8A889F96A8A7198D5132B7D11B028F6FD7C6F3F8B7DD6183BE646E,1981-01-01 01:01:02,26120453,in.closecall,30,3,7050520,2025-01-26 00:09:42.327477,play.google.com
EE74B0B4D7961E4270A89C84B2469258C93A14122F816B01FD5A4E39F47CC6FB,1981-01-01 01:01:02,10870098,com.kt.givegita,65,3,7380108,2025-08-27 16:07:15.700153,play.google.com
EE75FC0AB2411EE81683E2C773D273498734A05B2B6E99863DD48E9AAE56C01A,1981-01-01 01:01:02,18200831,la.swipe.mobile,4,5,11010892,2025-03-14 13:45:20.094134,play.google.com
EE8416321F2F139B26D0D49D276C74EA43F0D805123BEE0F16036E6824EC7EDF,1981-01-01 01:01:02,25422779,com.swipepuzzle.swipepuzzleapp.imagepuzzle.animalspuzzle.puzzleapp,1,3,5234276,2025-09-08 14:50:54.113203,play.google.com
EE8E6BBE10B9C080D79D96B2A15D01211A57D586534316787C6FD190800D6CAC,1981-01-01 01:01:02,7296461,messages.mesaje.sms.messageapp.text.messaging.messenger.chat,13,4,7651080,2025-01-24 03:00:34.455507,play.google.com
EE949F8FFE0410AA110D97235CC241F6282692062FB0166491F84D8BCC963161,1981-01-01 01:01:02,10426628,com.ipilinnovation.lakobodra,2,7,6249032,2025-09-09 21:46:56.444679,play.google.com
EE995E9C2ED3CA2EC14BF3CFAD61C2104E3656242B701422F60C56295527AFDE,1981-01-01 01:01:02,14908506,com.my.wsaialrswl11,5,6,5389792,2025-09-18 15:07:00.817005,play.google.com
EEA4E44C9279DBBDA09A5F77870451305BB6625EB231AB4650211AFA7E037AEC,1981-01-01 01:01:02,30431171,com.mrsjamesrunolfsdottir.freidaconvict.thompson.soledad,3,8,13900596,2025-08-29 22:06:42.353377,play.google.com
EEE222BA2FFB30706B3BB9B6341AD61E7587D57C2D655117AE93F5B9F99B65A4,1981-01-01 01:01:02,44747475,net.atntechnology.Nure,9,8,6025618,2025-10-04 08:59:56.582598,play.google.com
EEF2C53D0F6FE705F1E3D974BE62951C1ACACD3F2772B4D6BB271D4BC92FC348,1981-01-01 01:01:02,89660207,ai.photo.repair.enhancer.editor.remini,36,3,11207812,2025-06-21 02:43:34.346701,play.google.com
EF0B2A221FD6A40B626882A911120AF88947A0C5EF8E67AFC71EE710A9334A13,1981-01-01 01:01:02,72607658,io.cheelee.app,140,6,10621010,2025-08-30 20:35:43.479603,play.google.com
EF30C14667F691EBC3B7ADB41D19180F2C75B6E943D2BC09A2D72D013F52E184,1981-01-01 01:01:02,23192495,com.hamro.smarters.smartvcinefullapp,113,4,8285420,2026-05-11 03:39:27.822405,play.google.com
EF3EC7E9CDB5C8462E4821C42E3043A53430E55572D4C95262910D060FC59E16,1981-01-01 01:01:02,7022143,com.gearandroid.phoneleashfree,274,6,8108352,2026-04-12 04:41:54.949147,play.google.com
EF43E42BA4A5B6EF119F170116F07F2559572F6D9FAAB3530A7E3D55B6735C2E,1981-01-01 01:01:02,16038141,com.shahidplay,79,18,115432,2025-09-14 01:17:29.279547,play.google.com
EF6D300B22235784AF457FD9C0AC5C169732848340565285E78F3A7B722EF683,1981-01-01 01:01:02,13658690,com.softek.ofxclmobile.acutxlive,2022112301,3,9032828,2025-09-27 19:42:56.309306,play.google.com
EFE6A7330C3419B37D029586E688791CC3FF9C771E71C06D4099EB6569D01892,1981-01-01 01:01:02,144790100,air.com.playtika.slotomania,771100120,3,9366628,2025-08-05 17:10:15.107779,play.google.com
EFE9A5A3A363A5074EA7254613F170F2240BCCD20E7F542FDFE0DBEAC52616FD,1981-01-01 01:01:02,36746506,com.ahaworld.ahaworld,10218,4,9239483,2026-01-03 01:56:37.544395,play.google.com
F01797898D85DC4486596F6BDCDBC6DBA5DCF49291C1F1C18D17CF8E544AED57,1981-01-01 01:01:02,14189152,com.androidbull.incognitobrowser.lite,671,4,7164080,2025-06-26 16:55:46.729589,play.google.com
F01F3F89A539F866BC1118EFABE99A4E18B97ED4D3478A2BDA1A5943D8220B72,1981-01-01 01:01:02,100096001,com.chlegou.bitbot,81,9,11518748,2025-08-16 10:11:08.961705,play.google.com
F0518142ADE1B1962B81E1189713A6AC15D228F86A41FE5240E57BC8C2F7732F,1981-01-01 01:01:02,9461533,uk.blueapps.audio.bible.devotional,1253,3,8542280,2025-07-15 07:34:34.512884,play.google.com
F08DB2EC4BB0A7A20A4D66BE897FAF25B8BCCB40566717465769C2A49D528E38,1981-01-01 01:01:02,12752150,com.llx1,20201,6,11004332,2025-09-15 11:15:04.049918,play.google.com
F0B0779C10E39FEB527C5ED8FAE800E4F0BD594E54B5AD6EBDD8FD69BA687628,1981-01-01 01:01:02,47737152,sismobile.parsisplan.pt,33000210,6,6095020,2026-02-26 17:01:43.873314,play.google.com
F0C18702DC0F68B84C8F1EB1BAB09786F14540D8946A4D06350AB373D1A0AE43,1981-01-01 01:01:02,39908034,com.ai.dogtranslator.animaltranslator,93,4,8783340,2025-08-07 02:51:33.778374,play.google.com
F0C4DEECCF3C9E6ECB43C73B01B9932CD9F9FABD76ED97F4EF3781EF94D105E8,1981-01-01 01:01:02,85586416,com.andromo.dev391844.app381668,1014,6,7966636,2025-10-20 01:24:32.759232,play.google.com
F0E2EEB18F6913950E29E25FBBC31124C7E277743A685193003A01793E587CF3,1981-01-01 01:01:02,14422843,com.bazytrack.weenak,92,5,8416168,2025-08-27 14:48:08.876822,play.google.com
F0E9C85F1C230DEC70186A3CC5841D9F3D74D8164094E85E9EA3E0BDE8D77795,2023-12-13 23:06:06,10429925,com.bibliaboladeneve.android,20231214,3,8815132,2025-08-17 05:40:25.555536,play.google.com
F1761E57A6C13C17EE0F93A93152B6778CCD4499FE5CED2B9DD7374FE9E0FA05,1981-01-01 01:01:02,12174460,com.apksrebrand.smarters.leontv,4491,3,9014732,2025-08-04 06:12:43.215775,play.google.com
F1A6EA76BDCEC19E7FEB67A5EF3D58D5146AFE957484D2026D048C46879C5511,1981-01-01 01:01:02,7024371,com.gearandroid.phoneleashfree,276,4,8117180,2026-05-12 08:56:26.641154,play.google.com
F1B6484316D5C28DD558C14B2BE9AFD7D929701BAE367CF3968568A8A3B41046,2025-08-20 17:59:52,97720570,air.hk.openknowledge.rainbowone,2008381,10,3853468,2025-08-28 09:47:59.603327,play.google.com
F1C6B64A8399A4EE04B5BE208B617FC23D7AC8C339BBF8ACCA29A93EB247145D,1981-01-01 01:01:02,25297061,com.GoldenFish.rewaytasiaa,8,3,6904924,2025-10-20 03:42:15.999166,play.google.com
F1F8E135C3243ED544DEF43F18E0776ACC8DAC59F95464292AF4C65BA7003356,1981-01-01 01:01:02,143538531,air.com.playtika.slotomania,771070020,3,9366544,2025-08-05 17:06:19.763464,play.google.com
F1FA6E631A38429B6D1FDB4044D131BAE79BC2737CEEB79724B46C84896D810C,1981-01-01 01:01:02,125189718,com.andromo.dev391844.app756849,1014,18,7966636,2026-05-01 02:28:45.979937,play.google.com
F20E6FCDC0F2E045647A9B25A23886BA3A47B1BAA7435DF19687E79133D7D454,1981-01-01 01:01:02,8194498,air.fryer.recipes,16,20,7748204,2025-08-06 02:58:05.984509,play.google.com
F25139AAE592710B2A99891914C7CA6CC3D632EDC2A90E54FABED15C3C2E2D19,1981-01-01 01:01:02,83737504,sismobile.parsisplan.pt,330000223,6,7866092,2026-05-01 23:08:36.670551,play.google.com
F28B2970E258F8E63651985EAAB6059DF969FBB18CBC8FD68B02676585078C2D,1981-01-01 01:01:02,34380880,photorecovery.videorecovery.filerecovery.recoverdeletedphotosvideos.novarecoverypro,32,3,8689808,2025-08-06 10:57:20.295752,play.google.com
F2A901E64A0812D2C4BF54C9796A0617DFD69C5DB2FADDC0AFFF660AAECA241F,2024-09-26 17:27:18,105362464,icelamp.ConverCnToPinyin,44,3,4791888,2025-08-04 01:57:25.480850,play.google.com
F2C939EC50DF7583D54DF37B38478A3EF639F78D35B5F9107FD020B289EA2362,1981-01-01 01:01:02,6796990,videodownloader.instagram.videosaver,10000207,3,9859000,2025-12-19 16:55:01.765946,play.google.com
F2E4888B18D8E9CCDB7752AA826DDD272E20C41E5D9BD584A06BFA6AA8ADCFA2,1981-01-01 01:01:02,15780755,pl.brager.one,228,5,9241308,2026-03-23 19:34:35.545097,play.google.com
F2E4AFF8CC1B5776D48972C20BC9A8AA86319C526A5337E86D57E9AF3A56D561,1981-01-01 01:01:02,4000226,rudratech.watereffectcamera.watercamera,13,3,8281876,2025-09-07 07:22:44.114977,play.google.com
F2F7DAA062DF1D1BCC1DDBEEC22FFEEA424952A6FC9110D82F6747BB60FBF9EA,1981-01-01 01:01:02,56129241,com.perception.soc.en,17157,16,3567116,2025-08-06 23:32:47.873778,play.google.com
F3061758E58A4E45E9481A74E8F55D4D9B1B240FB242C23DE6540B39FE064158,1981-01-01 01:01:02,16217122,com.bbpaf.wixxir,3,3,12992740,2025-09-18 12:13:48.193088,play.google.com
F30FD51DC8C7C312F3B46DA5D96DE3BB2073054A8703683928BA395EE54D800B,1981-01-01 01:01:02,21637814,com.zhengshiyun,107,3,9119068,2025-08-01 00:47:18.015954,play.google.com
F3469DD5F982D3CEA9277F8AFFD6EFFFF2381DF9058022D5399623EB013E96EF,1981-01-01 01:01:02,74808130,com.craftsman.anime,951815379,4,8730876,2025-08-10 05:20:04.603246,play.google.com
F35788F416DBC87E3A34BB94978058842800B1534BB2B5C413F4D21FD518445A,1981-01-01 01:01:02,5601379,com.ajthebillionaire.build_a_beat,29,7,8983544,2026-04-10 06:40:07.857680,play.google.com
F38AA58BB7BEB74EBA3F6E9E7E84F52F2B9ABF8BD2E6D74D66CE6970AD538025,1981-01-01 01:01:02,22409253,com.wlyfw.en,25080116,7,26852,2025-08-27 22:26:43.067588,play.google.com
F3AEB544142844954D78C04AAF44BDE8CA585A04376F0D8A7B7B04FADC4FBC06,1981-01-01 01:01:02,8481558,com.meiersheng.www,125,3,9456448,2025-01-29 03:30:04.072752,play.google.com
F3AEDD43B08C9F733405FB454AD63BFF130F9A922CF587CE0CC98922B8F10D16,1981-01-01 01:01:02,5649888,com.gearandroid.phoneleashfree,272,6,8908384,2026-03-20 14:14:43.969402,play.google.com
F3B44F07D547256AAF591CE4D5A00582136327EB516D13265F793C9CFA36D8A1,1981-01-01 01:01:02,9754261,com.rs.project.store,57,3,7355792,2025-12-16 13:08:44.501769,play.google.com
F3C19632CE4DA141F3FD4F46253A5BD511A28A680FD0B70A34DB6A899C732C7B,1980-01-01 00:00:00,21434627,com.sfd.tempur_au,15,3,6176656,2026-03-04 19:52:23.829035,play.google.com
F3C98817A94BF697FB02FE6850134CF6C248B2BB69F10A6943007D291487BB60,1980-01-01 00:00:00,20769927,com.ore.tempur,16,4,6131060,2026-02-16 08:29:49.453956,play.google.com
F3CADB1F40A92E1B441E9C6EDF244F8CE3DF6862192F1387C4335CECB54057BA,1981-01-01 01:01:02,6530967,com.hashtag.betting2oddsdaily,15,3,5466484,2026-02-07 18:36:09.009177,play.google.com
F41BF8380D9441D823F4C7C241B0C20CF0D5E65B38E6176414FEA70F9D029EE3,1981-01-01 01:01:02,17333687,com.wenasa.stone.android,10100032,20,5984,2025-09-23 11:44:59.252662,play.google.com
F42720B421FCF7CC32B01D1E16156F6B1DA953CC88F9D547D194D98BC6597C48,1981-01-01 01:01:02,8529797,com.kflashlight.app,1,4,5466484,2025-08-28 05:37:45.086291,play.google.com
F4298B17BE6107A4236D4A82B4EF17EB3A04F468D8E94035FD2FAACEAE71E633,1981-01-01 01:01:02,15721807,space.vlasov.calorieburncalc,4,3,8520412,2025-12-25 16:14:55.592234,play.google.com
F44A52455CFA5159BBA610DC464A4F961BCC4933A77FDE911AD716023B14ECC4,1981-01-01 01:01:02,51317045,com.love.vone,419,4,8774740,2025-08-05 21:58:04.392490,play.google.com
F44CC8D68CE88E36D95F1241F8FD82637FCD462E01513348B2DB8503749A190E,1981-01-01 01:01:02,36016948,one.pice.pice_business_loan,96,3,8607864,2025-08-14 06:33:32.250601,play.google.com
F484B225A110BD051A48097E8F678F3CAA531DEECAA275354DFE3877D2E95956,1981-01-01 01:01:02,2382428,com.phonetrackerofficial1,175,7,5119784,2025-03-12 15:04:36.481328,play.google.com
F497101E92866DDA6114EE44D54399AFB88523711E9792664C57081E151334E6,1981-01-01 01:01:02,6374174,app.childsafetytracker,56,8,7737608,2025-07-13 18:16:01.277559,play.google.com
F4C2EE1E23DCE680A01DCEFA0DBE608BAE75ECBA7501AAE828C31595175629C5,1981-01-01 01:01:02,2929261,in.bioenable.rdservice.fp,34,3,3203584,2025-06-23 08:34:45.294152,play.google.com
F4D93CAC2C51CABCBE6EF16CF07CB33918D4AFE81BABCD673CAACDD6600305D3,1981-01-01 01:01:02,42733165,com.silverbat.knightage,185,10,3706648,2025-03-20 10:28:33.943579,play.google.com
F4D99434A50645D42889B9C854E384100E78B028F803F1BFA091BAA5B610DD52,1981-01-01 01:01:02,5863981,com.nmpl.meet,15,4,9040672,2025-09-25 04:58:08.492592,play.google.com
F4FA1350493C64C5B0BAF1F972F21B5839988366234E1E38B7B4901F84E26BDA,1981-01-01 01:01:02,32494620,com.qianfan.aihomework,844,3,6549692,2025-05-25 02:58:31.119889,play.google.com
F4FAC13AC43EC8709CE9282315E6C3CFD523863FA9D071C8241DC672B78B8788,1981-01-01 01:01:02,77069003,com.runake.quran,3,3,7922168,2025-08-29 11:37:41.681679,play.google.com
F51B21590053D81A0C9017C5360AD4F682774D095F6081745E8965EAB1B83FE1,2021-11-18 13:11:16,52890358,com.apiture.xpressmobile.hb3atx.sub,1637240235,3,6936756,2025-09-20 11:40:37.685774,play.google.com
F51E76E9394F10B8F1983A5A9A98EBA451BFDAF10A843409BB8D58AF39D0FD02,1981-01-01 01:01:02,87838323,com.kareemtkb.Jafarcompletetafsiroffline,1018,5,7966636,2025-12-26 09:23:02.749668,play.google.com
F52A89CF0E67A52DC8CED339AA0B083A1310FDCA4B2B231798DF30D877BF7623,1981-01-01 01:01:02,36516563,com.mintq.gocash,6070010,3,7755320,2025-09-17 21:29:19.915297,play.google.com
F530880684493DFB906C0081350421E4E10BE9F7578C5E11F1D4AF0662CFC36B,1981-01-01 01:01:02,14619283,com.starmet.project,58,3,8650377,2025-09-17 08:40:09.209997,play.google.com
F54AAAC788DEB94FCDB5414324018C7475227D775DD2105FE1234E004984603E,1981-01-01 01:01:02,11147405,com.magic.gpsdemo,75,13,7744376,2025-08-01 10:44:07.839461,play.google.com
F5601CF6A3BCD3EEE8F4350AE153CEF2B488AD386779845FB710FF4F7494DD34,1981-01-01 01:01:02,25793773,com.vhrsgdf.phonesweep,10103,5,13172450,2025-09-30 19:11:26.057228,play.google.com
F5BC14FD96E6420615A502825E1ABAA812196EFC40DE2A2317341714131EB315,1981-01-01 01:01:02,73237147,com.jellycrush.pop.puzzle,3,3,8967464,2025-08-09 21:23:26.475878,play.google.com
F5BEB79615149DA261A9C99114E778832F47F247B34E6DB7584249187F3A313A,1981-01-01 01:01:02,29513612,fancyclean.security.battery.phonemaster,80505,3,9137508,2025-03-07 04:47:00.894929,play.google.com
F5C4A4B73899AE916239D4F0E53BBEAA7898AE1A1B4824CB59E646ADF73A988D,1981-01-01 01:01:02,17835331,com.my.nismprep,47,3,261012,2025-08-28 05:08:22.580818,play.google.com
F5DB6E8788F553037DEC4416FB309CB57F883A4982A152414DA6C931914D2D5E,1981-01-01 01:01:02,143374203,air.com.playtika.slotomania,771051720,3,9366544,2025-08-05 17:02:50.905574,play.google.com
F5EE0281AC66F4228180929F5FCE0E0DBE4B1D53AD5F350D8C456B4F4274EDAC,1981-01-01 01:01:02,6127784,com.daily2odds.betting.tips,7,4,5466484,2026-02-07 19:28:06.449749,play.google.com
F61F037885DB099044C9365D4B936062435BC00CB684E7BF297F6F3783E4D7FB,1981-01-01 01:01:02,31260673,com.work.earth,2002,3,10212202,2025-08-07 22:13:29.851440,play.google.com
F62B739FE94CD12ABECA0973C00429BB4650F5CAC35DFEA21E6023397178F086,1981-01-01 01:01:02,41059930,com.bekids.reading,260191721,4,11046656,2026-02-07 19:21:04.159536,play.google.com
F666110508272B9613DF9B4A6682F1429C5F1026A67A294D65D2DB3C95AC5C17,1980-01-01 00:00:00,23223373,com.ore.sfm2,12,3,5392132,2025-01-30 01:53:06.643802,play.google.com
F66BCC4E4B66A326E1BE1568E069D04A377A6BE962F411D508C5924959806A04,1981-01-01 01:01:02,5028580,com.maxhom.cherub,7,3,4123740,2025-08-11 01:34:47.359125,play.google.com
F6866837BE080F4831DC03EA8AA88EE9572541EE8476E94A39510C3D04E65995,1981-01-01 01:01:02,36636831,com.ademayemdev.craftsman.kawaii,2,3,8278260,2025-10-03 20:15:00.620961,play.google.com
F6FCFAEB35C3E30D322206192D8DBAB02DF8E2529AFD7EEAB67C786685C84E83,1981-01-01 01:01:02,133868740,com.andromo.dev391844.app583677,1027,14,8451528,2026-06-01 04:55:13.486760,play.google.com
F749FCC3229BF7A3DACAFA00D999793E5D4B1606AE76F824C09697E2D0D88E28,1981-01-01 01:01:02,19764253,com.app.dumbify,28,3,13737248,2026-03-24 07:41:23.666788,play.google.com
F7591C51B9E05134A012A0F08BBEC8F177AFC13B4E36E38E3287816C54C2D879,1981-01-01 01:01:02,20965680,photorecovery.videorecovery.filerecovery.recoverdeletedphotosvideos.novarecoverypro,51,3,8978400,2025-12-16 23:26:15.636200,play.google.com
F771EB3DF8292DC23A73015A2066F5D918F78B096F07D30653223B571ADAB910,1981-01-01 01:01:02,6740828,com.alfanetwork.cloudmineapp,213,4,247668,2026-04-12 16:10:50.500845,play.google.com
F774ACD50621A3BD30FBF64D5984821F75EF1DC8DB55B62A02C765758E006CB2,1981-01-01 01:01:02,25069975,com.apphome.homeibo,100,4,9626528,2025-12-23 06:02:44.321062,play.google.com
F77CE6DBBA2807B6D689C9F0F8574241473D1F869415EFB7555C01C75A41284E,1981-01-01 01:01:02,105659990,com.andromo.dev391844.app756864,1012,11,7966636,2026-05-26 08:31:47.855417,play.google.com
F7B44C73EB664AFE8706D1EFED9B2E9988388F4E5D85E1AC95EF3B3D9B35E72F,1981-01-01 01:01:02,165053592,com.andromo.dev391844.app756829,1003,6,6912948,2026-04-08 07:27:06.197347,play.google.com
F7D671E063162462281506A0D70A24E07DD30EE118417D1777B80B60BFFD3B26,2021-11-18 06:31:28,52013812,com.apiture.xpressmobile.bwtla.sub,1637216181,3,6906368,2025-09-26 18:57:34.086275,play.google.com
F7DD0B6C32DBF1874BC61587FAE38C394C967935A7F01681EFFFD44DFE48218D,2024-01-26 20:59:22,31235251,com.julyz.idiomcc,17,4,7705560,2025-12-21 23:16:10.193545,play.google.com
F805751C9B7E5578C6E4E647EE5B670D86C3740F880C9073BA99553B95E6C01F,1981-01-01 01:01:02,21571085,com.tirsabril.endangeredorphans,11,3,345756,2025-09-10 07:47:04.896262,play.google.com
F8549E0306F208644E70C37CBF705687C7271AF035E6AE29EE9CA4B16EBBF410,1981-01-01 01:01:02,11077365,com.bluesky.loneworker.client,5,4,9561616,2025-09-06 18:38:06.764623,play.google.com
F8691363000BFB2A5B179B1DFDE14AAF8C9614F371AD046CE2C52D2723C9BBF0,1981-01-01 01:01:02,29617409,com.all.document.reader.my.pdf,19,4,9995988,2025-07-19 19:33:31.077711,play.google.com
F87536A32435D31577A7FF12EBEAC4EFF4D01F7E9EDF8D2C9B55EAE47889D286,2021-10-29 11:53:22,65077062,com.ultrapower.roamwifi.changitravel,1176,3,11366496,2025-09-24 16:31:12.497107,play.google.com
F87846A2D1777212700AB5EBCBB3A160FE70986CF0FFC8C17ADE5366627B629D,1981-01-01 01:01:02,25435971,com.GoldenFish.rewaytbentelmenyawy,6,3,6904924,2025-10-20 02:22:21.834528,play.google.com
F8E7037F667BB274A98DC410B27881C46E91706AA111F2CA76B57F7E1E39B218,1981-01-01 01:01:02,29290875,com.tnh.channel.wrkiwqncuswoqja,10,3,247668,2025-09-11 23:10:46.233715,play.google.com
F8FF23F869431263E6B6845A713B2D4901F190CC20924F6E8A620EE3478C3D11,1981-01-01 01:01:02,16198785,it.lepida.cosie,20,6,7641608,2025-01-27 15:13:38.164169,play.google.com
F912566BD2CAD400BAFA01EE6401165403D9ADE9609FD8F689844E02FD806570,1981-01-01 01:01:02,14603118,com.Indian_currency,26,3,8152220,2025-10-05 13:24:55.925570,play.google.com
F92D1AAD59961E5F927C7754D820011DD72C6B932FAB9C55905345B10421CD42,1981-01-01 01:01:02,13688077,io.bytebenefit.app,19,21,8238820,2025-09-19 17:03:17.514626,play.google.com
F95AB93D7CF81C1D661CD7BCD53A069E6E2526F26D4AB0B4EF92FEB9B1A249B3,1981-01-01 01:01:02,9068137,com.routethis.unwired,126001010,3,7221804,2025-03-26 11:32:43.622622,play.google.com
F96357EBFDDF232092E2E91167E09C9EE9B7FE69B94A7BDED7CF003CC48EAF7C,1981-01-01 01:01:02,10777638,com.ledrunningtext.ledscroller.ledbanner.ledboard,102,5,13119211,2025-09-28 16:52:45.654656,play.google.com
F98F7C60F25A396644D863671978B27B4A7B1BCDA20C54E9E511BAFBD347CD17,1981-01-01 01:01:02,31367907,com.princesstv.princesstviptvbox,102,3,8185732,2025-12-27 00:58:20.649239,play.google.com
F9C72A781085A606D936242DB6DAF46B51FC5A43D2EFD3EB405C3B6EE2375213,1981-01-01 01:01:02,144647544,air.com.playtika.slotomania,771091120,3,9366580,2025-08-05 17:09:31.012705,play.google.com
F9CCB330AD909289E6654069C2EF209A79B930E6E07F075ADA411783A96D940A,1981-01-01 01:01:02,19409657,com.bs.paglapironlineseba,6,4,7619876,2025-08-12 19:03:36.512701,play.google.com
FA07CDF8E6752CC0636AE119207F6A83ABD216D1A07BCCE67F0354A4021A560B,1981-01-01 01:01:02,4294000,ch.suedostschweiz.mobile,76,4,8343312,2025-03-18 17:54:34.120901,play.google.com
FA2AE7AF1A1247E94F9292E8E59446B624D8883C80D5BFA30A98F6DC0229A295,1981-01-01 01:01:02,67665915,com.global.habi,13600000,4,12157288,2026-01-29 15:08:59.862733,play.google.com
FA3D4F60C3640EE0D0F335644B976180F50FF60A990A6DE74A596E46E3E5672F,1981-01-01 01:01:02,18613144,com.app.uengage.spiceslice,3,5,9590268,2025-02-09 12:02:27.628005,play.google.com
FA5C1E43658DD5AD4ADCFC1898A6F2E994321DBDB06AE38705EAC2E2E41DD407,1981-01-01 01:01:02,100908107,com.toga.chat,130693,3,9442028,2025-08-11 04:00:53.279649,play.google.com
FA8FF687536DF81B62123BE5D93AC966EFF2C32FAAE134B02E18124BBD213FC5,1981-01-01 01:01:02,37433687,com.mintq.gocash,60800010,3,7763560,2025-09-17 21:29:38.323010,play.google.com
FA9486DB8FDFFB8F54CFF0BA954AA06312D8B805B5802CB0C0C8A4223257C287,2024-10-15 08:59:00,8777379,b4a.interscale,325,3,10645424,2025-02-19 14:32:03.944939,play.google.com
FA95706E08361668C25DBBBE344FCFE4EC8752BFB7B6BBC3C9398870E0E8A9AD,1981-01-01 01:01:02,38463921,com.IQ.InjectOr.id,46,6,643180,2025-10-07 15:59:01.000207,play.google.com
FAA0815CB4AA61AC1D97A689CD6B0DB282360BF65744A8F00565BDCEDE9BA917,1981-01-01 01:01:02,17375101,com.wenasa.stone.android,10100034,21,5984,2025-10-09 14:52:52.508341,play.google.com
FAC844E5763EBBEBD844F1DD77C08E35E55D246AF9FDB4C5713A1958E1F4C154,1981-01-01 01:01:02,8253407,com.adviure.gasaccumulation,2,4,6483420,2025-09-11 14:39:03.596598,play.google.com
FAE185BEC2E521BE8D0CA4FEBC8C81D5FA4A6FF5DB03D9F14C47047A31CDC38F,1981-01-01 01:01:02,18577490,com.andromo.dev391844.app576733,1014,7,7517768,2025-09-18 15:35:45.883675,play.google.com
FAFE285F25CF1E0641B931D181814BA7C214A02EF46B734995FE0721F3B360F4,1981-01-01 01:01:02,26438456,com.andromo.dev531271.app492778,1019,3,6415576,2025-07-31 15:20:25.992613,play.google.com
FB5ABC5D9D9C1F5E37501FF9023A9F8EA769530927543360AF8F9BF41AE8CF00,1981-01-01 01:01:02,23937437,com.speech.voice,2002,5,9866751,2025-10-05 03:44:19.516021,play.google.com
FB73607E1DBF27918209D71079BBD1473AD366201D29EF99D11014E27B7E184F,1981-01-01 01:01:02,15490011,com.forebets.today,22,3,7490340,2025-08-28 12:24:45.144116,play.google.com
FB746147E86965C55395FE74598D4DCC65C1F87DD23043455700B63C6B07CAE3,1981-01-01 01:01:02,21719706,za.co.sbmkinetics.trailblazer,95,3,9249532,2025-09-02 03:00:19.125539,play.google.com
FB8C1D123E97F1410230DAF410E96AF4B49BF69210140E69FBE7DC269B6788DD,1981-01-01 01:01:02,15816658,com.kunalapps.tallyinhindi,30,3,2198156,2025-08-14 00:01:05.550401,play.google.com
FBD6CA68D1C25604FEB4F297A10FA5E6CC34D86BD848748FC1FE6088CF57160F,1981-01-01 01:01:02,144178504,air.com.playtika.slotomania,771132420,3,9366644,2025-08-05 17:12:45.520423,play.google.com
FC1B120030A693688C8D358FEC59A54F3349349C7A9F28B2CDEDD601C217AAC1,1981-01-01 01:01:02,9231977,com.routethis.oecfiber,126001010,3,7221804,2025-03-19 15:36:11.096959,play.google.com
FCB7B3E40D7FFBD063D8475D1F764FE322B5CACA259C8668738C4D56FBC06562,1981-01-01 01:01:02,102925500,com.slbazer.craftsman5,972000073,6,4244260,2025-08-08 00:30:19.074896,play.google.com
FCE305CC659A915F6FD9BD180966645B441BC70954A378DF35C0961C685D7550,1981-01-01 01:01:02,25889500,com.olyfox.wifiqrcodegenrator.QRcodeforwifi,97,3,9065448,2025-07-21 01:54:03.939275,play.google.com
FCE99B1675C48FE67EC0D2F014D4674054230634934F0B85DE98F70E6A9FC175,1981-01-01 01:01:02,34739641,com.tresyd.fyvgers,10,4,9692640,2025-06-17 17:10:20.334270,play.google.com
FD02C1681EAFDBF1F2C83C1CC3FF88D98DF8659ED73DA59AAD0256511888978F,1981-01-01 01:01:02,121663062,com.andromo.dev391844.app756837,1016,6,7966636,2025-12-16 08:26:23.482740,play.google.com
FD367970F7B1FE7280BC41E84449E0AFBBD8C21F6C73210C3E2A613DD722108A,1981-01-01 01:01:02,32442048,pc.power.clean.up,3,3,9744190,2025-03-15 12:21:15.742037,play.google.com
FD51D88B4B33594DE307020C51CE51A3DDD1B123E9DABD96F0ABA488F56EDBD4,1981-01-01 01:01:02,14690507,com.avishtechnologiestextbomber.app.textbomber,32,4,5481660,2025-08-12 14:15:41.546317,play.google.com
FD83924CEBA13A1A13E71B97A6F98D98032E412C76845863963DE834438FDDE8,1981-01-01 01:01:02,16240188,com.smart.paypay,31053,3,9044180,2025-06-11 21:09:00.452129,play.google.com
FD92F3F0A7E1701781E0F8F69664B911296EC1B674C07BC41303E5DA0B24A179,1981-01-01 01:01:02,117792342,com.andromo.dev391844.app383231,1013,4,7966636,2026-01-11 14:20:06.264495,play.google.com
FD95BF91659EC7F17C59A4DCA63BB843D38D82093F6FCDC4230A8E4154E089D2,1981-01-01 01:01:02,22256310,uk.blueapps.joycemeyer.podcastplayer,1539,3,7411060,2025-08-16 08:39:11.089463,play.google.com
FE2E74A44F056437A03054C836C98126ED703E32EA709229AF88CE2609122BCF,1981-01-01 01:01:02,28649725,adlahas.simple_vehicles_addon_mcpe,62,4,8013044,2025-10-04 01:13:13.549935,play.google.com
FE61D52F1AFD22AC306294D01D98100A23F7C1959DB2D1942E2E6285465F6307,1981-01-01 01:01:02,2642628,shakir.kadakkadan.gradientwallpaper,6,3,2862132,2026-04-25 23:51:04.688806,play.google.com
FE82B015BBC849B044D24AA7944EA8FA2D0C51E65C8E23B2739C0A165B0DC090,1980-01-01 00:00:00,9708858,com.kataucapanhappyanniversaryterpopuler.insurancelifeandtrandingforex,10,3,8397908,2025-09-24 21:29:08.880706,play.google.com
FE82DF085C1C418F2F0A16099580379251EC0BAA470B734F75227D07A1E71A3D,1981-01-01 01:01:02,12700050,com.diacoipj.inrel,17,8,8292584,2025-03-14 10:11:53.479676,play.google.com
FEB5EB82C7D0697C0E0C52A223A8C651D56F8D431535E143B448FC7716E814C4,1981-01-01 01:01:02,12270765,com.androidbull.incognito.browser,647,4,7230216,2025-09-15 19:47:39.043153,play.google.com
FF54A0455E2D50EC4D29D61556023AA4D1EAE09D1C904563C88FECDE2B357FCB,1981-01-01 01:01:02,7941332,com.flat.icon.afh.app,3,4,261020,2025-09-10 00:01:28.793054,play.google.com
FF581EB746C5B0E4535120EE778930A5B9E554B700D75FF8B87157485D3FEC6B,1981-01-01 01:01:02,6218570,kr.co.chamsule.smartonepass_project3_theh,14970,3,4234960,2025-10-18 03:17:28.055286,play.google.com
